claim_id,project_id,date,claim_type,event,firm,origin,turkish_partner,sector,province,site,investment_type,amount,currency_or_unit,jobs,capacity,source,evidence_quote_tr,note_en,headline_tr,article_url,article_id
9ab20ec3b10f,HSR-ANKARA-ISTANBUL-PHASE2-CRCC,2005-10-14,other_news_source,tender won,CRCC; CMC,,,,,,,,,,,Hürriyet,"A consortium of China's CRCC and CMC with Turkey's Cengiz and IC İçtaş submitted the winning bid for the second stage of the Ankara–Istanbul high-speed line, with Chinese government credit.",,Fast rail link enters second stage,https://www.hurriyet.com.tr/gundem/fast-rail-link-enters-second-stage-3381694,
11fda2423298,LIFAN-DUZCE-MOTORCYCLE,2007-12-29,other_news_source,plant announced,Lifan,,,,,,,,,,,Haberler.com (İHA),"Lifan is to produce motorcycles in Çilimli, Düzce, in a 24,000 m² facility (10,000 m² covered), with output due to start in April 2008.",,Çin'li Firma Düzce'de Motosiklet Üretecek,https://www.haberler.com/yerel/cin-li-firma-duzce-de-motosiklet-uretecek-haberi/,
e5c041da5de3,CHERY-TURKEY-PLANT,2008-02-20,investment_evidence,exploration,Chery Automobile,Mainland China,Mermerler Otomotiv (distributor),automotive,,,greenfield plant,,,,,Dünya,"İSTANBUL - Chery Otomotiv Türkiye Yönetim Kurulu Başkanı Yüksel Mermer, Chery modellerinin Türkiye'ye sevkıyatlarında zaman içinde artış olacağını, bu nedenle Chery yönetimiyle sürekli görüşme halinde olduklarını belirterek, Chery'den bir üst düzey yetkilinin önümüzdeki günlerde Türkiye'ye inceleme yapmaya geleceğini söyledi. … Chery'nin Türkiye'de üretim planı bulunduğunu hatırlatan Mermer, bu plana Mermerler Grubu'nun da dahil olmak istediğini söyledi.",Chery to send executive to examine production in Turkey; Mermerler wants to join,"Çinli Chery, Türkiye'de üretim için inceleme yapacak",https://www.dunya.com/ekonomi/cinli-chery-turkiye039de-uretim-icin-inceleme-yapacak-haberi-41023,dunya_41023
e1b3ff0ca9d4,HUTCHISON-IZMIR-PORT,2008-02-29,investment_evidence,stalled court,Hutchison Port Holdings,Hong Kong,Global Yatırım Holding; EİB-LİMAŞ,ports,İzmir,Alsancak (İzmir Limanı),privatization concession (49y),1275,USD mn,,,Dünya,TCDD Genel Müdürlüğü'ne ait İzmir Limanı'nın işletme hakkının 49 yıllığına özelleştirilmesi ihalesini 1 milyar 275 milyon dolarla en yüksek teklifi veren Global-Hutchison-Ege İhracatçı Birlikleri Liman Hizmetleri ve Taşımacılık AŞ (LİMAŞ) Ortak Girişim Grubu kazanmıştı.,Council of State veto of İzmir Port privatisation won by Global-Hutchison-EİB,İzmir Limanı'na Danıştay vetosu,https://www.dunya.com/ekonomi/izmir-limani039na-danistay-vetosu-haberi-41924,dunya_41924
c143ea30bf74,CN-MARBLE-QUARRIES,2008-03-12,investment_evidence,operating,unnamed Chinese firms,Mainland China,,mining (natural stone),Bursa; Burdur; Antalya; Muğla,Mustafakemalpaşa; Elmalı; Fethiye,acquisition/operation of quarries,,,,,Dünya,""" Mermer ocaklarını Çinliler alıyor Uluslararası piyasalarda Türk firmalarını rekabette zorlayan Çinli firmaların artık Türkiye'deki mermer ocaklarını da satın almaya başladığını aktaran Erdinç, ""Bursa, Mustafa Kemalpaşa, Burdur, Antalya, Elmalı ve Fethiye'de birçok mermer ocağı Çinliler tarafından işletiliyor"" dedi.",Chinese firms buying and operating marble quarries (EMİB chair),"""Mermer teşvik edilirse Doğu'daki işsizlik azalır""",https://www.dunya.com/ekonomi/quotmermer-tesvik-edilirse-dogu039daki-issizlik-azalirquot-haberi-31944,dunya_31944
d3136529ccbc,ADM-CAPITAL-STFA,2008-03-19,investment_evidence,acquired (reported),"ADM Capital (Asia Debt Management, Hong Kong)",Hong Kong,STFA Yatırım Holding,construction / holding,İstanbul,,minority stake (21%),,,,,Dünya,"ADM, STFA'dan halka arzla çıkacak Fideltus, STFA Yatırım Holding'in yüzde 21'inin Hong Kong menşeli ADM Capital'a satışında danışmanlık hizmeti yaptı. … Fideltus Genel Müdürü Mehmet Sağıroğlu, söz konusu şirketin borçlarının yeniden yapılandırılması ve hızlı büyüme için finansman sağlanması konusunda danışmanlık yaptıklarını belirterek, ""Bankalara 45-50 milyon dolar borcu olan STFA'nın yüzde 21'ini 65 milyon dolara satın alan ADM Capital, borçlu şirketlere yatırım yapan bir kuruluş.",HK fund bought 21% of STFA Yatırım Holding (advisor Fideltus); exact date before 2008,Fideltus-Alman IEG işbirliği ile küçük 'Goldman Sachs' doğacak,https://www.dunya.com/ekonomi/fideltus-alman-ieg-isbirligi-ile-kucuk-039goldman-sachs039-haberi-32455,dunya_32455
f6feca53b9fb,HUTCHISON-IZMIR-PORT,2008-04-16,context_mention,stalled court,Hutchison Port Holdings,Hong Kong,Global Yatırım Holding; EİB,ports,İzmir,İzmir Limanı,privatization concession (49y),1275,USD mn,,,Dünya,""" Davayı Liman-İş açmıştı Özelleştirme İdaresi Başkanlığı'nın 3 Mayıs 2007 tarihinde gerçekleştirdiği ihalede en yüksek teklif olan 1 milyar 275 bin dolarla İzmir Limanı'nı 49 yıllığına işletme hakkını Global-Hutchison-EİB ortak girişim grubu kazanmıştı.",passing reference,"Sıkışıklık zammı adı altında uygulanan fiyat artışı, kullanıcılara 350 milyon dolarlık fatura çıkarttı / İzmir'de beklemek zorunda kalan gemiler başka limanlara kaçıyor",https://www.dunya.com/ekonomi/sikisiklik-zammi-adi-altinda-uygulanan-fiyat-artisi-kullanicilara-350-haberi-36170,dunya_36170
8f979f86df31,HUTCHISON-IZMIR-PORT,2008-04-18,investment_evidence,status update,Hutchison Port Holdings,Hong Kong,Global Yatırım Holding; LİMAŞ,ports,İzmir,İzmir Limanı,privatization concession (49y),,,,,Dünya,Ancak limanın 49 yıllığına işletme hakkını alan Hutchison-Global-LİMAŞ ortak girişim grubuna devredilmesi için Danıştay'ın özelleştirme dosyasını esastan inceleyerek nihai kararını vermesi bekleniyor.,stay of execution lifted; final Council of State ruling awaited,İzmir Limanı'nda 'özel'e yeşil ışık Danıştay'ın nihai kararı bekleniyor,https://www.dunya.com/ekonomi/izmir-limani039nda-039ozel039e-yesil-isik-danistay039in-nihai-haberi-36350,dunya_36350
62843ac71212,FAR-EAST-PARTNER-OZCINARLAR,2008-05-03,general_signal,talks,unnamed Far-Eastern firm (country undisclosed),unknown,Özçınarlar,lubricants,,,JV partner,,,,,Dünya,""" Uzakdoğulu bir firma ile ortaklık kuracağız Madeni yağ konusunda Türkiye'nin en büyük firması olmaları nedeniyle yabancı firmalardan ortaklık teklifi aldıklarını vurgulayan Özçınar, Uzakdoğulu bir firma ile ortaklık konusunda görüşmeye başladıklarını bildirdi. … Uzakdoğulu şirket bu iki özelliğe de sahip.",country not disclosed — may or may not be Chinese,Özçınarlar'dan Türkiye'nin en büyük gres yağı fabrikası,https://www.dunya.com/ekonomi/ozcinarlar039dan-turkiye039nin-en-buyuk-gres-yagi-fabrikasi-haberi-33430,dunya_33430
0184ce70b07b,CN-MINERALS-EXPLORATION-2008,2008-05-08,investment_evidence,exploration,Sinocoal International Engineering Group; unnamed Chinese investors,Mainland China,local partners (unnamed),"mining (coal, chrome, stone)",Manisa; Mersin,Erdemli,partnerships / exploration,,,,,Dünya,"Manisa ve Karadeniz civarında yüksek kalorili kömür çıkartılması konusunda araştırma çalışmalarına destek olan ve ortaklıklar kuran Çinli yatırımcılar, şimdi de zengin krom yataklarına sahip olan Erdemli ile ilgileniyor. … Ege Maden İhracatçıları Birliği Yönetim Kurulu Başkanı Arslan Erdinç, Çin firmalarının Türkiye'de doğaltaş ocakları alıp işletmeye başladığını dile getirirken, Çin'in kömür konusundaki en büyük kuruluşu Sinocoal Internatioanal Engineering Group'un Yönetim Kurulu Başkanı Tian Hui, yatırım için Türkiye'deki araştırmalarını sürdürdüklerini anlattı. … Akdeniz İhracatçı Birlikleri (AKİB) Genel Sekreteri Selami Gedik ise, Erdemli'nin dağlarının krom bakımından oldukça zengin olduğunu kaydederek, ""Şu anda Erdemli dağlarında sürekli Çinliler geziyor ve krom yataklarını görüp yerli firmalarla ortaklık kuruyor.",Chinese investors formed partnerships in coal exploration and stone quarries; chrome interest in Erdemli,Çinliler kömürden sonra krom için de Türkiye'de,https://www.dunya.com/ekonomi/cinliler-komurden-sonra-krom-icin-de-turkiye039de-haberi-33696,dunya_33696
3105fb4c0a5b,CN-GENERAL-INTEREST,2008-05-17,general_signal,exploration,Tianjin Federation of Industry & Commerce (delegation),Mainland China,,multi-sector,İzmir,,,,,,,Dünya,"İZMİR - Çin'in ülkesi dışında gerçekleştireceği yatırımları yönlendirmek için araştırmalarını sürdüren Tianjin Eyaleti Sanayi ve Ticaret Odaları Federasyonu heyeti incelemeler yapmak üzere ikinci kez İzmir'de. … Çin'in en büyük endüstriyel bölgesi olan Tianjin Eyaleti Sanayi ve Ticaret Odaları Federasyonu Başkan Yardımcısı Tian Gang başkanlığındaki Çin heyetinde, kozmetik, ilaç, mobilya, oto yedek parça ve lojistik sektörlerinden büyük firmaların temsilcileri yer alıyor.",delegation scouting investment conditions,Tianjin sanayi heyeti ikinci kez İzmir'de,https://www.dunya.com/ekonomi/tianjin-sanayi-heyeti-ikinci-kez-izmir039de-haberi-34353,dunya_34353
5954bcf537cd,LIFUNG-GAP-TEXTILE,2008-06-25,investment_evidence,plan,Li & Fung,Hong Kong,Arslan Şirketler Grubu,textiles / sourcing,Southeastern Anatolia (GAP),,revival of idle factories (plan); Istanbul regional office,,,100000-150000 (target),,Dünya,"Hong Kong lakaplı, dünyanın en büyük tedarik zinciri Li Fung'un CEO'su William Fung, GAP'taki tekstil şirketlerinin atıl kapasitelerine talip olduğunu açıkladı. … Dünyanın en büyük tedarik şirketi Hong Kong merkezli Li Fung, Türk yatırımcıların bile yatırım için mesafeli durduğu GAP'a gelmeye hazırlanıyor. … Li Fung, Türk ortağı Aslan Şirketler Grubu ile birlikte GAP bölgesinde atıl durumdaki fabrikaları canlandırarak üretime geçirecek, daha sonra ihracata yönlendirecek ve 100-150 bin kişiye istihdam sağlayacak bir proje hazırlayacak. … Asya kökenli bir şirket olarak Li Fung'un Atatürk Havalimanı Serbset Bölgesin'de 500 kişilik ekibiyle hizmet veren istanbul ofisi, aynı zamanda Avrupa'daki ofisleri de yönetiyor. ürdün, Mısır, Tunus, Fas, Romanya, Bulgaristan, BDT ülkelerindeki ofisler istanbul'a rapor ediyor. 1960'da Malatya'da kurulan Arslan Şirketler Grubu, tekstil ağırlıklı ithalat ve ihracat şirketidir.",Li & Fung plans GAP textile project; Istanbul office (500 staff) already runs EMEA region,Mr. Hong Kong gözünü GAP'a dikti,https://www.dunya.com/ekonomi/mr-hong-kong-gozunu-gap039a-dikti-haberi-30835,dunya_30835
3926c1e11d5a,ATLAS-ISKENDERUN-CPI-AVIC-EPC,2008-07-08,other_news_source,EPC contract,CPI Power Engineering,,,,,,,,,,,Industrial Info Resources,"CPI Power Engineering is EPC contractor for Diler Holding's 2×600 MW plant near İskenderun, its first overseas EPC project; CSEPDI signed the engineering contract with it.",,CSEPDI Wins Engineering Contract for 600-Megawatt Power Plant in Turkey,https://www.industrialinfo.com/news/article/csepdi-wins-engineering-contract-for-600-megawatt-power-plant-in-turkey--135178,
f94b1d3722a0,AKKUYU-NPP-TENDER-2008,2008-07-17,investment_evidence,tender spec purchase,China Nuclear Power Components Co.,Mainland China,,energy (nuclear),Mersin,Akkuyu,BOO tender participation,,,,,Dünya,ANKARA - Mersin-Akkuyu'da kurulması planlanan nükleer santrali için Çinli China Nuclear Power Compenents Co. ile Hollandalı Unit Investment N.V de şartname aldı.,bought tender specifications,(12:00)Nükleer santral için Çin ve Hollanda da devrede,https://www.dunya.com/ekonomi/1200nukleer-santral-icin-cin-ve-hollanda-da-devrede-haberi-38680,dunya_38680
8433266da9ed,AKKUYU-NPP-TENDER-2008,2008-07-17,context_mention,tender spec purchase,China Nuclear Power Components Co.,Mainland China,,energy (nuclear),Mersin,Akkuyu,BOO tender participation,,,,,Dünya,ANKARA - Mersin-Akkuyu'da kurulması planlanan nükleer santrali için Çinli China Nuclear  Power Compenents Co. ile Hollandalı Unit Investment N.V de şartname aldı.,duplicate wire of #8,Nükleer santral için Çin ve Hollanda da devrede,https://www.dunya.com/ekonomi/nukleer-santral-icin-cin-ve-hollanda-da-devrede-haberi-49380,dunya_49380
8db23142790d,HUTCHISON-IZMIR-PORT,2008-07-24,context_mention,stalled court,Hutchison Port Holdings,Hong Kong,Global Yatırım Holding; EİB,ports,İzmir,İzmir Limanı,privatization concession (49y),1275,USD mn,,,Dünya,Özelleştirme İdaresi Başkanlığı'nın 3 Mayıs 2007 tarihinde gerçekleştirdiği ihalede İzmir Limanı'nın 49 yıllığına işletme hakkını 1 milyar 275 bin dolarla Global-Hutchison-EİB ortak girişim grubu kazanmıştı.,passing reference,İzmir Limanı'nda 'sıkışıklık' faturası 350 milyon $'a ulaştı,https://www.dunya.com/ekonomi/izmir-limani039nda-039sikisiklik039-faturasi-350-milyon-039a-haberi-39072,dunya_39072
5ef2e0b09857,AKKUYU-NPP-TENDER-2008,2008-09-04,context_mention,tender spec purchase,China Nuclear Power Components Co.,Mainland China,,energy (nuclear),Mersin,Akkuyu,BOO tender participation,,,,,Dünya,Nükleer santral inşaatı için bugüne kadar ihale dosyası alan 12 firma şöyle:-AECL Atomic Energy Of Canada Limited (Kanada)-Itochu Corporation (Japonya)-Vinci Construction Grand Projets (Fransa)-Suez Tractebel (Fransa-Belçika)-Atostroyexport (Rusya)-KEPCO (Güney Kore-Türkiye)-China Nuclear Power Components Co. (Çin)-Unit Investment N.V. (Hollanda)-Hacı Ömer Sabancı Holding (Türkiye)-Alsim-Alarko Sanayi Tesisleri (Türkiye)-Hattat Holding (Türkiye)-RWE (Almanya),list of spec buyers,Nükleerde firma sayısı 12'ye çıktı,https://www.dunya.com/ekonomi/nukleerde-firma-sayisi-12039ye-cikti-haberi-54007,dunya_54007
7217ea828c98,TBEA-TURKEY,2008-09-06,investment_evidence,interest,TBEA,Mainland China,,energy (solar),,,,,,,,Dünya,"URUMÇİ/ANKARA - Devlet Bakanı Kürşad Tüzmen, Çin'deki temasları sırasında, Türkiye'de özellikle güneş enerjisi konusunda yatırım yapmak isteyen, alanında Çin'in en büyük, dünyanın ise 2. büyük firması TBEA yetkilileriyle bir araya geldiklerini belirtti.",TBEA wants to invest in solar in Turkey (minister Tüzmen),”Çinliler güneş enerjisi alanına yatırım yapmak istiyor”,https://www.dunya.com/ekonomi/cinliler-gunes-enerjisi-alanina-yatirim-yapmak-istiyor-haberi-54182,dunya_54182
b4308c72e2e3,CHERY-TURKEY-PLANT,2008-09-15,investment_evidence,decision reported,Chery Automobile,Mainland China,Mermerler Otomotiv,automotive,Sakarya,Karasu,greenfield plant,,,,,Dünya,"ADAPAZARI'NDAN / Hasan COŞKUNsakarya@dunya.comÇin otomobil markası Chery, uzun süren araştırmalarını tamamladı ve Sakarya'da yatırım kararı aldı. … Chery otomobil fabrikası Sakarya'nın Karasu ilçesine kurulacak. … Chery otomobil fabrikası için üç yer tespit eden Chery yetkilileri, Bursa ve Kırklareli bölgesine göre Sakarya'nın yatırım için çok daha avantajlı olduğunu gördü ve fabrikayı Sakarya'nın Karasu ilçesine kurmaya karar verdi.","distributor says Chery decided Karasu site, start 2009",Chery Sakarya'ya geliyor,https://www.dunya.com/gundem/chery-sakarya039ya-geliyor-haberi-54956,dunya_54956
87e09aa69807,AKKUYU-NPP-TENDER-2008,2008-09-24,context_mention,tender spec purchase,China Nuclear Power Components Co.,Mainland China,,energy (nuclear),Mersin,Akkuyu,BOO tender participation,,,,,Dünya,Söz konusu firmalar şöyle:-AECL Atomic Energy Of Canada Limited (Kanada)-Itochu Corporation (Japonya)-Vinci Construction Grand Projets (Fransa)-Suez Tractebel (Fransa-Belçika)-Atostroyexport (Rusya)-KEPCO (Güney Kore-Türkiye)-China Nuclear Power Components Co. (Çin)-Unit Investment N.V. (Hollanda)-Hacı Ömer Sabancı Holding (Türkiye)-Alsim-Alarko Sanayi Tesisleri (Türkiye)-Hattat Holding (Türkiye)-RWE (Almanya)-Ak Enerji (Türkiye).,bid-day spec buyer list,Akkuyu için teklifler bugün açılıyor,https://www.dunya.com/ekonomi/akkuyu-icin-teklifler-bugun-aciliyor-haberi-55997,dunya_55997
c186ad5f1228,AKKUYU-NPP-TENDER-2008,2008-09-24,context_mention,no bid,China Nuclear Power Components Co.,Mainland China,,energy (nuclear),Mersin,Akkuyu,BOO tender participation,,,,,Dünya,"Rus-Türk ortaklığından oluşan Atomstroyexport-Inter Rao-Park Teknik Ortak Girişim Grubunun teklifi nedeniyle ihale sürecinin devam ettiğini vurgulayan Gökkaya, şöyle konuştu:''İhalede 3 zarf bulunuyor, burada ihale komisyonumuz tarafından ilk zarfta bulunan ortaklığın başvuru mektubu, geçici teminat mektubu ve şartnamede belirlenecek diğer bilgi ve belgeler incelenecek. 9 kişilik ihale komisyonumuz bu zarfın eksiksiz olduğu anlaşıldıktan sonra ikinci zarf burada bulunan TAEK temsilcilerine hemen teslim edilecek. … Şartname alan yerli ve yabancı firmalar şöyle:-AECL Atomic Energy Of Canada Limited (Kanada)-Itochu Corporation (Japonya)-Vinci Construction Grand Projets (Fransa)-Suez Tractebel (Fransa-Belçika)-Atomstroyexport-Inter Rao-Park Teknik (Rusya-Türkiye)-KEPCO (Güney Kore-Türkiye)-China Nuclear Power Components Co. (Çin)-Unit Investment N.V. (Hollanda)-Hacı Ömer Sabancı Holding (Türkiye)-Alsim-Alarko Sanayi Tesisleri (Türkiye)-Hattat Holding-Hema (Türkiye)-RWE (Almanya)-Ak Enerji (Türkiye)Sabancı: Takvim, kalite standartlarımıza uygun değilBu arada - Sabancı Holding, Mersin Akkuyu'da yapılması planlanan nükleer santralle ilgili olarak  ihalede teklif vermediklerini hatırlatarak, kararın, nükleer santral ihale süreci için verilen takvimin, holdingin yüksek kalite standartlarına uygun bir teklif oluşturulması için yeterli olmamasından kaynaklandığını kaydetti.",only Atomstroyexport-led group bid; Chinese firm did not bid,Nükleer santrale tek teklif Rus Ortaklık'tan,https://www.dunya.com/ekonomi/nukleer-santrale-tek-teklif-rus-ortaklik039tan-haberi-56069,dunya_56069
070a8ded7c70,CN-GENERAL-INTEREST,2008-10-23,general_signal,exploration,China Chamber of Commerce for Machinery & Electronics (CCCME) delegation,Mainland China,,multi-sector,İzmir,,,,,,,Dünya,"İZMİR - Çin Makine ve Elektronik Sanayi Ticaret İthalat ve İhracat Odası Başkanı Wang Zhanxiong, Çinli firmaların Türkiye'de yatırım yapma isteklerinin bulunduğunu, bu konuda Türk hükümetinden bürokratik yönden kolaylık sağlamasını beklediklerini söyledi. … Zhanxiong, ziyarette yaptığı konuşmada, heyette makine, elektrik, motosiklet, gıda ve tekstil gibi çeşitli sektörlerden temsilcilerin bulunduğunu, bu firmaların Çin'de oldukça etkili firmalar olduğunu, Türkiye'de yatırım yapmaya çok ilgi duyduklarını söyledi.","Chinese firms want to invest, ask for less bureaucracy",Çin yatırım için hükümetten kolaylık bekliyor,https://www.dunya.com/gundem/cin-yatirim-icin-hukumetten-kolaylik-bekliyor-haberi-58405,dunya_58405
11fda2423298,LIFAN-DUZCE-MOTORCYCLE,2009-06-09,other_news_source,operating,Lifan,,,,,,,,,,,Hürriyet,"During a governor's factory tour the Chinese-owned Lifan plant in Kapıcı village, Düzce, was reported to produce one motorcycle every 20 minutes, with about 80% of parts coming from China.",,Düzce'deki yöneticiler fabrikaları gezdi,https://www.hurriyet.com.tr/ekonomi/duzcedeki-yoneticiler-fabrikalari-gezdi-11826973,
9297bdbe587b,DONGFENG-MGY-PLANT,2009-06-22,investment_evidence,initiative,Dongfeng Motor (DFM),Mainland China,MGY Otomotiv,automotive,,,greenfield plant,,,,,Dünya,"Çinli yetkili Çongçing şehrinde Türkiye'den MGY Otomotiv Sanayi A.Ş'nin 30 bayisine hitaben yaptığı konuşmada, Türkiye'nin Avrupa pazarına açılmada kendileri için büyük önem taşıdığını belirterek, Türkiye'de üretim üssü kurmak için girişimleri başlattıklarını ifade etti. … DFM Grubu ile MGY Otomotiv Sanayi A.Ş arasında geçen yılın Mart ayında distribütörlük, Temmuz ayında da yatırım anlaşması imzalanmıştı.",DFM chairman: initiatives started for Turkish production base; investment agreement signed with MGY July 2008,"""Krizi birlikte üreterek aşacağız""",https://www.dunya.com/ekonomi/quotkrizi-birlikte-ureterek-asacagizquot-haberi-81463,dunya_81463
a407487ab148,CN-AUTOMAKER-KONYA-2009,2009-06-28,investment_evidence,announced by official,unnamed Chinese automaker,Mainland China,unnamed Turkish firm,automotive,Konya,,JV car plant,,,,,Dünya,"Zafer Çağlayan, fabrikanın kurulacağı yer hakkında caydırıcı olmayacaklarını belirtirken, yetkililerin fabrikanın Konya'ya kurulması üzerinde çalıştığını söyledi … SHENZHEN - Cumhurbaşkanı Abdullah Gül'ün Çin'e gerçekleştirdiği resmi ziyarete eşlik eden Devlet Bakanı Zafer Çağlayan, Çinli bir otomotiv firmasının Türk firmasıyla ortaklık kurarak, Türkiye'de otomobil fabrikası açacağını bildirdi.","minister Çağlayan: Chinese automaker to open plant with Turkish partner, Konya considered",Otomotivde Çin-Türkiye ortaklığı yolda,https://www.dunya.com/gundem/otomotivde-cin-turkiye-ortakligi-yolda-haberi-82050,dunya_82050
5192777236d6,CALDAG-NICKEL-CNCEC,2009-07-08,other_news_source,finance and offtake agreed,China Tianchen Engineering; JXTC,,,,,,,350,USD mn (debt sought),,,European Nickel PLC press release (via Analist.be),European Nickel moved Çaldağ's offtake to China's JXTC and sought about $350m Chinese debt arranged by China Tianchen Engineering (CNCEC).,Project stalled; never built.,Çaldag Off-take Termination Agreement and Bridging Facility Agreement signed,https://www.analist.be/corporatenieuws/persberichten/1327683-a-aldag-off-take-termination-agreement-and-bridging-facility-agreement-signed,
f487e064a11e,YSS-BRIDGE-CN-STAKE,2009-08-31,investment_evidence,interest,unnamed Chinese firms,Mainland China,,transport infrastructure,İstanbul,3rd Bosphorus bridge,BOT partner/contractor/financier,,,,,Dünya,"Boğaz Köprüsüne talip olduklarını belirterek, ""Boğaz Köprüsünün ihalesine ister yüklenici olarak ister Türk firmasıyla ortak girmek ya da finasman desteği sağlamak istiyorlar"" dedi.","Chinese want to join 3rd bridge tender as contractor, partner or financier",Çinliler 3. köprüye talip,https://www.dunya.com/gundem/cinliler-3-kopruye-talip-haberi-88421,dunya_88421
5ed1cbd4a25a,DONGFENG-MGY-PLANT,2009-09-02,investment_evidence,decision announced,Dongfeng Motor (DFM),Mainland China,MGY Otomotiv,automotive,,,greenfield plant,250,USD mn,1000,"52,000 vehicles/yr",Dünya,"Güney Koreli çelik devi POSCO ile Çin'in üçüncü büyük otomotiv üreticisi Dong Feng Motor Türkiye'de yatırım kararı aldı … ANKARA - Başbakanlık Yatırım Destek ve Tanıtım Ajansı (Başbakanlık Yatırım Ajansı), Güney Koreli çelik devi POSCO ile Çin'in üçüncü büyük otomotiv üreticisi Dong Feng Motor'un (DFM) Türkiye'de yatırım kararı aldığını bildirdi. … Dong Feng Motor 250 milyon dolar yatırımla geliyorAçıklamada, Çin'in üçüncü büyük otomotiv üreticisi Dong Feng Motor'un (DFM) ise 250 milyon dolar değerinde yine sıfırdan bir yatırımla Türkiye'ye geldiği bildirildi. … Yıllık üretiminin, Türkiye'nin toplam araç üretimi olan 1,1 milyon adetin üzerinde, 1,3 milyon araç olarak gerçekleşen şirketin, bu yatırımla Türkiye'ye yılda 52 bin adet üretim planı bulunduğu ve bin kişilik istihdam sağlayacağı belirtilen açıklamada, yatırımın gerçekleştirileceği bölge konusunda fizibilite çalışmalarının sürdüğü, temel atmanın 2010'un ilk çeyreği için hedeflendiği de gelen bilgiler arasında olduğu bildirildi.","Investment Support Agency: DFM investment decision, groundbreaking targeted Q1 2010",Çin'in 3. büyük otomotiv üreticisi DFM Türkiye'de üretime hazırlanıyor,https://www.dunya.com/ekonomi/cin039in-3-buyuk-otomotiv-ureticisi-dfm-turkiye039de-uretime-haberi-88723,dunya_88723
353df9b17aac,CN-AUTO-GENERAL,2009-09-09,general_signal,talks,3 unnamed Chinese automakers,Mainland China,,automotive,,,,,,,,Dünya,"Yabancı yatırımcılar açısından iç pazarın son derece cazip olduğuna dikkati çeken Çağlayan, Çin'den şu anda 3 firmanın Türkiye'de çeşitli görüşme ve bağlantılar yaptıklarını bildirdi. … Çağlayan, Çin otomotiv sektörünün de artık Türkiye'yi kendisine artık gerçek bir üs olarak gördüğünü ifade ederek, ''Bizim şu anda en son getirmiş olduğumuz teşvik sistemi, bugün Çin'in ortaya koymuş olduğu özel bölgelerdeki teşvik sisteminden daha ileri düzeydedir.",minister: 3 Chinese firms in talks,İhracatçılara yeni finansman kaynağı yolda,https://www.dunya.com/ekonomi/ihracatcilara-yeni-finansman-kaynagi-yolda-haberi-89515,dunya_89515
34fd4f303a45,CHERY-TURKEY-PLANT,2009-09-16,investment_evidence,decision reported,Chery Automobile,Mainland China,Mermerler Otomotiv,automotive,,,JV plant (staged financing),500,USD mn,,,Dünya,"Yerel yönetimlerle merkezi yönetimlerin bazı unsurları karayolları, emniyet genel müdürlüğü, trafik işleri, enerji dağıtım firmaları...""Chery ve PeugeotBir gazetecinin ""Dünkü basın toplantısında Çinli Chery firmasının bir Türk ortaklıkla Türkiye'de 500 milyon dolarlık yatırım kararı aldığını söylediğini"" hatırlatması üzerine Ergün, ""Bunlar bir finansman modeliyle, kademeli finansman modeliyle bu sistemi gerçekleştiriyorlar. … Yani 'Mermerler' kendisi yüzde 50 ortak olabilir, başka ortaklar bulabilirler.",minister Ergün on Chery's 500m USD decision with Turkish partner; Mermerler could be 50% partner,"”Temel stratejimiz, Türkiye'yi ileri teknoloji merkezi yapmak”",https://www.dunya.com/dunya/temel-stratejimiz-turkiye039yi-ileri-teknoloji-merkezi-yapmak-haberi-90167,dunya_90167
2a5158f94fc4,CHERY-TURKEY-PLANT,2009-10-11,investment_evidence,plan,Chery Automobile,Mainland China,Mermerler Otomotiv,automotive,,,greenfield plant,550,USD mn,5000-6000,,Dünya,"Chery, Türkiye'de fabrika kuracak. 550 milyon dolarlık fabrikada 5-6 bin kişi çalışacak … ADANA - Çin'in dördüncü büyük otomotiv şirketi Chery, yıl sonunda yatırım yaparak Türkiye'de üretime geçecek. … Dünya genelindeki ekonomik sıkıntılara karşı sürekli yatırımı düşündüklerini dile getiren Piroğlu, şöyle devam etti:""Chery ile yaptığımız sözleşmeye göre burada bir yatırım yaparsa, bunu bizim firmayla gerçekleştirecek. … Yaklaşık 550 milyon dolarlık bir yatırım olacak. … Çin'den gelecek heyetin de bu bölgeleri gezdikten sonra onay vermesiyle Türk makamlarından üretim için izin isteyeceklerini anlatan Piroğlu, bu yılın sonunda temelini atmayı planladıkları fabrikayı 2-2,5 yıl içinde faaliyete geçirebileceklerini vurguladı.","distributor: groundbreaking planned end-2009, site search ongoing","Chery, Türkiye'de fabrika kuracak",https://www.dunya.com/dunya/chery-turkiye039de-fabrika-kuracak-haberi-92632,dunya_92632
e4a970ef5f50,AKKUYU-NPP-TENDER-2008,2009-10-16,context_mention,no bid,China Nuclear Power Components Co.,Mainland China,,energy (nuclear),Mersin,Akkuyu,BOO tender participation,,,,,Dünya,"Taner Yıldız, Türk firmaların dışında dünyanın nükleer santral yapımı konusundaki Kanada, Japonya, Fransa, Belçika, Çin, Hollanda ve Almanya gibi ülkelerin tecrübeli firmalarının ihale için şartname almalarına rağmen ihaleye katılmadıklarının iddiasına, ''Kanun ve ilgili yönetmelik ve yarışma dokümanı çerçevesinde çalışmalar devam etmekte olup, yarışma hususunda henüz nihai karar verilmemiştir'' cevabını verdi.",Chinese and other firms bought specs but did not bid,”Nükleer santral ihalesinde nihai karar verilmedi”,https://www.dunya.com/ekonomi/nukleer-santral-ihalesinde-nihai-karar-verilmedi-haberi-93351,dunya_93351
62391e5f533b,CSR-MNG-ANKARA-RAIL-PLANT,2009-10-28,company_news,contract signed,CSR Zhuzhou Electric Locomotive,Mainland China,İzmir Metropolitan Municipality,rail equipment,İzmir,,metro car supply,,,,,Dünya,"İzmir Büyükşehir Belediyesi ile Çin firması CSR arasında 3 set, 32 vagon alış sözleşmesi imzalandı … İzmir projesi sözleşmesiyle tarih yarattıklarını belirten Fu Jianguo, ""Bu anlaşma hem İzmir hem Türkiye için bir Çinli firmayla demir yolu taşımacılığında yapılan ilk sözleşme, anlaşmadır. … Aynı zamanda CSR için Avrupa pazarına ilk giriştir.",First contract in Turkey: 32 metro cars for İzmir; CSR's entry to the European market,Çin'in CSR çekerleri İzmirliler'i taşıyacak,https://www.dunya.com/ekonomi/cin039in-csr-cekerleri-izmirliler039i-tasiyacak-haberi-94847,dunya_94847
8811ba30045e,TISCO-KOP-KROM,2009-10-28,other_news_source,investment reported,TISCO,,,,,,,300,USD mn (reported),,,China Law & Practice,"State-owned TISCO made an investment of approximately 300m USD in three Turkish mining companies, including 15 chrome mining licences.",Target companies are not named in the freely readable part of the article.,Turkey targetted by state-owned steel producer,https://www.chinalawandpractice.com/2009/10/27/turkey-targetted-by-state-owned-steel-producer,
3af8b61af5b3,CSR-MNG-ANKARA-RAIL-PLANT,2009-11-02,company_news,status,CSR Zhuzhou Electric Locomotive,Mainland China,,rail equipment,İzmir,,metro car supply,350,CNY mn (contract),,,Dünya,"PEKİN - Avrupa pazarı için iddialı olan 350 milyon Yüen (51,2 milyon ABD Doları) tutarındaki Çin yapımı hafif trenler, Nisan 2012'de İzmir'e teslim edilecek.",İzmir light rail trains worth 350m yuan to be delivered in April 2012,"İzmir, Çin yapımı trenleri 2012'de teslim alacak",https://www.dunya.com/ekonomi/izmir-cin-yapimi-trenleri-2012039de-teslim-alacak-haberi-95154,dunya_95154
c778c77fe0b8,HUTCHISON-IZMIR-PORT,2009-12-24,investment_evidence,extension request,Hutchison Port Holdings,Hong Kong,Global Yatırım Holding; EİB-LİMAŞ,ports,İzmir,İzmir Limanı,privatization concession (49y),1275,USD mn,,,Dünya,"İhaleyi kazanan Hutchison-Global-EİB Limaş konsorsiyumu, devir için verilen ek sürenin 30 Nisan'a kadar uzatılması talebinde bulundu … İZMİR - İzmir Limanı özelleştirme ihalesini kazanan Hutchison-Global-EİB Limaş konsorsiyumuna devir için verilen ek süre yarın dolarken, Konsorsiyumun, devir işlemi için 30 Nisan'a kadar ek süre talebinde bulunduğu belirtildi. … Konsorsiyum ortaklarından EİB LİMAŞ Yönetim Kurulu Başkanı Sabri Ünlütürk, AA muhabirine yaptığı açıklamada, 29 ay süren dava sürecinin tamamlanması sonrası devir işlemi için tanınan 90 günlük sürenin yarın tamamlandığını, ancak konsorsiyumun kriz şartlarını göz önünde tutarak finansman koşullarının sağlanması için ek süre talebinde bulunduğunu bildirdi. … ""Sürecin özetiTürkiye ihracatının yaklaşık yüzde 15'inin yapıldığı TCDD'ye bağlı İzmir Limanı'nın 49 yıllığına özelleştirilmesi için 3 Mayıs 2007'de açılan ihaleyi Hutchison, Global ve EİB LİMAŞ, 1 milyar 275 milyon dolar vererek kazanmıştı.",consortium requests extension to 30 April for handover financing,İzmir Limanı özelleştirilmesinde süre uzatım talebi,https://www.dunya.com/gundem/izmir-limani-ozellestirilmesinde-sure-uzatim-talebi-haberi-100690,dunya_100690
a7cf0bce6319,CN-INVESTMENT-ZONE-TURKEY,2010-01-08,general_signal,mou government,PRC Ministry of Commerce,Mainland China,,industrial zone,,,,,,,,Dünya,"İSTANBUL - Devlet Bakanı Zafer Çağlayan, Çin firmalarının Türkiye'de yatırım yapacağı bir Çin yatırım bölgesi, ticaret veya sanayi bölgesi oluşturulması konusunda Çinli Ticaret Bakanı Chem Deming ile mutabakat sağladı. … Türkiye'de bir Çin yatırım bölgesi oluşturulması çalışmaları bulunduğunu ifade eden Çağlayan, ""Çin firmalarının Türkiye'de yatırım yapacağı, Türkiye'de bir Çin yatırım bölgesi, bir ticaret bölgesi veya sanayi bölgesi yapma konusunda sayın Bakanla mutabakat sağladık. … Bu çerçevede Çinli firmalar hangi alanlarda yatırım yapabileceklerini, Türkiye'nin neresine yatırım yapmalarının fizıbl, olacağını değerlendirecekler.",Turkey-China understanding to create a Chinese investment/industrial zone in Turkey,Türkiye'de Çin yatırım bölgesi kuruluyor,https://www.dunya.com/gundem/turkiye039de-cin-yatirim-bolgesi-kuruluyor-haberi-102063,dunya_102063
1d9300726701,SIRNAK-SILOPI-COAL-PLANT,2010-01-08,contractor_or_finance_only,epc contract,China National Machinery & Equipment Import & Export Corp (CMEC),Mainland China,Galata Enerji (Global Yatırım Holding),energy (coal),Şırnak,,EPC turnkey contract,355,USD mn,1000 construction; 2400 operation,1.7 bn kWh/yr,Dünya,"İSTANBUL  - Global Yatırım Holding A.Ş, bağlı ortaklığı Galata Enerji Üretim Sanayi ve Ticaret A.Ş'nin, Şırnak'ta EPDK lisansına sahip olduğu termik santralle ilgili olarak bugün China National Machinery & Equipment Import & Export Corporation'la toplam 355 milyon dolar bedelle anahtar teslim yöntemiyle bir termik santral inşası konusunda sözleşme imzaladığını şirkete bildirdiğini duyurdu. … Global Yatırım Holding'in Kamuyu Aydınlatma Platformunda (KAP) yayımlanan özel durum açıklamasında, termik santralin yıllık yaklaşık 1,7 milyar kw/s elektrik üretmesinin öngörüldüğü belirtilerek, yaklaşık 38 ay sürecek inşaat döneminde 1.000 kişinin, işletme döneminde ise madenle birlikte 2.400 kişinin istihdam edileceği vurgulandı.",contractor role only at this stage,"Galata Enerji, Şırnak termik santralini Çinli ortakla yapacak",https://www.dunya.com/gundem/galata-enerji-sirnak-termik-santralini-cinli-ortakla-yapacak-haberi-102093,dunya_102093
899d07830b95,ANATOLIA-TELEKOM-LENOVO-ERZINCAN,2010-01-10,investment_evidence,plan,Lenovo Mobile,Mainland China,Anatolia Telekom A.Ş.,electronics (mobile phones),Erzincan,,partnership (licence/distribution; equity unclear),,,,,Dünya,"Türk iştiraki Anatolia Telekom, Çinli bir şirket ortaklığında yerli mobil üretecek … ERZİNCAN - Türk iştiraki Anatolia Telekom A.Ş, Çinli bir mobil telefon şirketi işbirliğinde Erzincan'da ""Anadolu"" adlı yerli cep telefonu üretecek. … Teknolojik üretimin son yıllarda hem Avrupa hem de ABD'den Çin'e kaydığını, bu sayede Çin'de oluşan ciddi birikimle önemli firmaların ortaya çıktığını anlatan Kuzu, yerli cep telefonu üretimi için Çin'in en büyük telefon üreticilerinden biriyle ortaklık kurduklarını kaydetti. … Cep telefonu yatırımını, Temmuz ayında çıkan Teşvik Yasası ile Erzincan'da yapmaya karar verdiklerini Kuzu, Aralık 2009 içerisinde Lenovo Mobile ile distribütörlük ve lisans anlaşmaları yaptıklarını, bununla firmanın ürünlerini üretebilme hakkı elde ettiklerini ifade etti.",'Chinese-partnered' Turkish company to produce 'Anadolu' phone in Erzincan,Çin ortaklı Türk şirketi 'Anadolu'yu üretecek,https://www.dunya.com/gundem/cin-ortakli-turk-sirketi-039anadolu039yu-uretecek-haberi-102179,dunya_102179
d09550dc95a3,LIFUNG-ISTANBUL-HUB,2010-01-13,investment_evidence,opened,Li & Fung,Hong Kong,,sourcing / logistics,İstanbul,Bahçelievler,regional HQ building,,,400 employees,,Dünya,"İSTANBUL - Hong Kong merkezli uluslararası tedarik şirketi Li&Fung'un İstanbul merkez binası hizmete açıldı. … Şirketin Bahçelievler'deki yeni binasının açılışında konuşan Fung, Türkiye'deki faaliyetlerinde halihazırda 400 kişi istihdam ettiklerini belirtti.",Istanbul headquarters building opened,Hong Konglu şirket İstanbul'u merkez seçti,https://www.dunya.com/gundem/hong-konglu-sirket-istanbul039u-merkez-secti-haberi-102599,dunya_102599
1f15c89b491b,HUAWEI-ISTANBUL-RND,2010-01-14,investment_evidence,plan/opening,Huawei,Mainland China,,telecom R&D,İstanbul,Ümraniye,R&D centre,50,USD mn (3 yrs),350 engineers (3 yrs),,Dünya,"Şirket, 21 ocakta Ümraniye'de açacağı Ar-Ge merkezine 3 yıl içinde 50 milyon doların üzerinde yatırım yapacak … İSTANBUL - Yeni nesil telekomünikasyon çözümleri sunan Huawei'in, 21 ocakta Ümraniye'de açacağı Ar-Ge merkezine 3 yıl içinde 50 milyon doların üzerinde yatırım yapacağı bildirildi. … Ar-Ge merkezini 21 Ocak'ta açmayı planlayan şirketin merkezde 3 yılda 350 Türk mühendisin görev almasını öngördüğü, buranın Huawei'in ""ikinci en büyük uluslararası Ar-Ge merkezi"" olacağı ve 3 yıl içinde Türkiye'deki Ar-Ge merkezine 50 milyon doların üzerinde yatırım yapılmasının planlandığı bildirildi.",second-largest international R&D centre,"Huawei, 3 yıl içinde 50 milyon doların üzerinde yatırım yapacak",https://www.dunya.com/gundem/huawei-3-yil-icinde-50-milyon-dolarin-uzerinde-yatirim-yapacak-haberi-102708,dunya_102708
2ef1f3d1683e,LIFUNG-ISTANBUL-HUB,2010-01-15,other_news_source,hub opened,Li & Fung,,,,,,,700,USD mn (announced),,,Invest in Türkiye,"Li & Fung chose Istanbul as its base for Europe, the Middle East and Africa; its investment, announced as 700m USD, will initially create 400 jobs.",,Li&Fung: Türkiye is the country of the future,https://www.invest.gov.tr/en/news/news-from-turkey/pages/lifung.turkey.country.future.aspx,
39c50cb61331,ZETES2-SINOMACH-EPC,2010-02-14,other_news_source,EPC under way,CMEC (Sinomach),,,,,,,,,,,T24,"Eren's Zonguldak coal complex, with CMEC (Sinomach group) building the two 600 MW units under a 2007 EPC contract.",Units commissioned around 2010–2011.,Enerji santrali inşaatı 3.500 Çinli'yi çekti,"https://t24.com.tr/haber/enerji-santrali-insaati-3500-cinliyi-cekti,70444",
cc4605d476f0,SHANGRILA-BOSPHORUS,2010-04-10,other_news_source,agreement announced,Shangri-La; Tanrıverdi Group,,,,,,,250,USD mn (project),,,Investment Office of Türkiye (press release),"Shangri-La's first hotel in Turkey is announced as a 250m USD investment by the Tanrıverdi Group, to be run under a cooperation agreement with Shangri-La.",,Shangri-La to open its first hotel in Turkey with Tanriverdi Group investment,https://f.invest.gov.tr/en/news/lists/investpressreleases/10-04-2010-investment-office-shangrila-tanriverdi.pdf,
db1f6af6efb2,MEDCEM-SINOMA-CEMENT,2010-04-19,other_news_source,LOI signed,Sinoma International,,,,,,,780,USD mn,,,CemNet (International Cement Review),"Sinoma International signed a letter of intent with Eren Holding for two cement lines at Medcem near Mersin worth $780m, subject to financing.",Medcem began operating in 2015 with a single line.,Sinoma inks LOI for new Turkish lines,https://cemnet.com/News/story/132011/sinoma-inks-loi-for-new-turkish-lines.html,
cc4605d476f0,SHANGRILA-BOSPHORUS,2010-04-20,other_news_source,management agreement,Shangri-La,,,,,,,,,,,Hotel Executive,"Shangri-La signed with Tanrıverdi Holding to manage the Istanbul hotel, then expected to open in April 2012.",,Tanriverdi Signs Shangri-La to Operate Hotel in Istanbul,https://www.hotelexecutive.com/newswire/32748/tanriverdi-signs-shangri-la-to-operate-hotel-in-istanbul,
7be6506e7bd7,CHERY-TURKEY-PLANT,2010-04-25,investment_evidence,negotiation,Chery Automobile,Mainland China,Mermerler Otomotiv,automotive,,,greenfield plant,,,,,Dünya,"PEKİN - Mermerler Otomotiv Genel Müdürü Murat Mermer, Çin Halk Cumhuriyeti'nin en önemli otomobil markalarından Chery ile Türkiye'de otomobil fabrikası kurma planlarının çok yüksek ihtimalle gerçekleşeceğini belirterek, ""Yüzde bir milyon bu iş oluyor, bu konuda iddialı konuşuyorum. … Murat Mermer, Chery ile Türkiye'de kurmayı planladıkları otomobil fabrikası konusunda son aşamaya geldiklerini, şu anda fabrikanın kurulacağı yer konusunda çalışma yürüttüklerini belirtti.","final details, two candidate sites, Finance Ministry has last word","Chery, Türkiye'de fabrika kuracak",https://www.dunya.com/gundem/chery-turkiye039de-fabrika-kuracak-haberi-112221,dunya_112221
ccdeadfb39a4,CN-AUTOMAKER-KONYA-2009,2010-04-26,context_mention,interest,unnamed Chinese automakers (2),Mainland China,,automotive,Konya,,plant,,,,,Dünya,"İki Çinli otomotiv yatırımı çekilirse, kent bu sektörde daha önemli bir konuma gelecek.",two Chinese automotive investments sought for Konya,Konya'ya 'ilaç gibi' yatırımlar geliyor,https://www.dunya.com/gundem/konya039ya-039ilac-gibi039-yatirimlar-geliyor-haberi-112228,dunya_112228
b22b0e65d7b5,MEDCEM-SINOMA-CEMENT,2010-05-04,contractor_or_finance_only,contract signed,Sinoma International Engineering,Mainland China,Eren Holding,Construction materials,Mersin,near Mersin port,EPC contract,780,USD mn,,"10,000 t/day",Dünya,"ŞANGAY- Çin Sinoma şirketiyle, Eren Holding 2 çimento üretim hattı için 780 milyon dolarlık anlaşma imzaladı. … İmalat ve dağıtım bağlantılı mekanik ekipmanlar üzerine faaliyet gösteren Çinli Sinoma International Engineering Co, Türkiye'den Eren Holding ile Mersin Limanı yakınında iki çimento üretim hattı inşası içen 780 milyon dolarlık anlaşma imzaladı. … Şirket ilk tesisin inşası için 420, ikinci tesisin inşası için de 360 milyon dolar harcama yapacağı belirtildi. 780 milyon dolarlık anlaşma tamamlandığında bölgenin en büyük çimento üretim hattı olacak.",Sinoma–Eren 780m USD deal for two cement lines,Sinoma-Eren Holding çimento üretim hattı kuracak,https://www.dunya.com/gundem/sinoma-eren-holding-cimento-uretim-hatti-kuracak-haberi-113145,dunya_113145
9a8e91fda8d9,CHERY-TURKEY-PLANT,2010-06-20,investment_evidence,plan,Chery Automobile,Mainland China,Mermerler Group,automotive,,,plant,,,,,Dünya,"Gayrimenkul piyasasında, özellikle İstanbul'da büyük projeler üstlenmek isteklerini bildirdiler.-Otomotiv firmaları: Çin firması Chery, Mermerciler Grubu ile Türkiye'de otomobil fabrikası kuracak.",ISPAT list,Yabancı yatırımcı Türkiye'ye geliyor,https://www.dunya.com/gundem/yabanci-yatirimci-turkiye039ye-geliyor-haberi-117963,dunya_117963
e68ac5ed69c8,CN-AUTO-GENERAL,2010-06-20,general_signal,talks,Lifan; JAC; China Truck; FAW; Foton,Mainland China,,automotive,,,,,,,,Dünya,"Lifan da Türkiye için araştırma yapıyor.-Kamyon ve diğer ticari araç firmaları: JAC, China Truck, FAW ve Foton da Türkiye'de yatırım için görüşmelerde bulundu.-Toshiba Corparation: Japon devi, enerji alanında Türkiye'de yatırım yapmak istiyor.",ISPAT list: researching / in talks,Yabancı yatırımcı Türkiye'ye geliyor,https://www.dunya.com/gundem/yabanci-yatirimci-turkiye039ye-geliyor-haberi-117963,dunya_117963
a4d3350d0ecc,GEELY-ANADOLU-TURKEY,2010-06-20,investment_evidence,plan,Geely,Mainland China,Anadolu Group,automotive,,,,,,,,Dünya,"Bir diğer Çin firması Geely ise, Anadolu Grubu ile birlikte Türkiye'de yatırım planlıyor.",ISPAT list: Geely planning investment with Anadolu Group,Yabancı yatırımcı Türkiye'ye geliyor,https://www.dunya.com/gundem/yabanci-yatirimci-turkiye039ye-geliyor-haberi-117963,dunya_117963
aa50f32eda2e,HUAWEI-ISTANBUL-RND,2010-08-27,company_news,status update,Huawei Turkey,Mainland China,,telecom,,,operations,,,600 -> 700 employees,,Dünya,"Ünal, ""600 olan çalışan sayımızı yıl sonunda 700'e çıkarmayı planlıyoruz"" dedi. … Ünal, ""Huawei Türkiye'nin 2009 cirosu 460 milyon dolar oldu. 2010 hedefimiz 500 milyon doların üzerinde gelir elde etmek. … Şu anda 600 çalışanımız var. 2010 sonunda 700'e çıkarmayı hedefliyoruz"" diye konuştu.",revenue/headcount news,"Huawei, 500 milyon dolar ciro hedefi koydu",https://www.dunya.com/gundem/huawei-500-milyon-dolar-ciro-hedefi-koydu-haberi-124315,dunya_124315
8811ba30045e,TISCO-KOP-KROM,2010-09-16,other_news_source,plant completed,TISCO; Shanxi Jinzhong Wanbang; CVK Group,,,,,,,,,,,Erzurum Gazetesi,"CVK Group, in partnership with TISCO and Shanxi Jinzhong Wanbang, built the Kop Krom ore concentration plant on Kop mountain in eight months; it was ready for trial production at the end of August 2010, with planned output of 150,000 t and 508 direct employees.",,Erzurum-Erzincan Bölgesi maden hazinesi,https://www.erzurumgazetesi.com.tr/haber/Erzurum-Erzincan-Bolgesi-maden-hazinesi/44846,
959f9aeb4504,CHERY-TURKEY-PLANT,2010-10-07,investment_evidence,plan,Chery Automobile,Mainland China,Mermerler Otomotiv,automotive,Sakarya,Karasu (200 dönüm),greenfield plant + social complex,500,USD mn,3000 (5 yrs),,Dünya,"ANKARA - Chery'nin Türkiye'de üretimini Sakarya Karasu'da kuracakları fabrikayla yapacaklarını belirten, Mermerler Otomotiv Yönetim Kurulu Başkan Yardımcısı ve Genel Müdürü Murat Mermer, 5 yılın sonunda 3 bin kişiye istihdam sağlanacağını söyledi. … Mermer, Karasu'da kurulacak fabrikayla ilgili alanda 200 dönümlük bir mera alanı görüldüğünü, aslında söz konusu alanın mera özelliğini kaybettiğini ancak mevzuat sorunlarına yol açtığını, şu anda  mevzuatla ilgili sorunu aşmaya çalıştıklarını anlattı. … Mermer, proje kapsamında fabrikanın yanı sıra otel grubu ve alış veriş merkezinin içinde yer alacağı bir sosyal tesis de oluşturacaklarını kaydederek, yaklaşık 500 milyon dolarlık bir yatırım öngördüklerini bildirdi. … Mermer, söz konusu yatırımın 120 milyon dolarını da bina ve sosyal tesislerin oluşturacağını anlattı.3 bin kişiye istihdamBu yatırımla, 5 yılın sonunda 3 bin kişiye istihdam sağlanacağını belirten Mermer, bu rakamın 890'ını beyaz yakalıların oluşturacağını söyledi.",pasture-land zoning issue,"Sakarya'da üretim yapacak, 3 bin kişiye iş kapısı olacak",https://www.dunya.com/dunya/sakarya039da-uretim-yapacak-3-bin-kisiye-is-kapisi-olacak-haberi-127627,dunya_127627
e7c0cce47793,CN-INVESTMENT-ZONE-TURKEY,2010-10-09,general_signal,interest,PRC government (Premier Wen Jiabao),Mainland China,,industrial zone,İstanbul,,,,,,,Dünya,"İSTANBUL - Çin Başbakanı Ven Ciabao ""Biz de İstanbul veya başka yerde Çin yatırım, sanayi bölgesi kurmayı arzuluyoruz"" dedi. … Bütün bu iki taraflı birlikte yapılacak projelere, Çin'den finansal destek sağlanacaktır'' diye konuştu.",wish to set up Chinese investment/industrial zone; Chinese financing promised,"""Çin yatırım sanayi bölgesi kurmayı arzuluyoruz""",https://www.dunya.com/gundem/quotcin-yatirim-sanayi-bolgesi-kurmayi-arzuluyoruzquot-haberi-127865,dunya_127865
c5a95aed72b6,CN-AUTOMAKER-IZMIR-2010,2010-10-25,general_signal,interest,unnamed Chinese automaker,Mainland China,,automotive,İzmir,,plant,,,"400,000 vehicles/yr",,Dünya,"Çinli firmalar var, İzmir bölgesini kendileri açısından önemli yatırım alanı olarak tespit eden firmalar var. … Bunlar yatırım yapar mı bilmiyoruz. … Çinli firma yıllık 400 bin kapasiteyle İzmir'de yatırımın uygun olduğunu ifade ediyor.",official: Chinese firm sees İzmir suitable; uncertain,KOBİ'lere 3 milyar yeni kaynak geliyor,https://www.dunya.com/ekonomi/kobi039lere-3-milyar-yeni-kaynak-geliyor-haberi-129176,dunya_129176
0553b677f640,HISENSE-ANADOLU-TURKEY,2010-10-27,investment_evidence,interest,Hisense,Mainland China,Antek Teknoloji (Anadolu Group),consumer electronics,,,production facility (plan),,,,,Dünya,"İSTANBUL - Anadolu Grubu iştiraklerinden Antek Teknoloji, Çinli televizyon markası Hisense'i Türkiye'ye getirdi. … Hisense Grup Başkan Yardımcısı Lan Lin, Türkiye'de bir üretim tesisi kurmak istediklerini ve herşeyden önce en iyi partneri bulmaları gerektiğini belirtirken, Anadolu Grubu Yönetim Kurulu Başkanı Tuncay Özilhan da, satış, pazarlama ve servis ayağı ile başladıktan sonra üretime geçişin, Anadolu Grubu'nun da planları içinde olacağını kaydetti.",Hisense VP: want to set up production facility; first sales/service,Çinli Hisense Türkiye pazarında boy gösterecek,https://www.dunya.com/gundem/cinli-hisense-turkiye-pazarinda-boy-gosterecek-haberi-129468,dunya_129468
e7d49d5e4167,HNA-MYTECHNIC-MYCARGO,2010-11-10,other_news_source,stake agreed,HNA Group; Bravia Capital,,,,,,,,,,,Aviation International News,HNA Group of China and Bravia Capital of New York are to acquire a majority stake in myTechnic.,,"HNA Group, Bravia Capital Acquire Stake in myTechnic",https://ainonline.com/aviation-news/business-aviation/2010-11-10/hna-group-bravia-capital-acquire-stake-mytechnic,
e7d49d5e4167,HNA-MYTECHNIC-MYCARGO,2010-11-25,other_news_source,stake agreed,HNA Group; Bravia Capital,,,,,,,,,,,Hürriyet Bigpara,"HNA Group and Bravia Capital Partners become partners in myTECHNIC, the aircraft maintenance and repair centre at Sabiha Gökçen Airport; no price is given.",,myTECHNIC'e Çinli ortak geldi,https://bigpara.hurriyet.com.tr/haberler/genel-haberler/mytechnic-e-cinli-ortak-geldi_ID731900/,
b54456b69738,SANY-TURKEY-2010,2010-11-30,investment_evidence,decision pending,SANY + 3 unnamed Chinese firms,Mainland China,,construction machinery,,,,,,,,Dünya,"Bakan Ergün, Sanny'nin de aralarında bulunduğu Çinli 4 firmanın yatırım için son kararlarını vermek üzere olduğunu bildirdi. … İSTANBUL - Sanayi ve Ticaret Bakanı Nihat Ergün, iş makinesi üretimi yapan Sanny'nin de aralarında bulunduğu Çinli 4 firmanın Türkiye'ye yatırım için son kararlarını vermek üzere olduğunu bildirdi.",minister: Sany and 3 others about to give final investment decisions,Çinli firmalar yatırıma geliyor,https://www.dunya.com/gundem/cinli-firmalar-yatirima-geliyor-haberi-131992,dunya_131992
49d3d27b89d7,JAC-EV-TURKEY-2011,2011-03-15,investment_evidence,interest,JAC (Jianghuai Automobile),Mainland China,,automotive (EV),,,,,,,,Dünya,"Çinli otomobil üreticisi, Türkiye'de 'elektrikliye' yatırım planlıyor. … PEKİN – Çin'in en büyük 10 otomobil üreticisinden biri olan Jianghuai Automobile Co. … Elektrikli otomobil üretimi gündemdeAçıklamada, Sanayi ve Ticaret Bakanlığının Türkiye'deki hybrid ve elektrikli araçlar üzerine çalışmalar yapıldığını belirtmesi ve Türkiye'nin önde gelen elektrikli araç üreticisi hale getirmek istendiğini açıklamasının JAC'ın Türkiye'de özellikle bu anlamda yatırım yapma isteğini güçlendirdiği belirtildi.",JAC wants to invest in EVs in Turkey,"Az hasarlı Türkiye, JAC'ın radarına takıldı",https://www.dunya.com/dunya/az-hasarli-turkiye-jac039in-radarina-takildi-haberi-140520,dunya_140520
49920d33d5d8,CHERY-TURKEY-PLANT,2011-04-27,investment_evidence,delayed,Chery Automobile,Mainland China,Mermerler Otomotiv,automotive,Sakarya,Adapazarı,plant (with Chinese partners),500,USD mn,,"100,000 vehicles/yr (20k initially)",Dünya,"BURSA - Mermerler Otomotiv tarafından 500 milyon doların üzerinde yatırımla Adapazarı'na kurulacak otomobil fabrikasında, ilk Çin menşeli araç Chery'nin 6 ay sonra banttan inecek. … Mermerler Otomotivin Genel Müdür Yardımcısı Aydın Akyol, yaptığı açıklamada, Çinli ortaklarıyla Chery markası kapsamında Türkiye'de yapacakları yatırımda 3-4 aylık gecikme olduğunu söyledi. … Toplam maliyetimiz 500 milyon doları geçecek. … Yıllık kapasitesi 100 bin adet olarak planlandı.","3-4 month delay; equipment ordered, loans secured",Yerli Chery 6 ay sonra banttan inecek,https://www.dunya.com/gundem/yerli-chery-6-ay-sonra-banttan-inecek-haberi-143696,dunya_143696
273d277bdaa3,CN-GENERAL-INTEREST,2011-05-02,general_signal,interest,PRC Embassy (Amb. Gong Xiaosheng),Mainland China,,tourism / general,Antalya,,,,,,,Dünya,"Çin'in Ankara Büyükelçisi Şiaoşeng, Pekin hükümetinin Türkiye'deki yatırımları için Antalya'da çalışma yaptığını söyledi. … ANTALYA - Çin Halk Cumhuriyeti Ankara Büyükelçisi Gong Şiaoşeng, Pekin hükümetinin Türkiye'ye yatırım konusunda çalışma yaptığını bildirdi.",Beijing studying investment in Antalya,Antalya'ya Çin yatırımı,https://www.dunya.com/gundem/antalya039ya-cin-yatirimi-haberi-144079,dunya_144079
fa7d354a6281,HSR-ANKARA-ISTANBUL-PHASE2-CRCC,2011-05-17,contractor_or_finance_only,bid submitted,CRCC,Mainland China,Cengiz İnşaat; IC İçtaş,rail,İstanbul,,tender consortium,1346.3,EUR mn (bid),,,Dünya,"En düşük teklifi 1 milyar 42 milyon 79 bin 84 Euro ile ""OHL ve Dimetronic"" ortak girişiminin verdiği ihaledeki diğer teklifler şöyle:""Bechtel ve Enka 1 milyar 483 milyon 316 bin 879 Euro,Impregilo, Alarko ve Ansaldo 1 milyar 69 milyon 866 bin 565,15 Euro,Astaldi, Yüksel ve Gulermak 1 milyar 106 milyon 545 bin 750 Euro,CRCC, Cengiz İnşaat ve IC İçtaş 1 milyar 346 milyon 326 bin 300 Euro.",The same consortium also bid for the Marmaray CR3 contract (not the lowest bid),Marmaray Projesi CR3 sözleşmesinde mali teklifler belli oldu,https://www.dunya.com/gundem/marmaray-projesi-cr3-sozlesmesinde-mali-teklifler-belli-oldu-haberi-145232,dunya_145232
9ab20ec3b10f,HSR-ANKARA-ISTANBUL-PHASE2-CRCC,2011-07-15,other_news_source,construction under way,CCECC (CRCC group); CMC,,,,,,,1270,USD mn (project),,,China Daily,"Phase 2 of the Ankara–Istanbul line (158 km, İnönü–Köseköy) is being built by China Civil Engineering Construction Corp and China National Machinery Import & Export Corp with the Turkish firms Cengiz and IC İçtaş; financing of about 1.27bn USD includes 720m USD of Chinese loans.",,High-speed rail will set pace in Turkey,https://www.chinadaily.com.cn/a/201107/15/WS5a29f101a3101a51ddf8dd9b.html,
0a3b7baddfdf,PINEBRIDGE-ULUSAL-FAKTORING,2011-08-26,investment_evidence,competition approval,PineBridge Eurasia Financial Investments S.a.r.l,Hong Kong,Ulusal Faktoring,factoring,İstanbul,,minority stake (47%),,,,,Dünya,"Açıklamada, şöyle denildi:""Aegis Group plc'nin iştirakleri olan Synovate şirketlerinin tüm hisselerinin ve tam kontrolünün Ipsos SA veya herhangi bir iştiraki tarafından devralınması, Grup Girişim İnternet Hizmetleri Tanıtım Pazarlama ve Ticaret AŞ ile Grup Kampanyaları İnternet Hizmetleri Tanıtım Pazarlama ve Ticaret AŞ'nin Grupanya İnternet Hizmetleri İletişim Organizasyon Tanıtım ve Pazarlama AŞ'de bulunan ortak kontrolünün, Grup Girişim İnternet Hizmetleri Tanıtım Pazarlama ve Ticaret AŞ ile Intel Capital Corporation'ın ortak kontrolüne geçmesi, PineBridge Eurasia Financial Investments S.a.r.l tarafından Ulusal Faktoring AŞ'nin yüzde 47 oranında hissesinin devralınması, Radiant Systems Inc.'in ihraç edilmiş tüm adi hisselerinin, NCR Corporation tarafından iştiraki Ranger Acquisition Coorporation kanalıyla ve ihale teklifi yoluyla devralınması, Thainox Stainless Public Company hisselerinin Pohang Iron Steel Company tarafından devralınması, Metlife Alico Türkiye tarafından Denizbank AŞ'nin Deniz Emeklilik ve Hayat AŞ'de sahip olduğu yüzde 99,86 oranında hissesinin devralınması, Airfel Isıtma ve Soğutma Sistemleri San.","Competition Board cleared the purchase of 47% of Ulusal Faktoring; HIDDEN: Luxembourg vehicle of PineBridge, owned by Hong Kong's Pacific Century Group",Deniz Emeklilik hisselerinin satışına RK'den onay,https://www.dunya.com/gundem/deniz-emeklilik-hisselerinin-satisina-rk039den-onay-haberi-153026,dunya_153026
e396d570f54a,ZHEJIANG-ENERGY-POLAT-SOMA,2011-09-28,investment_evidence,protocol signed,Zhejiang Energy Group,Mainland China,Polat Madencilik,energy (coal mine + thermal plant),Manisa; İzmir,Soma; Kınık,JV coal mine & power plant,1000,USD mn,,,Dünya,"Çin, Türkiye'deki en büyük doğrudan yatırımını Ege'de yapacak. … Çin'in Zhejeing eyaletinin devlet şirketi Zhejiang Enerji Grup, Polat Madencilik ile birlikte Soma'da kömür ocağı işletmesi ve termik santral için 1 milyar doların üzerinde yatırım yapacak. … Ahmet USMANİZMİR - Konya merkezli Polat Madencilik ile Çin'in Zhejeing eyaletinin hükümete bağlı enerji şirketi arasında Polat Madencilik'in Kınık ve Soma'daki 2 bin hektarlık ruhsatlı sahasında kömür madeni işletmesi ve termik santral kurulması için protokol imzalandı. … İki aşamalı olarak hayata geçirilecek olan proje tamamlandığında 1 milyar dolarlık yatırım yapılmış olacak.",billed as first big Chinese FDI,İlk büyük Çin yatırımı yolda,https://www.dunya.com/gundem/ilk-buyuk-cin-yatirimi-yolda-haberi-155118,dunya_155118
5ffe88830008,ALIBABA-TURKEY-ENTRY-2011,2011-10-06,company_news,market entry partnership,Alibaba.com,Mainland China,unnamed partner,e-commerce,,,,,,,,Dünya,"""""Önceliğimiz müşteriyi memnun etmek""Geçtiğimiz aylarda Türkiye pazarına da bir ortaklıkla giren Alibaba.com Başkan Yardımcısı, Brian Wong ekonomiyi e ticaret öncesi ve sonrası olarak ikiye ayırdı. 1999 yılında 18 kurucuyla başlayan girişimin 12 yıl sonra Çin'in en büyük e-ticaret şirketi olduğuna işaret eden Wong, hedeflerinin 102 yıl boyunca ayakta kalmak olduğunu belirtti.",entered Turkish market via a partnership (passing),Dijital dünyanın devrimcilerinden yeni taktikler,https://www.dunya.com/gundem/dijital-dunyanin-devrimcilerinden-yeni-taktikler-haberi-155760,dunya_155760
8e1e3ce4dcf5,TUZGOLU-GAS-STORAGE-TIANCHEN,2011-11-29,other_news_source,contractor selected,China Tianchen Engineering,,,,,,,640,USD mn,,,Bloomberg,BOTAŞ picked China Tianchen Engineering (CNCEC) to build about $640m of salt-cavern gas storage near Lake Tuz.,First phase operating from 2017; later expanded.,Turkey Signs With China's Tianchen to Construct Gas Storage,https://www.bloomberg.com/news/articles/2011-11-29/turkey-signs-with-china-s-tianchen-to-construct-gas-storage,
84b9734fbe8d,ADM-CAPITAL-DARDANEL,2011-12-06,investment_evidence,agreement signed,ADM Capital (Asia Debt Management Hong Kong),Hong Kong,Yıldız Holding,food (seafood canning),Çanakkale,,capital increase / JV vehicle,85,TRY mn (new capital),,,Dünya,"İSTANBUL - Dardanel Önentaş ile Asia Debt Asset Management Hong Kong Limited (ADM Capital) ve Yıldız Holding arasında süren ortaklık görüşmeleri anlaşmayla sonuçlandı. … Dardanel'den KAP'a yapılan 2 ayrı açıklamada yer alan bilgiye göre, şirketin 34.8 milyon liralık ödenmiş sermayesi nakden karşılanmak üzere 85 milyon liraya çıkartılırken, artırılan sermayeyi temsil eden beheri 1 kuruş nominal değerde toplam 5.02 milyar adet payın 4.26 milyar adetlik kısmının nominal değer üzerinden Asia Debt Management ve Yıldız Holding'in iştirakleri vasıtasıyla birlikte kurmayı planladıkları bir şirkete, 760.19 milyon adetlik kısmının nominal değer üzerinden çoğunluk hisseleri ve kontrolü Asia Debt Management olan bir şirkete, mevcut ortakların rüçhan haklarının tamamen kısıtlanması suretiyle, tahsisli olarak ihraç edilmesine karar verildi.","Dardanel capital raised 34.8m->85m TL, shares allotted to ADM-Yıldız JV and ADM-controlled company",Dardanel'de Ülker ve ADM Capital ortaklığı,https://www.dunya.com/gundem/dardanel039de-ulker-ve-adm-capital-ortakligi-haberi-160516,dunya_160516
f81424b417d5,SINOP-NPP-CHINA-BID,2012-01-25,investment_evidence,offer reported,China Guangdong Nuclear Power (CGNPC),Mainland China,,energy (nuclear),Sinop,,nuclear plant (intergovernmental),20000,USD mn (project),,,Dünya,"İSTANBUL - Çinli enerji şirketi China Guangdong Nükleer Holding'in (CGNPC) Türkiye'de yapılacak ve yaklaşık 20 milyar dolara mal olacak nükleer santrale teklif vereceği ve resmi teklif için bir siyasi heyetin bu ay Türkiye'ye geleceği bildirildi. … Sabah gazetesinde yer alan haberde, Enerji Bakanlığı'nın Çin'in teklifini doğruladığı, ancak müzakere sürecine henüz geçilmediği ifade edilirken; yetkililer müzakere sürecine geçilmesi ve resmi teklif için Çin'den bir siyasi heyetin bu ay içerisinde Türkiye'ye geleceğini kaydetti.","ministry confirmed Chinese offer, negotiations not started",Nükleer santrale Çin de talip oldu,https://www.dunya.com/gundem/nukleer-santrale-cin-de-talip-oldu-haberi-164561,dunya_164561
bfcdbcc6a82b,CN-GENERAL-INTEREST,2012-02-21,general_signal,interest,PRC (VP Xi Jinping),Mainland China,,general,,,,,,,,Dünya,"Başbakanlık kaynaklarından alınan bilgiye göre görüşmede, Çin'in Türkiye'deki önemli projelerle ilgilendiği ve iki ülke arasındaki ekonomik işbirliğinin daha da yoğunlaştırılacağı kaydedildi.",China interested in major projects in Turkey,"Erdoğan, Cinping ile görüştü",https://www.dunya.com/gundem/erdogan-cinping-ile-gorustu-haberi-166563,dunya_166563
da83613a2db6,HATTAT-AMASRA-AVIC-EPC,2012-02-21,contractor_or_finance_only,epc framework,AVIC International,Mainland China,Hattat Holding (Hema Endüstri),energy (coal),Bartın,Amasra,EPC framework agreement,1000,USD mn,,1320 MW,Dünya,"Bartın-Amasra'da kurulacak 1.320 MW'lık termik santral için, Çinli AVIC International firması 1 milyar dolarlık çerçeve anlaşması imzalandı. … Hattat Holding'e ait Hema Endüstri AŞ'nin Bartın-Amasra'da yerli taşkömürü ile kuracağı 1.320 Megavatlık (MW) termik santrallin ""mühendislik, satınalma ve inşaat"" işleriyle ilgili, Hattat Holding Çinli AVIC International firması 1 milyar dolarlık bir çerçeve anlaşması imzalandı.",engineering-procurement-construction role,"Hattat Holding, Çinli AVIC ile termik santral yapacak",https://www.dunya.com/gundem/hattat-holding-cinli-avic-ile-termik-santral-yapacak-haberi-166558,dunya_166558
42b9bff794df,CN-GENERAL-INTEREST,2012-02-23,general_signal,waiting incentives,Chinese investors (TÜÇSİAD),Mainland China,,general / infrastructure,,,,,,,,Dünya,"Toplam 4.3 milyar dolarlık anlaşmanın imzalandığı TürkÇin İş Forumu'nda konuşan Türk-Çin Sanayici İş Adamları Derneği (TÜÇSİAD) Başkanı Murat Sungurlu, Çinlilerin Türkiye'de yatırım yapmak için yakında açıklanacak teşvik paketini beklediklerini söyledi. … Türkiye'deki yatırım projelerini yakından izleyen Çinliler, gelmek içinse yakında açıklanacak teşvik paketini bekliyor. … Türk-Çin Sanayici İş Adamları Derneği (TÜÇSİAD) Başkanı Murat Sungurlu, Çinlilerin Kanalistanbul ve 3. köprü ihalesiyle ilgilendiklerini söyledi.",Chinese await incentive package; interest in Kanal İstanbul and 3rd bridge,4.3 milyar dolar tamam devamı için teşvik şart,https://www.dunya.com/gundem/43-milyar-dolar-tamam-devami-icin-tesvik-sart-haberi-166678,dunya_166678
41bb4fcd1a3f,CNR-MALATYA-WAGON-FACTORY,2012-03-01,investment_evidence,goodwill agreement,CNR (China Northern Locomotive & Rolling Stock),Mainland China,Malatya Governorship,rail equipment,Malatya,Vagon Onarım Fabrikası,investment in idle state factory,,,,,Dünya,"Malatya'da bulunan Vagon Onarım Fabrikası'na yatırım yapmak isteyen Çinli CNR firmasıyla ""iyi niyet sözleşmesi"" imzalandı. … MALATYA - Malatya Valisi Ulvi Saran, yaklaşık 20 yıldır atıl bekleyen Malatya Vagon Onarım Fabrikası'na yatırım yapmak isteyen Çinli Demiryolu Üreticileri ve İhracatçı Birliği (CNR) ile ""iyi niyet sözleşmesi"" imzaladı.",goodwill agreement signed in China,Atıl haldeki fabrika ekonomiye kazandırılıyor,https://www.dunya.com/gundem/atil-haldeki-fabrika-ekonomiye-kazandiriliyor-haberi-167306,dunya_167306
7634fc8ab4ac,CSR-MNG-ANKARA-RAIL-PLANT,2012-03-05,contractor_or_finance_only,bid submitted,CSR Electric Locomotive,Mainland China,,rail equipment,Ankara,,metro car supply tender,391.23,USD mn (bid),,,Dünya,"Ankara metrosunda kullanılacak araçların alımı için açılan ihalede en düşük teklif 391 milyon dolar ile Çin firmasından geldi. … ANKARA - Ankara Metrolarında kullanılmak üzere 324 yeni araç temini için düzenlenen ihalede en düşük teklifi 391 milyon 230 bin dolarla Çin firması CSR Electric Locomotive Co. … Metro araçlarının ilk 75'inde en az yüzde 30 yerli katkı payı öngörülürken,  kalan bölümünde ise yerli katkı oranı yüzde 51 olacak.",Lowest bid for 324 Ankara metro cars; 30% then 51% local content required,Ankara metrosu için en düşük teklif Çin'den,https://www.dunya.com/ekonomi/ankara-metrosu-icin-en-dusuk-teklif-cin039den-haberi-167533,dunya_167533
7f688939ff5e,AGAOGLU-UMUTLU-HES,2012-03-12,contractor_or_finance_only,agreement signed,Zhejiang Orient,Mainland China,Ağaoğlu Group,energy (hydro),Amasya,Umutlu HES,"agreement (role unspecified, likely EPC/equipment)",55,TRY mn (project),,21.5 MW,Dünya,"Ağaoğlu Grubu Amasya'daki 21.5 MW'lık Umutlu HES projesi için Çinli Zhejiang Orient şirketi ile anlaştı. … İSTANBUL - Ağaoğlu Grubu, Amasya'da kuracağı 21.5 MW kapasiteli Umutlu hidroelektrik santrali (HES) projesi için Çinli Zhejiang Orient şirketi ile anlaşma imzaladı. … Şirketten aktarılan bilgilere göre, santral yılda 75 milyon kWh elektrik üretecek ve 55 milyon TL'lik yatırımla gerçekleştirilecek.",Chinese role not stated,Ağaoğlu HES için Çinlilerle anlaştı,https://www.dunya.com/sirketler/agaoglu-hes-icin-cinlilerle-anlasti-haberi-168023,dunya_168023
b12a8da18437,SINOP-NPP-CHINA-BID,2012-04-08,investment_evidence,negotiation,PRC nuclear firms,Mainland China,,energy (nuclear),Sinop,,nuclear plant,,,,,Dünya,"Bakan Yıldız, ""İkinci nükleer santrali Çin'in yapıp yapmayacağına bu gezide karar verilecek"" dedi. … ""İkinci nükleer santral ihalesine iki ay içerisinde karar vereceğiz"" diyen Bakan Yıldız, Türkiye'de yapılacak ikinci nükleer santral konusunda Güney Kore, Japon'ya Rusya ve Çin'in ön plana çıktığını belirterek, ""İkinci nükleer santrali Çin'in yapıp yapmayacağına bu gezide karar verilecek"" diye konuştu.",decision on whether China builds 2nd NPP during visit,İkinci nükleer kararı 2 ay içinde verilecek,https://www.dunya.com/sektorler/enerji/ikinci-nukleer-karari-2-ay-icinde-verilecek-haberi-170581,dunya_170581
d8b7220a8814,TBEA-TURKEY,2012-04-08,investment_evidence,investment pledge,TBEA,Mainland China,,energy equipment (wind turbines),,,,,,,,Dünya,"Urumçi'de rüzgar enerjisi için türbin üreten fabrikada incelemelerde bulunan Erdoğan, yatırım sözü aldıklarını söyledi. … URUMÇİ - Başbakan Recep Tayyip Erdoğan, Urumçi'de rüzgar enerjisi için türbini üreten incelemelerde bulunduğu fabrikanın yetkililerini, yatırım için Türkiye'ye davet ettiklerini belirterek, ""Dışişlerimiz ile irtibat halinde Türkiye'de de karşılığını bulmak üzere inşallah kendilerinden yatırım sözü aldık, temenni ederim ki böyle bir yatırım gerçekleşir"" dedi. … İlk olarak, enerji konusunda faaliyet yürüten TBEA şirketine gelen Erdoğan, burada ellerinde Türk ve Çin bayrakları bulunan işçiler tarafından karşılandı.",Erdoğan: got investment promise from Urumqi turbine maker (TBEA),Yatırım sözü aldık,https://www.dunya.com/gundem/yatirim-sozu-aldik-haberi-170591,dunya_170591
02fc7686c785,SINOVEL-AGAOGLU-LOCALISATION,2012-04-10,investment_evidence,invitation,Sinovel,Mainland China,Ağaoğlu Group,energy equipment (wind),,,turbine supply + invitation to localise component production,1000,USD mn (wind farms),,600 MW,Dünya,"Ağaoğlu 600 MW RES için Çinli Sinovel'den türbin alacak, üretimini Türkiye'ye taşıyacak. … Ekonomi Bakanı Zafer Çağlayan, Enerji ve Tabii Kaynaklar Bakanı Taner Yıldız, Sinovel Başkan Yardımcısı Li Lecheng ve Uluslararası İş Geliştirme direktörü Andy-Jia Shuo ile Ağaoğlu Şirketler Grubu Yönetim Kurulu Başkanı Ali Ağaoğlu'nun katıldığı törende imzalanan anlaşma kapsamında, türbinlerin kule, kanat ve jenaratör gibi aksamlarının Türkiye'de üretilmesi için Ağaoğlu Sinovel'i Türkiye'ye davet etti. … Ağaoğlu ile Sinovel arasında imzalanan türbin anlaşması sonucu kurulacak 600 MW'lık santrallerin toplam yatırım bedeli 1 milyar doları bulacak.",purchase deal; Ağaoğlu invited Sinovel to produce towers/blades/generators in Turkey,"Ağaoğlu, Çinli Sinovel'den türbin alıyor",https://www.dunya.com/gundem/agaoglu-cinli-sinovel039den-turbin-aliyor-haberi-170838,dunya_170838
29ed88919bc2,CN-GENERAL-INTEREST,2012-04-12,general_signal,interest,27 Chinese CEOs,Mainland China,,infrastructure / multi-sector,,,,,,,,Dünya,"Çinli firmalar nükleer enerji, karayolu, yüksek hızlı tren projeleri, demiryolu, limanlara talipler ve 3. köprüyü yapabileceklerini belirttiler. … ANKARA - Ekonomi Bakanı Zafer Çağlayan, Başbakan Recep Tayyip Erdoğan başkanlığında Shanghay'da gerçekleştirilen toplantıya Çin'in önde gelen 27 firmasının CEO'sunun katıldığını, ""Çinli firmaların nükleer enerji, karayolu, yüksek hızlı tren projeleri, demiryolu ve limanlara talip olduklarını, 3. köprüyü yapabileceklerini belirttiklerini"" bildirdi. … Çinli CEO'ların Türkiye'de başta otomotiv, enerji, telekomünikasyon, havayolu taşımacılığı, demiryolu taşımacılığı ve bankacılık sektörleri olmak üzere pek çok alanda yatırım yapmak istediklerini kaydeden Çağlayan, ""Yeni teşvik sisteminden yararlanmak isteyen Çinli firmaların Türkiye'ye artan ilgisinin önümüzdeki dönemde yatırıma dönüşeceğine inandığı"" değerlendirmesinde bulundu.","interest in nuclear, highways, HSR, rail, ports, 3rd bridge",Teşvik Çin'in iştahını artırdı,https://www.dunya.com/ekonomi/tesvik-cin039in-istahini-artirdi-haberi-171111,dunya_171111
a4cfa498123e,BASKENT-GAZ-PRIVATIZATION,2012-04-16,investment_evidence,tender spec purchase,unnamed Chinese firms,Mainland China,,gas distribution,Ankara,Başkent Doğalgaz (80%),privatization bid,,,,,Dünya,"Teklifler bugün alınıyor. 1.3 milyon abonesi bulunan Başkent Doğalgaz için Koç, Sabancı Akfen gibi yerli yatırımcıların yanında Çin'den de şartname alan şirketler olduğu belirtiliyor. … Aralarında Sabancı, Koç Grubu, Global Yatırım, Limak, Aksa, Akfen'in yanı sıra Suudi Arabistan ve Çin'den önemli şirketler ihalede yarışacak.",Chinese firms among spec buyers,Teklifler bugün alınıyor,https://www.dunya.com/sektorler/enerji/teklifler-bugun-aliniyor-haberi-171430,dunya_171430
54a13b9c1d62,BASKENT-GAZ-PRIVATIZATION,2012-04-19,investment_evidence,bid submitted,ENN Energy,Mainland China,STFA (50-50 JV),gas distribution,Ankara,Başkent Doğalgaz (80%),privatization bid,,,,,Dünya,"STFA, Çinli ENN ile ortak hareket ediyor"" dedi. … STFA CEO'su Mehmet Ali Neyzi, Ocak ayında Reuters'a yaptığı açıklamada, Çinli ENN ile Başkent Doğalgaz ihalesine katılmak için yüzde 50-50 paya sahip ortak şirket kurduklarını söylemişti.(Reuters)",STFA-ENN joint bid; final negotiation next week,Başkent Gaz ihalesinde nihai pazarlık haftaya,https://www.dunya.com/ekonomi/baskent-gaz-ihalesinde-nihai-pazarlik-haftaya-haberi-171827,dunya_171827
511b38bcdad4,SINOP-NPP-CHINA-BID,2012-04-20,investment_evidence,consortium interest,CNI23 (China Nuclear Industry 23 Construction),Mainland China,CANDU Energy; EÜAŞ,energy (nuclear),Sinop,,consortium partner (construction/equipment/operation),20000,USD mn (project),,,Dünya,"Çin ve bazı diğer ülkelerden partnerlerimiz de bizimle çalışacak"" dedi. … Sinop'a kurulacak nükleer santralde şirketlerinin tek olmayacağını vurgulayan Alizadeh, Çin'in önde gelen şirketlerinden CNI23'ün de projede aktif olarak rol alacağını bildirdi. … Bunlardan biri de proje ile yakından ilgilendiğini bize ileten Çinli CNI23 şirketi.",Canadian CANDU says Chinese partners will work with it,CANDU: Sinop'ta nükleer santralin maliyeti 20 milyar dolar,https://www.dunya.com/sektorler/enerji/candu-sinop039ta-nukleer-santralin-maliyeti-20-milyar-dolar-haberi-172088,dunya_172088
17ec407b9eb5,BASKENT-GAZ-PRIVATIZATION,2012-04-24,investment_evidence,final negotiation,ENN Energy,Mainland China,STFA,gas distribution,Ankara,Başkent Doğalgaz (80%),privatization bid,,,,,Dünya,"Başkent Doğalgaz'ın özelleştirilmesi ihalesiyle ilgilenen gruplar arasında, Akfen, Aksa, Kolin-Cengiz-Limak, Aygaz, Torunlar, Global Yatırım'ın yanı sıra STFA ile Çinli ENN ve Türk ortakları olan büyük bir Suudi fon da bulunuyor.",STFA-ENN among groups in final negotiation,Başkentgaz'da nihai pazarlık perşembe,https://www.dunya.com/ekonomi/baskentgaz039da-nihai-pazarlik-persembe-haberi-172259,dunya_172259
3c42f34159ac,SINOP-NPP-CHINA-BID,2012-04-24,investment_evidence,competing,PRC,Mainland China,,energy (nuclear),Sinop,,intergovernmental nuclear agreement,,,,,Dünya,"Karadeniz sahilinde yapılması planlanan santralin inşa yarışına Çin'in de katılması hatırlatılarak, Türkiye'nin bu projede önem verdiği koşulların sorulması üzerine Yıldız, Çin'le imzalanan belgenin içeriğine dair bilgi verdi. … Yıldız, Çin ile iki anlaşma imzalandığını belirterek, birinin nükleer enerjinin barışçıl amaçlarla kullanımını taahhüt altına alan bir anlaşma olduğunu ve bu anlaşmanın çerçevesini anlattı.",China in the race; two agreements signed with China,Japon gazetesine konuştu,https://www.dunya.com/ekonomi/japon-gazetesine-konustu-haberi-172235,dunya_172235
4a31ed68909c,JAC-IHLAS-YALOVA-SKD,2012-05-08,investment_evidence,mou signed,JAC Motors (Anhui Jianghuai Automobile),Mainland China,İhlas Motor (İhlas Holding),automotive (LCV),Yalova,İhlas Holding plant,distribution + SKD assembly (licensing; no equity stated),,,,,Dünya,"İhlas Motor Çinli JAC Motors ile Yalova'da SKD üretimi için mutabakata vardı. … İSTANBUL - İhlas Holding'in iştiraki İhlas Motor, Zahav grubu ile otomotiv alanında çalışmaktan vazgeçtiğini ve Çinli JAC Motors ile 3.5 tonluk hafif ticari araçların Türkiye'deki fabrikada SKD (semi knockeddown - yarı monte) olarak üretimi için mutabakata vardığını açıkladı. … Açıklamada, ""İhlas Motor, Zahav grubu ile olan çalışmaların verimli gitmemesi üzerine, Çin Halk Cumhuriyeti'nin önemli otomotiv kuruluşlarından biri olan JAC Motors (Anhui Jianghuai Automobile Co) firması ile bir distribütörlük sözleşmesi imzalamış olup, 3.5 tonluk hafif ticari araçların Yalova'da kurulu bulunan İhlas Holding A.Ş'nin mülkiyetine kayıtlı fabrikada SKD olarak üretimi için de mutabakata varılmıştır"" denildi.",SKD production of 3.5t LCVs in İhlas-owned plant; Chinese equity not stated,"Çinli JAC ile anlaştı, üretim Türkiye'de",https://www.dunya.com/sirketler/cinli-jac-ile-anlasti-uretim-turkiye039de-haberi-173529,dunya_173529
70b1b5374335,TUZGOLU-GAS-STORAGE-TIANCHEN,2012-05-10,contractor_or_finance_only,construction started,China Tianchen Engineering,Mainland China,BOTAŞ,Energy – gas,Aksaray,Sultanhanı,EPC contract,,,,1 bcm,Dünya,"Depolama işi açılan ihaleyi Çinli TCC-China Tianchen Engineering Corporation firması kazanmıştı. … BOTAŞ ile Çinli firma arasında yapım sözleşmesi, kasım ayında Ankara'da törenle imzalandı. … Depoyu yapacak Çinli firmanın çalışmalara başladığı öğrenildi.",Tianchen won the storage tender; contract signed Nov 2011; works started,"BOTAŞ, 569 milyona gazı Tuz Gölü'ne depolayacak",https://www.dunya.com/sektorler/enerji/botas-569-milyona-gazi-tuz-golu039ne-depolayacak-haberi-173665,dunya_173665
f5aa9809473e,KAZANCI-CN-PARTNER-INTEREST,2012-05-29,general_signal,partner search,unnamed Chinese coal/hydro firms,Mainland China,Kazancı Holding (Aksa),energy,,,,,,,,Dünya,"İSTANBUL - Kazancı Holding Yönetim Kurulu Üyesi Cemil Kazancı, enerji sektöründe, özellikle kömür ve hidroenerji üreten Çinli firmalarla ortaklığa sıcak baktıklarını söyledi. … Enerjide Çinli firmalara ortaklığa sıcak bakıyoruz. … Özellikle kömür ve hidro enerji alanında faaliyet gösteren şirketlerle temas halindeyiz"" dedi.",Kazancı open to Chinese partners in energy,"Kazancı, enerjide Çinli ortağa sıcak bakıyor",https://www.dunya.com/sirketler/kazanci-enerjide-cinli-ortaga-sicak-bakiyor-haberi-175346,dunya_175346
dd38dd8da91a,TUFANBEYLI-TEYO-CN-PLANT,2012-06-23,investment_evidence,tender won,unnamed Chinese firm (TEYO partner),Mainland China,TEYO Yatırım,energy (lignite power),Adana,Tufanbeyli,coal field royalty + power plant,1000,USD mn,,,Dünya,Adana Tufanbeyli'de yapılan ihalenin hızlıca kontratına geçiyoruz. 1 milyar doları aşacak olan bir yatırımı Çinli firma kazanmıştı.,minister: Chinese firm won >1bn USD Tufanbeyli tender; contract next week,1 milyar dolarlık yatırımı imzalıyoruz,https://www.dunya.com/sektorler/enerji/1-milyar-dolarlik-yatirimi-imzaliyoruz-haberi-177581,dunya_177581
84aa99b1c689,TUFANBEYLI-TEYO-CN-PLANT,2012-06-25,investment_evidence,contract signed,Weiqu Energy Investment Co. Ltd.,Mainland China,TEYO Yatırım,energy (lignite power),Adana,Tufanbeyli,coal field royalty (30y) + power plant,1200,USD mn,2000,600 MW,Dünya,"Törende konuşan Türkiye Kömür İşletmeleri (TKİ) Genel Müdürü Mustafa Aktaş da kömür yatırımcılarına bürokratik engellerin kaldırılması konusunda her türlü desteği vereceklerini ve diğer kömür ihalelerinin de 2'şer, 3'er aylık aralıklarla gerçekleştireceklerini kaydetti.1,2 milyar dolarlık yatırımTörende konuşan yatırımcı şirket Teyo Yatırım ve Dış Ticaret Anonim Şirketi Yönetim Kurulu Başkanı Ferudun Korkmaz, Tufanbeyli'de 6 yıl içinde 1,2 miyar dolarlık bir yatırımla 600 MW kurulu gücünde elektrik santrali yapılacağını söyledi. … Santralden yıllık 3 milyar 600 milyon kilovatsaat (kWh) elektrik üretilmesinin hedeflendiğini belirten Korkmaz, bunun karşılığında TKİ'ye yılda yaklaşık 50 milyon dolar rödovans bedeli ödeneceğini ve sahanın 30 yıl boyunca kendilerinde kalacağını dile getirdi. … Yatırımla birlikte 2 bin kişinin de istihdam edileceğini kaydeden Korkmaz, ""Ülkemiz için çok önemli olan yerli linyitleri canlandırarak gazdan kurtulma politikamıza az da olsa bizim de katkımız olursa çok mutlu olacağız"" dedi. … TEYO'nun Çinli  ortağı Weiqu Energy Investment Co.",royalty signing ceremony; TEYO's Chinese partner Weiqu,"""Manipülatörleri 6 ayda eleriz""",https://www.dunya.com/ekonomi/quotmanipulatorleri-6-ayda-elerizquot-haberi-177741,dunya_177741
86128197849f,TUFANBEYLI-TEYO-CN-PLANT,2012-06-26,investment_evidence,contract signed,Vapet (as reported),Mainland China,TEYO Yatırım,energy (lignite power),Adana,Tufanbeyli,coal field royalty (30y) + power plant,1200,USD mn,,600 MW,Dünya,Çin’den Adana’ya 6 yılda 1.2 milyar dolarlık enerji yatırımı. … Adana Tufanbeyli Kömür sahasında Çinli ortağıyla 600 MW’lık santral kuracak olan TEYO Yatırım 6 yılda 1.2 milyar dolarlık yatırım yapacak. … ANKARA - Çinli ortağı Vapet’le Türkiye Kömür İşletmeleri Kurumu’na (TKİ) ait Adana Tufanbeyli Kömür sahasında 600 MW’lık santral kuracak olan TEYO Yatırım 6 yılda 1.2 milyar dolarlık yatırım yapacak. … Anlaşmaya göre TEYO Yatırım TKİ’ye 30 yıl boyunca da yıllık 50 milyon dolar rödövans bedeli ödeyecek.,same event; partner named Vapet in this report,Çin’den Adana’ya 6 yılda 1.2 milyar dolarlık enerji yatırımı,https://www.dunya.com/ekonomi/cinden-adanaya-6-yilda-12-milyar-dolarlik-enerji-yatirimi-haberi-177784,dunya_177784
398ff01676d4,RIOT-GAMES-TURKEY-OFFICE,2012-06-27,investment_evidence,office opened,Riot Games (Tencent-controlled since 2011),Chinese-owned foreign brand,,online games,İstanbul,,country office,,,,,Dünya,"Türkiye pazarına adım atan Riot Games’in ülke müdürü Hasan Çolakoğlu oldu. … İSTANBUL - Game Developer dergisinin ""En İyi 30 Oyun Geliştirici"" listesinde yer alan ve online oyunlar üreten Riot Games’in Türkiye ofisini Hasan Çolakoğlu yönetecek.",HIDDEN Chinese ownership via Tencent; country manager appointed,Çolakoğlu Riot Games'in Türkiye müdürü oldu,https://www.dunya.com/gundem/colakoglu-riot-games039in-turkiye-muduru-oldu-haberi-177970,dunya_177970
6870c731442b,RIOT-GAMES-TURKEY-OFFICE,2012-07-05,context_mention,office opened,Riot Games (Tencent),Chinese-owned foreign brand,,online games,İstanbul,,office,,,,,Dünya,"İSTANBUL - Riot Games’in YouTube’daki ""League of Legends"" Patch Preview’ü 1 milyon 250 binden fazla kez izlendi. … Riot Games geçtiğimiz aylarda Türkiye ofisini açtıktan sonra, şimdi de sosyal medyada takipçileriyle buluşuyor.",,Sosyal medyayı salladı,https://www.dunya.com/gundem/sosyal-medyayi-salladi-haberi-178710,dunya_178710
5dc263a3e8a6,RIOT-GAMES-TURKEY-OFFICE,2012-07-10,context_mention,office opened,Riot Games (Tencent-controlled),Chinese-owned foreign brand,,online games,İstanbul,,direct office,,,,,Dünya,ABD firması Riot Games direkt ofis açtı. … Hasan Çolakoğlu Riot Games Ülke Müdürü: League of Legends Türkçe oynanabilecekRiot Games ABD merkezli bir firma.,article calls Riot American; Tencent majority owner since 2011,'Dijital oyunda pazar hacmi  5 yılda 1 milyar TL'ye çıkacak',https://www.dunya.com/sektorler/teknoloji/039dijital-oyunda-pazar-hacmi-5-yilda-1-milyar-tl039ye-haberi-179028,dunya_179028
7e397449c035,BASKENT-GAZ-PRIVATIZATION,2012-07-20,context_mention,tender spec purchase,unnamed Chinese firms,Mainland China,,gas distribution,Ankara,Başkent Doğalgaz,privatization bid,,,,,Dünya,"İhale yerli ve yabancı birçok şirket ilgilenirken, Koç, Sabancı Akfen gibi yerli yatırımcıların yanında Çin'den de şartname alan şirketler olduğunu belirtiliyor.",re-tender: Chinese spec buyers,Dev şirketler Başkent Doğalgaz için düğmeye bastı,https://www.dunya.com/ekonomi/dev-sirketler-baskent-dogalgaz-icin-dugmeye-basti-haberi-179921,dunya_179921
90b9fc8a3500,CHINA-SUNERGY-SOLAR-FACTORY,2012-07-23,investment_evidence,decision announced,China Sunergy (CSUN),Mainland China,Akfel Group; Seul Enerji,solar manufacturing,,,,600,USD mn,,600 MW,Dünya,"Güneş paneli üretiminde dünyada önemli payı olan China Sunergy, Türkiye'de 600 milyon dolar yatırımla Avrupa'nın en büyük güneş paneli fabrikasını kuracak. … ANKARA - Güneş paneli üretiminde dünyada önemli paya sahip olan China Sunergy (CSUN), Türkiye'de 600 milyon dolar yatırımla Avrupa'nın en büyük güneş paneli fabrikasını kuracak. … Fabrikanın 3 sene içerisinde 600 megavat kapasiteye ulaşması hedefleniyor. … Güneş paneli ve güneş pili üretiminde dünyada önemli bir paya sahip olan CSUN, Akfel Grup ve Seul Enerji ortaklığıyla Türkiye'de Avrupa'nın en büyük güneş paneli fabrikasını kurma kararı aldı. … Yatırım yer tespiti için Türkiye'ye gelen CSUN yöneticisi Tanyan Huang'ı kabul eden Enerji Piyasası Düzenleme Kurumu (EPDK) Başkanı Hasan Köktaş, CSUN'un hücre verimliliği konusunda dünya rekorunun bulunduğunu ve dünyadaki en yüksek verimli hücreleri ürettiğini öğrendiklerini söyledi.",Europe's largest panel factory planned; site selection visit,600 milyon dolara fabrika kuracak,https://www.dunya.com/ekonomi/600-milyon-dolara-fabrika-kuracak-haberi-180167,dunya_180167
65f3dab6c850,SINOP-NPP-CHINA-BID,2012-07-23,context_mention,negotiation,PRC,Mainland China,,energy (nuclear),Sinop,,nuclear plant,,,,,Dünya,"İkinci santralle ilgili olarak bildiğimiz kadarıyla Japonya, Kanada ve Çin ile görüşmeler yapmakta.","Rosatom exec: Turkey negotiating 2nd plant with Japan, Canada, China",İşte Akkuyu Nükleer Santrali,https://www.dunya.com/gundem/iste-akkuyu-nukleer-santrali-haberi-180172,dunya_180172
fc99d925cfe3,PINEBRIDGE-ULUSAL-FAKTORING,2012-08-01,other_news_source,stake acquired,PineBridge Investments,,,,,,,,,,,Capital,"Ulusal Faktoring's general manager says PineBridge Investments acquired 47% of the company the previous December, doubling its equity; the article presents PineBridge as the buyer of the fund-management business of the American insurer AIG.",,İlk 20'deyiz ilk 10'a gireriz,https://www.capital.com.tr/finans/faktoring/ilk-20deyiz-ilk-10a-gireriz-070217,
5d4eb704eedc,CSR-MNG-ANKARA-RAIL-PLANT,2012-08-03,other_news_source,tender won,CSR Zhuzhou,,,,,,,2500,CNY mn (contract),,,Railway Gazette International,CSR Zhuzhou won the contract for 342 Ankara metro cars and said it would invest in a Turkish plant able to supply up to 200 vehicles a year to regional markets.,,CSR Zhuzhou awarded Ankara metro train contract,https://railwaygazette.com/csr-zhuzhou-awarded-ankara-metro-train-contract/37163.article,
f22f0b4704b0,HNA-MYTECHNIC-MYCARGO,2012-08-07,investment_evidence,operating,HNA Group,Mainland China,Yavuz Çizmeci,"aviation (MRO, air cargo)",İstanbul,Sabiha Gökçen (myTECHNIC),JV / equity partnership,,,,,Dünya,"myTECHNIC ve myCARGO'nun kurucu ortağı ve CEO'su Yavuz Çizmeci, Soros'un bir çalışanı sayesinde bulduğu Çinli HNA Grubu ile ortaklığı şimdilerde turizm alanına genişletmeyi planlıyor. … HNA'nın diğer iki kargo şirketi ile myCARGO'nun faaliyetlerini tek çatı altında toplayan yeni şirketi güçlendirip Hong Kong borsasına açma görevi de Çizmeci'ye verilmiş. … Ben o arkadaş vasıtasıyla Çinlilerle ortak oldum. … ""MYTECHNIC DÜNYADAKİ SAYILI TESİSTEN BİRİ [PAGE] MYTECHNIC DÜNYADAKİ SAYILI TESİSTEN BİRİÇizmeci'nin HNA ile ortak kurduğu myTECHNIC, Airbus ve Boeing'in her türlü uçaklarının bakımının yapıldığı dündayada sayılı tesislerden biri. … İstanbul, Sabiha Gökçen Havalimanı bölgesinde yer alıyor. 12 uçak aynı anda bakıma girebiliyor... Çizmeci'nin bu şirkette hisse payı yüzde 40.",HNA co-owns myTECHNIC (Çizmeci holds 40%) and myCARGO; plans to expand into tourism,Çin'de üretilen iPad'leri dünyaya biz dağıtacağız,https://www.dunya.com/gundem/cin039de-uretilen-ipad039leri-dunyaya-biz-dagitacagiz-haberi-181635,dunya_181635
550873963c1b,SINOP-NPP-CHINA-BID,2012-09-10,context_mention,negotiation,PRC,Mainland China,,energy (nuclear),Sinop,,nuclear plant,,,,,Dünya,"Türkiye, Mersin Akkuyu'ya yapılacak ilk santral için Rusya ile hükümetlerarası anlaşma imzalarken, Çin, Güney Kore ve Japonya'nın yanı sıra Kanadalı Candu ile Sinop'a ikinci nükleer santrali kurmak için müzakerelere devam ediyor.","talks continue with China, Korea, Japan, CANDU",İkinci santral yıl sonuna kadar netleşecek,https://www.dunya.com/sektorler/enerji/ikinci-santral-yil-sonuna-kadar-netlesecek-haberi-184642,dunya_184642
a0e53ea052ff,NIGDE-BOR-TURK-CHINA-INDUSTRIAL-PARK,2012-09-12,investment_evidence,land allocation stage,Chinese businessmen (Turkish-Chinese Business Association),Mainland China,,"industrial park (auto, electronics, batteries)",Niğde,Bor OSB,industrial park (~200 factories),,,15000 (target),,Dünya,"Çinli iş adamları, Niğde'nin Bor ilçesinde 2015 yılına kadar otomotiv, elektrik elektronik, pil teknolojisi gibi ürünlerin üretilebileceği 200 fabrika kuracak. … Niğde'ye gelen ve Türk-Çin Endüstriyel Parkı adını verdikleri projeyi tanıtan Çinli işadamları, Bor Organize Sanayi Bölgesi'ne giderek fabrikaların kurulacağı alanda incelemede bulundu. … Bor Organize Sanayi Bölge (OSB) Müdürü Yavuz Kavaklıoğlu, dünyanın en hızlı büyüyen ekonomileri arasında yer alan Çin'in, Türkiye'de yatırım yapmak için yer aradığını ve en uygun bölge olarak Bor OSB'yi belirlediklerini söyledi. … Türk-Çin İş Adamları Derneği yetkilileri ile yaklaşık 1,5 yıldır görüştüklerini belirten Kavaklıoğlu, ""Görüşmelerde arsa tahsisi aşamasına geldik. … Çinli iş adamları ilk etapta Bor'da 3 yıl içerisinde yaklaşık 200 fabrika kuracak ve 15 bine yakın kişi istihdam edilecek.","plan, land allocation stage",Niğde Çin'in üretim üssü oluyor,https://www.dunya.com/ekonomi/nigde-cin039in-uretim-ussu-oluyor-haberi-184899,dunya_184899
eaaf2d674e7c,HK-HOTEL-BRANDS,2012-09-14,company_news,plan,Mandarin Oriental Hotel Group (Hong Kong),Hong Kong,Turkish developer,hotels (management),İstanbul; Muğla,Bosphorus; Bodrum,hotel management,,,,,Dünya,"Boğaz gibi değerli bir arazide yapılacak otelin dünyada kral, kraliçe, zengin ve ünlülerin tercih ettiği Mandarin Oriental grubuyla hayat geçirmeyi düşündüklerini söyleyen Açşı, “Mandarin Oriental ile henüz anlaşma yapmadık. … Mandarin Oriental Bodrum’un bilinirliğini artırdı[PAGE]Mandarin Oriental Bodrum’un bilinirliğini artırdıAstoria rezidansta by Kempinski ile  Maçka Residences’da Interior Design by Armani, Bodrum’da Mandarin Oriental ile proje geliştirmeye devam eden Aşçı, “Bodrum’da Mandarin Oriental’i yaptığımız işbirliği sayesinde Bodrum’un bilinirliği daha da arttı. … Bu Mandarin Oriental ile yaptığımız tanıtım çalışmaları sonucunda gerçekleşti.",brand/management; ownership Turkish,Dünya sosyetesinin düğünlerini Türkiye’deki otellerine çekecek,https://www.dunya.com/sektorler/turizm/dunya-sosyetesinin-dugunlerini-turkiyedeki-otellerine-cekecek-haberi-185127,dunya_185127
a37703cab40f,ISPARTA-XINGTAI-LITHIUM-BATTERY,2012-09-14,investment_evidence,jv established,Xingtai Municipality (Hebei) + Chinese battery investors,Mainland China,"Isparta Municipality (Isparta Gül Ltd, 51%)",batteries / EVs,Isparta,"Eğirdir road (50,000 m2)",JV (49% Chinese),,,,,Dünya,"ISPARTA - Isparta'da, belediye ve Çin'in Hebei Eyaleti Xingtai Belediyesi ortaklığıyla elektrikli araçlar için lityum pil üretimi yapılacak fabrika kurulacağı bildirildi. … Fabrika için Isparta Gül Limited Şirketi'ni kurduklarını kaydeden Günaydın, yüzde 51'i Isparta Belediyesi'ne ait şirketin yüzde 49 hissesinin de Çinli ortaklara ait olacağını ifade etti. … Günaydın, Çin'deki büyük pil yatırımcılarının şirkete katılımının sağlandığını vurgulayarak, ""Dev yatırımın fabrika binası Eğirdir yolundaki 50 bin metrekarelik alanda Isparta Belediyesi tarafından yapılacak. … Fabrikanın teknolojik kısmını ise Çinli girişimciler karşılayacak"" dedi.",JV company set up; factory building by municipality,Çinliler Isparta'ya pil fabrikası kuracak,https://www.dunya.com/ekonomi/cinliler-isparta039ya-pil-fabrikasi-kuracak-haberi-185215,dunya_185215
6f08142b40e7,CENHAN-MALATYA-COPPER,2012-09-17,investment_evidence,rights acquired,"Cenhan Madencilik (Chinese, as reported)",Mainland China,,mining (copper),Malatya,"Arguvan, Akören (250 dönüm)",operating rights (10y),,,,,Dünya,"Malatya'nın Arguvan ilçesine bağlı Akören köyünde, bakır rezervi bulunan 250 dönümlük arazinin işletme hakkını 10 yıllığına Çin'li Cenhan Madencilik adlı şirket aldı. … MALATYA - Çin'li Cenhan Madencilik adlı şirket, Malatya'nın Arguvan ilçesine bağlı Akören köyünde bakır çıkaracak.",,Çin'liler Malatya'da bakır çıkaracak,https://www.dunya.com/ekonomi/cin039liler-malatya039da-bakir-cikaracak-haberi-185400,dunya_185400
23f554609a4a,KINGDOM-LINEN-TURKEY,2012-09-19,investment_evidence,exploration,Kingdom (linen yarn),Mainland China,Filofibra (distributor),textiles (linen yarn),Black Sea region,,factory + flax cultivation research,,,,,Dünya,"Türkiye pazarına ağırlık vermeyi planlayan Kingdom, Türkiye'de keten iplik fabrikası kurulma imkanları ve Karadeniz'de keten bitkisinin yetiştirilmesi konusunda araştırma yapacak. … Ülkeyi ilk kez ziyaret eden Kingdom yetkilileri Türkiye'de keten iplik fabrikasının kurulabileceğini belirtirken, ayrıca, Karadeniz'de keten bitkisinin yetiştirilmesi konusunda araştırma yapacaklarını açıkladılar.",says factory could be set up in Turkey,Dev iplik üreticisi Kingdom Türkiye'de hedef büyüttü,https://www.dunya.com/ekonomi/dev-iplik-ureticisi-kingdom-turkiye039de-hedef-buyuttu-haberi-185596,dunya_185596
cc773fd739b3,SINOP-NPP-CHINA-BID,2012-09-20,context_mention,offer preparation,PRC,Mainland China,,energy (nuclear),Sinop,,nuclear plant,,,,,Dünya,Sinop'a yapılacak 2.,,Nükleer santral ihalesi ay sonunda netleşecek,https://www.dunya.com/sektorler/enerji/nukleer-santral-ihalesi-ay-sonunda-netlesecek-haberi-185749,dunya_185749
886e2e8e39b0,ADM-CAPITAL-ISIKLAR,2012-09-25,investment_evidence,exited,ADM Capital,Hong Kong,Işıklar Holding,"holding (packaging, energy)",,,holding-level partnership (debt restructuring),,,,,Dünya,ADM adlı yabancı bir fonu gruba ortak ettik ve banka borçlarımızı 2006 yılında kapattık. … Bu son 5 sene ADM Capital ile holding seviyesinde ortaklığımız devam etti. … ADM de bizimle ortaklık sürecinden gayet memnun ayrıldı.,partnership since ~2006 ended Jan 2012; family bought back shares,2001 krizinin 'survivor'ı oldu yabancılar ortaklık için geliyor,https://www.dunya.com/gundem/2001-krizinin-039survivor039i-oldu-yabancilar-ortaklik-icin-haberi-186129,dunya_186129
de07cdb2e499,HARBIN-HATTAT-POWER-EQUIPMENT,2012-09-26,investment_evidence,agreement signed,Harbin Electric Group,Mainland China,Hattat Holding (HEMA Endüstri),power equipment manufacturing,,,JV production plant,250,USD mn,2000,,Dünya,"Çinli elktrik santral üreticisi Harbin ile Hattat'ın şirketlerinden Hema arasında 250 milyon dolarlık ortaklık anlaşması imzalandı. … İSTANBUL - Her yıl, Türkiye’nin kurulu gücü kadar elektrik santrali üreten Çin’in en büyük elektrik santral üreticisi Harbin Electric Group, Hattat Holding grup şirketlerinden HEMA Endüstri ile ortak üretime geçiyor. 250 milyon dolarlık yeni yatırımla kurulacak tesiste elektrik santral üniteleri üretilecek ve yaklaşık 2000 kişilik istihdam sağlanacak. … İpek Hattat Türkiye’de elektrik santral yapım fabrikası kurmak üzere işbirliği anlaşması imzaladı.",joint production of power plant units,Harbin ile Hattat arasında dev ortaklık,https://www.dunya.com/sektorler/enerji/harbin-ile-hattat-arasinda-dev-ortaklik-haberi-186336,dunya_186336
618349a0f597,LUOYANG-YIZONG-HALAL,2012-10-03,investment_evidence,partner search,Luoyang Yizong Islamic Food,Mainland China,,"food (halal meat, retail)",,,partnership / own supermarket chain (idea),,,,,Dünya,"Helal gıda ihracı için Türkiye'de ortak arıyor. … İSTANBUL - Luoyang Yizong İslamic Food Şirketi Genel Müdürü Guan Qunsheng, helal gıda ile ilgili Türkiye'de bir ortaklık kurmayı düşündüklerini belirterek, ""Türkiye'de gerekli bir takım pazar araştırmalarını yaptıktan sonra olumlu bir karar alırsak, kendi marketler zincirimizi açmayı düşünüyoruz"" dedi. … ""Türkiye'de gerekli bir takım pazar araştırması yaptıktan sonra olumlu bir karar alırlarsak, kendi marketler zincirimizi açmayı düşünüyoruz"" diyen Qunsheng, şunları kaydetti: ""Özellikle Türkiye'nin bu et işleme sektöründeki teknolojiyi kendi ülkemizde de kullanmak istiyoruz.",considering partnership and own market chain after market research (2012),Helal gıda ihracı için Türkiye'de ortak arıyor,https://www.dunya.com/dunya/helal-gida-ihraci-icin-turkiye039de-ortak-ariyor-haberi-187027,dunya_187027
82a555dea33a,ISTANBUL-3RD-AIRPORT-CN,2012-10-05,investment_evidence,interest,unnamed Chinese firms,Mainland China,,airports,İstanbul,3rd airport,BOT tender,,,,,Dünya,"Katar ve Çin'den de teklif varİhalesinin Kasım ayına kadar yapılması beklenen 3'üncü havalimanı ihalesine dünya çapında bir proje olması nedeniyle yerli ve yabancı şirketler de  yoğun ilgi gösteriyor. … Bakan Yıldırım, ""Almanlar, Çinliler, Fransızlar, Körfez ülkeleri, Katar, Dubai, Japonlar ihale için talip oluyorlar.",minister: Chinese among those interested,Yıldırım: Trafiği biz yönetiriz 3 havalimanı da çalışabilir,https://www.dunya.com/ekonomi/yildirim-trafigi-biz-yonetiriz-3-havalimani-da-calisabilir-haberi-187192,dunya_187192
e16172a7c20d,BALIKESIR-TEXONG-YARN,2012-10-08,investment_evidence,decision reported,unnamed Chinese textile firm (GM Hong Tian Zhu),Mainland China,,textiles (yarn),Balıkesir,Balıkesir OSB (185 dönüm),greenfield plant,70,USD mn,500 (later 1000),,Dünya,"Çinlilerden Balıkesir'e 70 milyon dolarlık yatırım kararı. … BALIKESİR - Balıkesir'de ilk yabancı yatırımını, Çinli bir tekstil firması, 70 milyon dolarlık projeyle gerçekleştirecek. … OSB'de 5 parselden oluşan 185 dönümlük bir arazi tahsisi yapılacak. … Çin tekstil firmasının Balıkesir'de yapacağı yatırımın mali boyutunun ilk aşamada 70 milyon dolar olacağını açıklayan Gündoğan, ''Fabrikayı bir yıl içinde tamamlayıp faaliyete geçirmeyi hedeflediklerini ilettiler. … İplik üretimi yapacak fabrikada ilk etapta 500 kişinin istihdam edilmesi ve bu sayının ileri tarihlerde bina çıkarılması planlanıyor'' diye konuştu.",agreement expected in 2-3 weeks,Çinlilerden Balıkesir'e 70 milyon dolarlık yatırım kararı,https://www.dunya.com/ekonomi/cinlilerden-balikesir039e-70-milyon-dolarlik-yatirim-karari-haberi-187540,dunya_187540
50271be92106,BALIKESIR-TEXONG-YARN,2012-10-09,other_news_source,investment announced,Texhong,,,,,,,70,USD mn,,,Invest in Türkiye,"Texhong is investing 70m USD in a yarn plant in Balıkesir, to start production within a year with at least 500 jobs; it is the first Chinese company to invest in the province.",,Chinese textile company invests in Türkiye,https://www.invest.gov.tr/en/news/news-from-turkey/pages/091012-chinese-textile-company-turkey-investment.aspx,
43dc34158ffc,HARBIN-HATTAT-POWER-EQUIPMENT,2012-10-22,investment_evidence,status update,Harbin Electric Group,Mainland China,Hattat Holding,power equipment manufacturing,,,JV (50-50) equipment manufacturing,,,,,Dünya,"Çinlilerle ortak santral üretecekHattat kömür çıkarımında Çinlilerle işbirliği yapıyor. … Sonunda Çinlilerle buraya santral kurmak için değil, santral makineleri üretimi için ortaklık kurduk. … Bu ortaklık yüzde 50-50'dir.",Hattat: 50-50 partnership with Chinese for power-plant machinery production,"Hattat'ın projesinde kömür ve gaz tamam, sıra santrallarda",https://www.dunya.com/sektorler/enerji/hattat039in-projesinde-komur-ve-gaz-tamam-sira-santrallarda-haberi-188872,dunya_188872
0ada4268d610,HATTAT-AMASRA-DATONG-MINING,2012-10-22,contractor_or_finance_only,cooperation,Datong Coal Mine Group,Mainland China,Hattat Holding,mining (hard coal),Bartın,Amasra,mining cooperation (contractor),,,,,Dünya,"""Santralde ÇED raporu bekliyor karşı olanı Avrupa'ya götürecekHattat, Amasra'da kömür çıkarımı işinde Çin’in en büyük ikinci kömür üreticisi Datong ile işbirliği yapıyor.",cooperation in coal extraction,"Hattat'ın projesinde kömür ve gaz tamam, sıra santrallarda",https://www.dunya.com/sektorler/enerji/hattat039in-projesinde-komur-ve-gaz-tamam-sira-santrallarda-haberi-188872,dunya_188872
112196357deb,VAN-CN-CONSTRUCTION-INVESTMENT,2012-11-05,investment_evidence,feasibility,unnamed Chinese firm,Mainland China,unnamed local partner,construction,Van,Van OSB,construction-sector investment,12,TRY mn (initial budget),,,Dünya,"Yerel ortak bulan Çinli bir firma ise, şu sıralar Van'da inşaat sektörüne yatırım için fizibilite çalışması yapıyor. 4. etapta talepleri karşılayamayan OSB yönetimi, 290 hektarlık 5. etap için çalışmalara başladı. … Ayrıca yerel ortak bulan Çinli bir firma, inşaat sektöründe büyük ve farklı bir yatırım için şu anda Van'da fizibilite çalışması yapıyor. … Çinliler bu yatırım için ilk etapta 12 milyon TL bütçe ayırdı.",feasibility study with local partner,"Van OSB yatırımcı akınına uğradı, yabancılar da sırada",https://www.dunya.com/ekonomi/van-osb-yatirimci-akinina-ugradi-yabancilar-da-sirada-haberi-189866,dunya_189866
06d3975acc49,SIRNAK-SILOPI-COAL-PLANT,2012-11-23,investment_evidence,equity stake granted,unnamed Chinese builder (CMEC per Jan-2010 EPC contract),Mainland China,Galata Enerji (Global Yatırım Holding),energy (coal),Şırnak,,10% equity stake for EPC contractor,,,1100 construction; 400 operation,,Dünya,Değişik bir iş modeli olduğu için bölgeye Türkiye'nin birçok şirketi bakmamış. 2013'de inşaata başlayacağız. … Bu projede Çinli bir firma santrali inşa edecek ama biz onlara tedarikçi olarak bakmayıp onları ortak olarak içeri aldık. … Çinlilere yüzde 10 küçük bir ortaklık verdik.,Chinese builder taken in as 10% partner,"""Şırnak'ta ciddi maden potansiyeli var""",https://www.dunya.com/gundem/quotsirnak039ta-ciddi-maden-potansiyeli-varquot-haberi-191837,dunya_191837
2bcc3c714711,TUZGOLU-GAS-STORAGE-TIANCHEN,2012-12-04,contractor_or_finance_only,construction under way,China Tianchen Engineering,Mainland China,BOTAŞ,Energy – gas,Aksaray,Sultanhanı,EPC contract,,,,,Dünya,"Çin Tianchen Engineering Şirketi Projeler Sorumlusu Xueqiang, ''Tuz Gölü Doğalgaz Depolaması Projesi için bölgedeki halktan kalifiye eleman seçmeye başladık ve bundan sonra da seçmeye devam edeceğiz'' dedi. … AKSARAY - Aksaray'ın Sultanhanı beldesi yakınlarında yapımı devam eden Tuz Gölü Doğalgaz Depolaması projesini yürüten Çinli Tianchen Engineering Projeler Sorumlusu Yin Xueqiang, Türkiye'de başka projeleri de takip ettiklerini, Çinli firmaların Türkiye'ye yatırım yapması konusunda büyükelçilik ve Dışişleri Bakanlığı kanalıyla çalışmalar yaptıklarını söyledi. … Xueqiang, AA muhabirine yaptığı açıklamada; yaklaşık 1 milyar metreküp doğalgazın, yer altındaki tuzun eritilerek oluşturulacak boşluklara depolanması projesini BOTAŞ'la birlikte yürüttüklerini belirtti.",Tianchen project manager on hiring and other projects,Çinli yatırımcı Türkiye'yi sevdi,https://www.dunya.com/gundem/cinli-yatirimci-turkiye039yi-sevdi-haberi-193025,dunya_193025
b3605118db4a,SINOP-NPP-CHINA-BID,2012-12-06,context_mention,negotiation,PRC,Mainland China,,energy (nuclear),Sinop,,nuclear plant,,,,,Dünya,"""Türkiye, Hazine garantili herhangi bir projeyi tercih etmiyor"" Çin'in enerji sektöründeki yerine ilişkin bir soruyu ise Yıldız, ""Çin şu anda nükleer güç santrallerinin ikincisini yapacağımız ve 4 ünitelik blok bir üretim tesisi kuracağımız 4 ülkeden biri. … Şu anda bizimle müzakereleri devam eden Çin, Japonya, Güney Kore ve Kanada... Birincisini Akdeniz'de Rusya'yla, ikincisini Karadeniz'de bu 4 ülkeden biriyle sonlandıracağımız müzakerelerle beraber nihayetlendireceğiz"" dedi.",China one of 4 countries negotiating 2nd NPP,Irak'la sorunu çözeriz,https://www.dunya.com/ekonomi/irak039la-sorunu-cozeriz-haberi-193359,dunya_193359
02b7b6d44073,SINOP-NPP-CHINA-BID,2012-12-26,context_mention,negotiation,PRC,Mainland China,,energy (nuclear),Sinop,,nuclear plant,,,,,Dünya,"ANKARA - Enerji ve Tabii Kaynaklar Bakanı Taner Yıldız, ikinci nükleer santral için halen Japonya, Güney Kore, Çin ve Kanada'dan 4 firma ile müzakere yapıldığını belirtirken, ""Güney Kore'nin bu yarışta biraz daha geride kaldığını söylemem lazım"" dedi.","talks with Japan, Korea, China, Canada; Korea behind",Güney Kore geride kaldı,https://www.dunya.com/sektorler/enerji/guney-kore-geride-kaldi-haberi-195601,dunya_195601
e8c77c74d832,BALIKESIR-TEXONG-YARN,2012-12-27,investment_evidence,land request,Texong (yarn producer),Mainland China,,textiles (yarn),Balıkesir,Balıkesir OSB,greenfield plant,150,USD mn,,,Dünya,"Çinli tekstilci 200 dönüm yer istemiş, iplik üretecek. … “Bin dönüm yer verin başka Çinli yatırımcı da getirelim” demişler. 2 Alman şirket yine yer istemiş. … Kente tünel kazma makineleri üreten Alman Herrenknecht firmasının yatırım yapmasının ardından, Çinli iplik üreticisi Texong da 150 milyon dolarlık tesis kurmak için kollarını sıvadı. … Çinli yatırımcılar 1000 dönüm arazi almak için Balıkesir Organize Sanayi Bölgesi’nin (OSB) kapısını çaldılar. 570 sanayi parselinden 26’sı boş olan OSB, gelen talepleri geri çevirmemek için 1 milyon metrekarelik büyüme alanını devreye alma telaşında.",Chinese yarn maker requests 200 dönüm; Chinese investors seek 1000 dönüm,"Yeni teşvik yaradı, Balıkesir Çinli’nin gözdesi oldu",https://www.dunya.com/ekonomi/yeni-tesvik-yaradi-balikesir-cinlinin-gozdesi-oldu-haberi-195701,dunya_195701
4218a26c7cc2,MARDIN-OSB-CN-UNNAMED,2012-12-27,investment_evidence,existing unnamed,unnamed Chinese investor,Mainland China,,manufacturing,Mardin,Mardin OSB,,,,,,Dünya,"Mardin OSB'de daha önce de Çin'den, Hollanda'dan yatırım yapıldı.",OSB says it previously received investment from China,Mardin ihracatta 1 milyar doları yakaladı,https://www.dunya.com/ekonomi/mardin-ihracatta-1-milyar-dolari-yakaladi-haberi-195767,dunya_195767
9a0edf37070c,SINOP-NPP-CHINA-BID,2012-12-28,context_mention,negotiation,PRC,Mainland China,,energy (nuclear),Sinop,,nuclear plant,,,,,Dünya,"Bakan Yıldız Japonya, Güney Kore, Çin ve Kanada ile görüşmelerin sürdüğünü ancak Seul'un biraz geride kaldığını açıklamıştı.",,Japonya'dan Türkiye'ye nükleer teklif!,https://www.dunya.com/ekonomi/japonya039dan-turkiye039ye-nukleer-teklif-haberi-195881,dunya_195881
d6a1156e28c5,SINOP-NPP-CHINA-BID,2012-12-28,context_mention,negotiation,PRC,Mainland China,,energy (nuclear),Sinop,,nuclear plant,,,,,Dünya,"Çin'in şansı yüksekGörüşmeleri yakından takip ettiklerini bildiren Komral, ""2. santral için 4 ülke yarışıyor. … Kanada, Çin, Japonya ve Güney Kore, Türk hükümeti ile görüşmeleri sürdürüyor. … Takip ettiğimiz kadarıyla hükümet bu günlerde Çin'e daha ılımlı yaklaşıyor ancak henüz kesinleşen bir durum yok"" diye konuştu.",China's chances seen high,Tek alternatif Mitsubishi,https://www.dunya.com/sektorler/enerji/tek-alternatif-mitsubishi-haberi-195906,dunya_195906
b9ca441f8831,KAZAN-SODA-TCC,2013-01-11,other_news_source,EPC and finance agreed,China Tianchen Engineering (CNCEC),,,,,,,1350,USD mn (project),,,Hürriyet Daily News,Ciner's Kazan Soda signed with China Tianchen Engineering (CNCEC group) for a $1.35bn soda ash and power complex financed by Chinese banks; no Chinese equity stake reported.,Opened January 2018; owned by Ciner.,"Turks, Chinese ally in $1.35 billion project",https://www.hurriyetdailynews.com/amp/turks-chinese-ally-in-135-billion-project-38905,
909f51a11881,HUTCHISON-IZMIR-PORT,2013-01-22,context_mention,abandoned,Hutchison Port Holdings,Hong Kong,Global Yatırım Holding; EİB,ports,İzmir,İzmir Limanı,privatization concession (49y),1275,USD mn,,,Dünya,"İzmir Limanı, ilk ihalesinde Global-Hutchison-EİB ortaklığına 1 milyar 275 milyon dolara satılmıştı. … Ancak alıcı konsorsiyum yükümlülüklerini yerine getirmediği için ihale sonuçlanamamıştı.",consortium did not fulfil obligations,"ÖİB'nin 'Liman Paketi' vitrine çıktı, içinde sekiz liman var",https://www.dunya.com/ekonomi/oib039nin-039liman-paketi039-vitrine-cikti-icinde-sekiz-liman-haberi-198561,dunya_198561
5afc6365cf46,HUTCHISON-IZMIR-PORT,2013-01-25,context_mention,abandoned,Hutchison Port Holdings,Hong Kong,Global Yatırım Holding; EİB,ports,İzmir,İzmir Limanı,privatization concession (49y),1275,USD mn,,,Dünya,"İzmir Limanı 2006’da ihaleye çıkarılmış, 4 ertelemenin ardından Mayıs 2007’de sonuçlanan ihaleyi 1 milyar 275 milyon dolarla Global- Hutchison-EİB (Ege İhracatçı Birlikleri) Ortak Girişim Grubu kazanmıştı. … Ancak, Danıştay devir iznini 2 yıl sonra yani ekonomik krizde verince, ortak girişim grubu limanı almaktan vazgeçmiş ve özelleştirme süreci dondurulmuştu.",consortium gave up after late court approval in crisis,"İzmir Limanı, 2. özelleştirmeye kruvaziyer avantajıyla giriyor",https://www.dunya.com/ekonomi/izmir-limani-2-ozellestirmeye-kruvaziyer-avantajiyla-giriyor-haberi-198945,dunya_198945
5e4a22f8c480,TUFANBEYLI-TEYO-CN-PLANT,2013-02-01,context_mention,tender won,TEYO (described as Chinese),Mainland China,TEYO Yatırım,energy (lignite power),Adana,Tufanbeyli,power plant,1000,USD mn,,600 MW,Dünya,"İlk olarak geçen yıl Adana Tufanbeyli'de 323 milyon ton rezervli sahada, özel sektörün minimum 600 MW santral kurulumuyla ilgili ihaleyi Çinli TEYO firması kazanmıştı. … Firma, Tufanbeyli'de yaklaşık 1 milyar dolarlık yatırım yapacak.",,"""Kara elmas"" Türkiye'ye yeniden umut oldu",https://www.dunya.com/ekonomi/quotkara-elmasquot-turkiye039ye-yeniden-umut-oldu-haberi-199699,dunya_199699
7aca2ff34aea,AKSA-HPP-CNTIC,2013-02-07,other_news_source,agreement signed,CNTIC (Genertec),,,,,,,463,USD mn,,,Invest in Türkiye (summarising Milliyet),"Aksa Enerji and CNTIC (Genertec) agreed to build seven hydropower plants for $463m, mostly financed by Chinese lenders.",,"Turkish Aksa, Chinese CNTIC building hydropower",https://www.invest.gov.tr/en/news/news-from-turkey/pages/070213-turkish-aksa-chinese-cntic-building-hydropower.aspx,
571259269a62,CN-DUBAI-FUND-AGAOGLU,2013-03-04,general_signal,talks,China-Dubai joint investment fund,Mainland China,Ağaoğlu,real estate,İstanbul; Muğla,Ataşehir; Bodrum,,5000,"USD mn (fund allocation, first stage)",,,Dünya,"Çinli yatırımcı ilgisi Dubai'nin önde gelen yatırımcılarıyla bir araya gelen Ali Ağaoğlu, ayrıca Çinliler ve ABD'lilerin ortak olduğu Dubaili fonlarla da görüştü. … Bu görüşmelerde Türkiye'ye yatırım olanaklarını ele aldıklarını vurgulayan Ağaoğlu şunları söyledi: ""Çin ve Dubai ortaklığı olan yatırım fonu Türkiye'ye ilk etapta 5 milyar dolar, uzun vadede  ise 15 milyar dolarlık fonayırdı. … Biz de Ataşehir finans merkezi ve Bodrum  Projelerimizde birlikte yatırım yapmak için görüşmeler yaptık.",Ağaoğlu talks with Chinese-Dubai fund,"Ağaoğlu, Dubai'de ilk satış ofisini açtı",https://www.dunya.com/sektorler/emlak/agaoglu-dubai039de-ilk-satis-ofisini-acti-haberi-203007,dunya_203007
1f256723c16c,RIOT-GAMES-TURKEY-OFFICE,2013-03-12,context_mention,reference,Riot Games (Tencent-controlled),Chinese-owned foreign brand,,online games,,,market entry,,,,,Dünya,"Türkiye pazarını değerlendiren Amerikan firması Riot Games ile Alman firması Crytek, geçtiğimiz aylarda ülkemiz pazarına girdi.",,Oyun şirketleri rotayı Türkiye'ye çevirdi,https://www.dunya.com/gundem/oyun-sirketleri-rotayi-turkiye039ye-cevirdi-haberi-204051,dunya_204051
b2fb7d313212,CSR-MNG-ANKARA-RAIL-PLANT,2013-03-21,company_news,status,CSR Electric Locomotive,Mainland China,,rail equipment,Ankara,,metro car supply,,,,,Dünya,"Ankara Metrosu yatırımı için getirilen yüzde 51 oranında yerli girdi şartına, bugüne kadar ihaleyi kazanan Çinli firma CSR Electric Locomotive'nin uymadığı ortaya çıktı. … Ancak, Ankara Metrosu ihalesini kazanan Çinli firma CSR Electric Locomotive'nin, ilk teslim tarihine az bir süre kalmış olmasına karşın, yüzde 51 yerli katkı şartına şimdiye kadar uymadığı ortaya çıktı.",Local producers say CSR is not meeting the 51% local-content condition ahead of first deliveries,Ankara Metrosu'nda % 51 şartına uyulmuyor,https://www.dunya.com/gundem/ankara-metrosu039nda-51-sartina-uyulmuyor-haberi-205145,dunya_205145
eb010a6d0792,HUTCHISON-IZMIR-PORT,2013-03-28,context_mention,abandoned,Hutchison Port Holdings,Hong Kong,Global Yatırım Holding; EİB,ports,İzmir,İzmir Limanı,privatization concession (49y),1275,USD mn,,,Dünya,"Bir 'özelleştirilememe' hikayesi: İzmir Limanı İzmir Limanı'nın birinci özelleştirme girişimi, ÖİB'nin limanı 2006 yılında ihaleye çıkarması ile başlamış, ihalenin 4 kez ertelenmesinden sonra ancak Mayıs 2007 tarihinde sonuçlanmış ve limanının 49 yıllığına işletme hakkını devredecek ihaleyi, 1 milyar 275 milyon dolarla en yüksek teklifi vererek Global-Hutchison-EİB (Ege İhracatçı Birlikleri Liman Hizmetleri ve Taşımacılık AŞ) Ortak Girişim Grubu kazanmıştı. … Ancak, önce ihalenin iptali için bazı meslek gruplarının açtığı davaların sonuçlanması uzun zaman almış, ardından limanın devri için gereken Danıştay izni 2 yılı aşan sürede çıkmış ve bu kez devir sürecinin denk geldiği küresel krizde Global Hutchison EİB Ortak Girişim Grubu limanı almaktan vazgeçmesi ile özelleştirme süreci dondurulmuştu.",history,İzmir Limanı Avusturyalı danışman ile özelleştirilecek,https://www.dunya.com/ekonomi/izmir-limani-avusturyali-danisman-ile-ozellestirilecek-haberi-205948,dunya_205948
a9e69cbb4e67,CN-GENERAL-INTEREST,2013-04-01,general_signal,interest,Chinese sovereign funds,Mainland China,,infrastructure,,,,,,,,Dünya,"Çinlilerin 1 trilyon dolarlık fonları var, Türkiye'deki tüm altyapı porjeleriyle ilgileniyorlar. 3'üncü köprüyü, hastaneleri, sağlık alanındaki özelleştirmeleri de çok soran fonlar var"" dedi.",Chinese funds interested in all Turkish infrastructure,"ABD'li itfaiyeci, Kanadalı öğretmenin fonu Türkiye'nin alt yapı yatırımına göz dikti",https://www.dunya.com/gundem/abd039li-itfaiyeci-kanadali-ogretmenin-fonu-turkiye039nin-alt-yapi-haberi-206349,dunya_206349
549d52d59d78,SINOP-NPP-CHINA-BID,2013-04-04,context_mention,negotiation,PRC,Mainland China,,energy (nuclear),Sinop,,nuclear plant,,,,,Dünya,"Sinop'a nükleer santral yapımı için Çin, Japonya, Güney Kore ve Kanada olmak üzere 4 ülke ile müzakere yapıyorduk. … Şu anda Çin ve Japonya ile çok yoğun görüşmelerimiz devam ediyor ve sona yaklaşıyoruz.",intense talks with China and Japan,Santral yarışına iki ülke devam ediyor,https://www.dunya.com/sektorler/enerji/santral-yarisina-iki-ulke-devam-ediyor-haberi-206850,dunya_206850
5d4eb704eedc,CSR-MNG-ANKARA-RAIL-PLANT,2013-04-12,other_news_source,groundbreaking,CSR; MNG Holding,,,,,,,,,,,Takvim,"Ground was broken for the MNG–CSR metro vehicle factory in the Sincan organised industrial zone, with about 350 direct jobs and production due to start by the end of the year.",,Bakan tarih verdi,https://www.takvim.com.tr/Guncel/2013/04/12/bakan-tarih-verdi,
5d4eb704eedc,CSR-MNG-ANKARA-RAIL-PLANT,2013-04-15,other_news_source,plant announced,CSR; MNG Holding,,,,,,,110,USD mn,,,Invest in Türkiye,"CSR and MNG Holding are building a 110m USD rail vehicle plant in Sincan, first producing 200 cars and later adding maintenance capacity for 150 vehicles a year; about 350 Turkish and 30 Chinese engineers.",,Chinese CSR to manufacture metro train cars in Türkiye,https://www.invest.gov.tr/en/news/news-from-turkey/pages/150413-chinese-csr-manufacturing-light-rail-cars-in-turkey.aspx,
c343e70827b0,SINOP-NPP-CHINA-BID,2013-04-29,investment_evidence,lost to competitor,PRC,Mainland China,,energy (nuclear),Sinop,,nuclear plant,20000-22000,USD mn (project),,4500-5000 MW,Dünya,"Rusya'nın Mersin'de yapacağı nükleer santralin ardından gündeme gelen Sinop'taki ikinci nükleer santral için Türkiye; Çin, Japonya, Kanada ve Güney Kore ile görüşürken, Güney Kore ve Kanada süreçten çekilmişlerdi. … Reuters'a bilgi veren kaynaklar, Japonya-Fransa ortaklığının Çin'in teklifinin önüne geçtiğini ve anlaşmanın bu hafta sonunda imzalanmasının öngörüldüğünü bildirdi. … Sinop'a yapılacak olan ve toplam yatırım tutarı 20-22 milyar dolara yakın olması öngörülen, dört üniteden oluşacak santralin kurulu gücünün yaklaşık 4,500-5,000 MW arasında olması öngörülüyor.",Japan-France offer ahead of China's,'Sinop'ta imzalar bu hafta atılıyor!,https://www.dunya.com/sektorler/enerji/039sinop039ta-imzalar-bu-hafta-atiliyor-haberi-209457,dunya_209457
cc4605d476f0,SHANGRILA-BOSPHORUS,2013-05-11,other_news_source,hotel opened,Shangri-La; Tanrıverdi Holding,,,,,,,,,,,Vatan,The 186-room Shangri-La Bosphorus opened in Beşiktaş with Kerry Group and Tanrıverdi Holding representatives present.,,Yedi tepeli şehre yedi yıldızlı otel!,https://www.gazetevatan.com/gundem/yedi-tepeli-sehre-yedi-yildizli-otel-537396,
e3f41846f3ee,CHINA-SUNERGY-SOLAR-FACTORY,2013-05-23,other_news_source,plant opened,China Sunergy,,,,,,,,,,,pv magazine,China Sunergy opened a 120 MW PV module plant in the Tuzla Free Zone near Istanbul and set up a project company with local partner Seul.,,China Sunergy opens PV module factory in Turkey,http://www.pv-magazine.com/2013/05/23/china-sunergy-opens-pv-module-factory-in-turkey_100011462/,
193a021f0a10,CN-HSR-ANKARA-ISTANBUL,2013-06-03,contractor_or_finance_only,talks,PRC government,Mainland China,TCDD,rail (high-speed),Ankara; Bolu; İstanbul,,government-to-government build/finance talks,,,,,Dünya,"Çin ile yapılacak anlaşmayla 2023'te Ankara-İstanbul 1 saate düşecek … Altyapıda yüzde 95, üstyapıda yüzde 35 seviyesinde ilerleyen projenin 30 Eylül'de tamamlanması planlanıyor. 2023'e kadar Çin hükümeti ile yapılan çalışmalar sonuç verirse sürat demiryoluyla Bolu üzerinden Ankara-İstanbul arasının 1 saate indirilmesi planlanıyor.",contractor/finance model,Ankara-İstanbul hızlı tren projesi 30 Eylül'de tamamlanacak,https://www.dunya.com/sektorler/lojistik/ankara-istanbul-hizli-tren-projesi-30-eylul039de-tamamlanacak-haberi-213247,dunya_213247
dfa55990fa95,HATTAT-AMASRA-CHINACOAL-MINING,2013-07-22,contractor_or_finance_only,contract signed,China Coal (China Coal Construction Group),Mainland China,Hattat Holding,mining (hard coal),Bartın,Amasra,coal extraction contract,700,USD mn,,5-10 Mt coal/yr,Dünya,"Hattat Holding, işletmeciliğini yaptığı Batı Karadeniz Mega Enerji Üssü Amasra - Bartın'da bulunan taş kömürü rezervi için Chinaa Coal ile sözleşme imzaladı. … BARTIN - Hattat Holding China Coal ile 700 milyon dolarlık kömür çıkarım anlaşmasına imza attı. … Çinin en büyük kömür üreticisi olan China Coal şirketiyle Hattat Holding, 21 Temmuz’da Holding genel merkezinde Hattat Holding Yönetim Kurulu Başkanı Mehmet Hattat ve China Coal Construction Group Başkan Yardımcısı Wang  Xida’nın katılımı ile düzenlenen törenle, galeri çalışmaları hızla ilerlemekte olan Amasra Taş Kömürleri Projesi’nde, kömür çıkartılması için anlaşma imzaladı. … Hattat, Çin'de rakip olan 2 dev kömür üreticisi Datong ve China Coal firmalarını, Türkiye'de kömüre çabuk ulaşabilmek için beraber çalıştırıyor.",mining services contract,Hattat'tan 700 milyon dolarlık imza,https://www.dunya.com/sirketler/hattat039tan-700-milyon-dolarlik-imza-haberi-217796,dunya_217796
2143d653562b,CMEC-ELECTRICITY-DISTRIBUTION-INTEREST,2013-09-19,investment_evidence,interest,China Machinery Engineering Corp (CMEC),Mainland China,,energy (contracting; distribution interest),,,,,,,,Dünya,"Çinli dev, elektrik dağıtımı işine göz kırpıyor. … Bugüne kadar Türkiye'de 3 milyar dolarlık iş yapan Çinli CMEC, 1 milyar dolarlık projeleri hayata geçirme çalışmalarını sürdürüyor. … Daha sonra termik santral kurulumları da gerçekleştiren CMEC, halen Ciner Grubu'nun Silopi'deki alkali yakıtlı termik santralinin inşasını sürdürüyor, Eren Holding'e de hizmet sunuyor. … Son 15 yılda 600 MW'lik bir süperkritik kömür santrali de dahil, Türkiye'de 3 milyar dolarlık projeyi hayata geçiren CMEC'in devam eden projelerinin büyüklüğü de 1 milyar dolar.",mainly EPC contractor (3bn USD projects); eyeing electricity distribution business,"Çinli dev, elektrik dağıtımı işine göz kırpıyor",https://www.dunya.com/sektorler/enerji/cinli-dev-elektrik-dagitimi-isine-goz-kirpiyor-haberi-222060,dunya_222060
e6dd06aed16d,CN-CONSTRUCTION-MACHINERY-2013,2013-09-20,general_signal,investment preparation,3 unnamed Chinese construction-machinery firms,Mainland China,,construction machinery,,,,,,,,Dünya,"Çin'den 3 tane firma, Güney Kore'den 1 bir firma, İngiltere'den bir firma ülkemizde çok ciddi şekilde bu sektörde yatırım hazırlıkları içerisinde bulunuyor. … Bende bu firmaların ülkemizde yatırım kararını hızlı bir şekilde alacaklarına ve önümüzdeki dönemde bu yatırımların artarak devam edeceğine canı gönülden inanıyorum.",minister Ergün,"'Bir İngiliz, bir Koreli, üç Çinli firma yatırımı geliyor'",https://www.dunya.com/sektorler/otomotiv/039bir-ingiliz-bir-koreli-uc-cinli-firma-yatirimi-geliyor039-haberi-222183,dunya_222183
38730319ef70,AFSIN-ELBISTAN-CN,2013-10-04,investment_evidence,application,unnamed Chinese investors,Mainland China,EÜAŞ,energy (lignite power),Kahramanmaraş,Afşin-Elbistan,coal field + power plant,12000,USD mn (project),,,Dünya,"Afşin'de yeni yatırımcıAfşin Elbistan kömür sahalarına yatırım yapmak amacı ile Çin ve Güney Kore'nin yanında başka ülkelerin de başvuru yapıp yapmayacağının sorulması üzerine Bakan Yıldız, şu anda isminin açıklanmasını istemeyen yeni ülkelerin olduğunu söyledi. … Yerli kömür kaynaklarına bu ülkelerin de artı değerler koymayı arzuladıklarını bildiren Yıldız, ""Takribi olarak 12 milyar dolarlık yatırım yapmak için, ciddi bir teklif oluşturuyorlar.",China and Korea applied; ~12bn offer,"""Vatandaş kullanmadığı halde 140 milyonluk doğalgaz aldı""",https://www.dunya.com/gundem/quotvatandas-kullanmadigi-halde-140-milyonluk-dogalgaz-aldiquot-haberi-223468,dunya_223468
56bf5ebb2dab,CN-GENERAL-INTEREST,2013-10-17,general_signal,status,Chinese enterprises,Mainland China,,energy / various,,,,,,,,Dünya,"Çin'in nükleer santral yapımında şansı olup olmadığı sorusuna karşılık Bakan Yıldız, halen Çinli işletmelerin Türkiye'de çeşitli alanlarda yatırımlar yaptıklarını anlattı. … Yıldız, ""2. nükleer güç santraline ilişkin müzakere sürecini kapattık. … Bundan sonraki yapacaklarımızda yine Çin'le müzakere etmeyi sürecin haricinde bırakmıyoruz” dedi.",minister: Chinese enterprises invest in various fields; 2nd NPP talks closed,Irak'ta üretilecek doğalgazın taliplisi olacağız,https://www.dunya.com/sektorler/enerji/irak039ta-uretilecek-dogalgazin-taliplisi-olacagiz-haberi-224449,dunya_224449
b0273a623056,TPLINK-TURKEY,2013-11-11,other_news_source,office expanded,TP-Link,,,,,,,,,,,ShiftDelete.Net,"TP-Link's Turkey office, opened at the end of 2010, moved from 120 m² to a 1,200 m² office in Ümraniye and grew to 40 employees in three years.",,TP-LINK büyümeye devam ediyor,https://shiftdelete.net/tp-link-buyumeye-devam-ediyor-48221,
5770d1146764,AFSIN-ELBISTAN-CN,2013-12-05,context_mention,interest,unnamed Chinese investors,Mainland China,,energy (lignite power),Kahramanmaraş,Afşin-Elbistan,coal field + power plant,,,,,Dünya,"Çin ve Güney Kore de söz konusu saha ile ilgileniyordu.350 milyon dolarlık doğalgaz alınacakÖte yandan Taner Yıldız, Katar'dan 350 milyon dolarlık doğalgaz alacaklarını bildirdi.",,Katar Afşin-Elbistan’a yatırım yapmak istiyor,https://www.dunya.com/gundem/katar-afsin-elbistana-yatirim-yapmak-istiyor-haberi-229747,dunya_229747
95ef2169f8d2,CRYSTAL-BAYRAKTAR-TIME2SHIRT,2014-01-07,investment_evidence,operating,Crystal Bayraktar (Chinese national entrepreneur),Mainland China,Levent Bayraktar,"textiles (custom shirts, e-commerce)",Sakarya,,small business co-founded,,,,,Dünya,"Çin’de gönlünü kaptırdığı Levent Bayraktar ile evlenerek Sakarya’ya yerleşen Crystal Bayraktar, burada girişimci oldu. … Hasan COŞKUN SAKARYA - Ülkesi Çin’de British American Tobbaco, Cadbury, Nestle & Kraft gibi dünya devleri için çalışırken gönlünü Levent Bayraktar’a kaptıran Crystal Bayraktar, şimdi Sakarya’da kişiye özel gömlek üretiyor. … “Erkekler alışverişte daha az zaman harcamak istiyor.",individual Chinese entrepreneur; very small,"Çinli gelin, Sakarya’da üretti Afrika’ya sattı",https://www.dunya.com/gundem/cinli-gelin-sakaryada-uretti-afrikaya-satti-haberi-233500,dunya_233500
8e23377759bc,BALIKESIR-TEXONG-YARN,2014-01-13,investment_evidence,land allocated,Texhong (Texong),Mainland China,,textiles (yarn),Balıkesir,Balıkesir OSB,greenfield plant,,,,,Dünya,"Balıkesir OSB’de Çinli Texhon firmasının ardından  Belçikalı ve Danimarkalı 2 yabancı şirket daha yatırıma hazırlanıyor. … Geçtiğimiz yıl, tekstil sektöründe hizmet verecek olan Çinli Texhong firmasına yer tahsisi yapan Balıkesir OSB’de bu yıl da Belçika ve Danimarka’dan 2 yabancı firma ile de yatırım görüşmeleri yapılıyor.",OSB allocated land to Texhong last year,"Balıkesir, Çin’den sonra Belçika ve Danimarka’nın da markajında",https://www.dunya.com/ekonomi/balikesir-cinden-sonra-belcika-ve-danimarkanin-da-markajinda-haberi-234242,dunya_234242
3439c1799ec2,AFSIN-ELBISTAN-CN,2014-01-14,context_mention,expected deal,Chinese investors,Mainland China,,energy (lignite power),Kahramanmaraş,Afşin-Elbistan,coal field + power plant,,,,,Dünya,"Katar, Çin veya Güney Koreli yatırımcılarla Afşin Elbistan kömür madeni ve santrali için yeni bir yatırım anlaşması yapılması beklentisi bulunuyor.","new deal expected with Qatari, Chinese or Korean investors",Enerjide 7 milyar dolarlık evlilik,https://www.dunya.com/ekonomi/enerjide-7-milyar-dolarlik-evlilik-haberi-234290,dunya_234290
f2449f6d3960,AFSIN-ELBISTAN-CN,2014-01-30,context_mention,talks,PRC,Mainland China,,energy (lignite),Kahramanmaraş,Afşin-Elbistan,privatisation,,,,,Dünya,Çin ile görüşmelerimiz de devam ediyor.,,"""Bor madenleri özelleştirilmeyecek""",https://www.dunya.com/ekonomik-veriler/quotbor-madenleri-ozellestirilmeyecekquot-haberi-236359,dunya_236359
5d704df60b53,JIANGXI-COPPER-NESKO,2014-02-20,other_news_source,acquisition announced,Jiangxi Copper Corporation,,,,,,,65,USD mn,,,Invest in Türkiye,"Jiangxi Copper Corporation is buying half of the Turkish mining company Nesko, whose mines operate in Albania as Beralb, for 65m USD.",,Chinese copper producer buying 50 percent of Turkish mining company Nesko,https://www.invest.gov.tr/en/news/news-from-turkey/pages/200214-jiangxi-copper-corp-acquires-half-of-turkish-nesko-metal.aspx,
b851570cda03,SILIFKE-CN-RENEWABLE,2014-02-20,investment_evidence,land request,unnamed Chinese renewable-energy firms,Mainland China,,energy equipment / renewables,Mersin,Silifke OSB,land request (≥100 dönüm),,,,,Dünya,"Silifke OSB,  Çinli ve Alman yenilenebilir enerji firmalarının yer taleplerine çözüm arıyor. … Silifke OSB Müdürü Ali Kıl, Başbakanlık Yatırım Ajansı aracılığıyla Çin ve Almanya’dan yenilenebilir enerji konusunda yatırım talepleri aldıklarını belirterek, “Ancak bu firmaların en az 100 dönümlük arazi talepleri var. … Bu talebi karşılayamadığımız için yanıt veremedik.","requests via Investment Support Agency, unmet so far",Silifke OSB'de yabancılar arsa arıyor,https://www.dunya.com/ekonomi/silifke-osb039de-yabancilar-arsa-ariyor-haberi-238562,dunya_238562
8896b7b5cbbc,BANK-OF-CHINA-TURKEY,2014-03-06,investment_evidence,offices opened,Bank of China,Mainland China,,banking,İstanbul; Ankara,,liaison offices,,,,,Dünya,"ANKARA (DÜNYA) – Milletlerarası Ticaret Odası yönetim kurulu toplantısı için Türkiye’de bulunan Bank of China’nın uçak kiralama iştirakinin yönetim kurulu başkanı ve Çin Dış Ticaret Teşvik Konseyi Başkanı Yanling Zhang, Bank of China’nın Türkiye’de yatırım için araştırmada bulunduğunu ancak henüz bankacılık lisansı için başvurmadığını söyledi. … Ankara’da gazetecilerin konuya ilişkin sorusunu yanıtlayan Zhang, Bankanın İstanbul ve Ankara’da irtibat ofisleri açtığını bunun Bank of China’nın yatırım sürecinde ilk adım olduğunu belirtti. … Zhang bu bürolar aracılığıyla çalışmanın sürdüğünü ancak banka kurmak için herhangi bir resmi girişimde bulunmadıklarını, lisans başvurusunun sözkonusu olmadığını belirtti.",liaison offices opened; no licence application yet,'Bank of China lisans için başvurmadı',https://www.dunya.com/ekonomi/039bank-of-china-lisans-icin-basvurmadi039-haberi-240056,dunya_240056
2fa048cedb33,TUZGOLU-GAS-STORAGE-TIANCHEN,2014-03-17,contractor_or_finance_only,reference,China Tianchen Engineering,Mainland China,BOTAŞ,Energy – gas,Aksaray,Sultanhanı,EPC contract,640,USD mn,,,Dünya,Değişik hukukî süreçlerin yaşandığı 640 milyon dolara mal olacak projede son olarak Kasım 2011’de Çinli China Tianchen Engineering Corporation ile BOTAŞ arasında anlaşma imzalanmıştı,project cost 640m USD; contract Nov 2011,640 milyon dolarlık depo 2016'da hazır,https://www.dunya.com/ekonomi/640-milyon-dolarlik-depo-2016039da-hazir-haberi-241202,dunya_241202
1043bb36903f,SINOTRUK-TURKEY,2014-03-19,investment_evidence,exploration,Sinotruk,Mainland China,,automotive (trucks),,,,,,,,Dünya,"Çin’in en büyük ticari araç üreticilerinden biri olan Sinotruck Türkiye’de yatırım ve ticaret olanaklarını araştırmak için geldi. … Türkiye’ye Ekonomi Bakanlığı’nın daveti ile gelerek yatırım ve ticaret olanaklarını araştıran Sinotruk yetkilileri, Taşıt Araçları Yan Sanayicileri Derneği (TAYSAD) ve Uludağ Otomotiv Endüstrisi İhracatçıları Birliği (OİB) yöneticileri ile biraraya geldi. … Sinotruk’un Uluslararası Ticaretten Sorumlu Genel Müdür Yardımcısı Liu Qing, TAYSAD ve OİB yöneticileriyle yaptıkları görüşmelerden sonra yaptığı açıklamada, Türkiye’de üretim ve ticaret olanaklarını görebilmek için temaslara başladıklarını bildirdi.",visit to explore production and trade,Çinli otomotiv devi Türkiye'de yatırımı düşünüyor,https://www.dunya.com/sirketler/cinli-otomotiv-devi-turkiye039de-yatirimi-dusunuyor-haberi-241393,dunya_241393
4c13a79b9553,KANAL-ISTANBUL-CN,2014-04-02,investment_evidence,interest,unnamed Chinese firms,Mainland China,,infrastructure (canal),İstanbul,Kanal İstanbul,tender (model not yet set),10000,USD mn (project est.),,,Dünya,"Kanal İstanbul için İtalyan, Rus ve Çinli firmalarla görüşüldü … Panama Kanalı projesini yapan MWH Global ve Çinli birçok şirket ihaleye ilgi duyarken, TAV da ortağı CCC ile süreci yakından takip ediyor.",role (investor vs contractor) undetermined,"Kanal İstanbul'a Çinli, İtalyan ve Rus ilgisi",https://www.dunya.com/ekonomi/kanal-istanbul039a-cinli-italyan-ve-rus-ilgisi-haberi-242794,dunya_242794
8d262af832d9,ZOOMLION-CIFA-TURKEY,2014-04-17,company_news,status,Zoomlion,Mainland China,GAMA Ticaret (distributor),construction machinery,,,distribution,,,,,Dünya,"GAMA Ticaret ve Turizm AŞ, 17-19 Nisan 2014 tarihleri arasında ATO Congressium'da bu yıl 6'ncısı gerçekleştirilecek Hazır Beton, Çimento, Agrega, İnşaat Teknolojileri ve Ekipmanları Fuarında 4 aks üzerinde Türkiye'deki en yüksek bomlu (56 metre) kamyon üstü beton pompası olan ""Zoomlion 56X-6RZ"" ile yer alacak. … Dünyanın en büyük beton ekipmanları üreticisi olan Zoomlion'nın Türkiye resmi distribütörü olan şirket, sabit beton pompalarının kamyona monte edilmiş, yüksek binalara beton basma gücüyle mobilite ihtiyaçlarını bir arada sunan Zoomlion City Pump ekipmanlarını, 224 metrekare alanda özgün standında sergileyecek.",In 2014 Zoomlion was sold in Turkey through its official distributor GAMA,"GAMA, BETON 2014 Fuarı'nda yeni ürününü tanıtacak",https://www.dunya.com/sirketler/gama-beton-2014-fuari039nda-yeni-urununu-tanitacak-haberi-244203,dunya_244203
fd124de59b01,BYD-TURKEY-PRODUCTION-BASE,2014-04-27,investment_evidence,exploration,BYD,Mainland China,,automotive (e-buses),,,,,,,,Dünya,"Elelktrikli otobüs üreticisi BYD'nin genel müdürü İsbrand Ho, Türkiye pazarına araştırdıklarını ve üretim üssü olarak düşündüklerini açıkladı … BYD olarak Türkiye pazarına girmeyi araştırıyor ve üretim üssü olarak Türkiye'yi inceliyoruz"" dedi.",BYD considering Turkey as production base,"Elektrikli otobüs üreticisi BYD, Türkiye'deki fırsatları inceliyor",https://www.dunya.com/sirketler/elektrikli-otobus-ureticisi-byd-turkiye039deki-firsatlari-haberi-245067,dunya_245067
c8bcd33c64f2,ICBC-TEKSTILBANK,2014-04-29,investment_evidence,spa signed,Industrial and Commercial Bank of China (ICBC),Mainland China,GSD Holding (seller),banking,İstanbul,Tekstilbank (75.5%),acquisition,669,TRY mn (valuation basis),,,Dünya,"Dünyanın en büyük bankası Çinli ICBC, Tekstilbank'ın yüzde 75,5'i için anlaştı. … Dünyanın en büyük bankası Çinli ICBC, Tekstilbank'ın yüzde 75,5 hissesi için GSD Holding ile el sıkıştı. … GSD Holding'in Tekstilbank'ta sahip olduğu yüzde 75.5 hissesinin tamamının 669 milyon liraya Çinli Industrial and Commercial Bank of China Limited'e (ICBC) satılması için sözleşme imzalandı. … Açıklamada, sözleşmenin, Çin ile Türkiye'deki yetkili mercilerden gerekli izinlerin alınmasıyla geçerlilik kazanacağı belirtildi.","share purchase agreement signed, subject to approvals","Tekstilbank, Commercial Bank of China'ya satılıyor",https://www.dunya.com/finans/haberler/tekstilbank-commercial-bank-of-china039ya-satiliyor-haberi-245278,dunya_245278
9377747847de,AFSIN-ELBISTAN-CN,2014-05-05,investment_evidence,negotiation,PRC / Chinese companies,Mainland China,EÜAŞ,energy (lignite power),Kahramanmaraş,Afşin-Elbistan,coal field + power plant,10000-12000,USD mn (project),,,Dünya,"Enerji Bakanı Yıldız, Afşin-Elbistan sahasında 10-12 milya dolarlık yatırım anlaşması için Çin'le görüştüklerini açıkladı … ANKARA - Enerji Bakanı Taner Yıldız, Afşin-Elbistan'da kömür havzasının kullanımı ve santral yapımını da içeren ve toplam yatırım tutarı 10-12 milyar dolar olacak yatırım için Çin ile görüştüklerini söyledi. … Çin ile bu konuda anlaşma için görüşme yapıyoruz"" dedi.",minister: negotiating with China,Çinliler 12 milyar dolarlık yatırıma talip,https://www.dunya.com/sektorler/enerji/cinliler-12-milyar-dolarlik-yatirima-talip-haberi-245703,dunya_245703
5d704df60b53,JIANGXI-COPPER-NESKO,2014-05-16,other_news_source,acquisition completed,Jiangxi Copper Corporation,,,,,,,65,USD mn,,,Tirana Times,"A consortium led by Jiangxi Copper took 50% of Nesko Metal (Jiangxi Copper 48%, two Beijing firms 1% each) for 65m USD; Nesko, owned by Ekin Maden, runs Albanian copper mines.",,Chinese consortium takes over 50% stake in copper exploration,https://www.tiranatimes.com/chinese-consortium-takes-over-50-stake-in-copper-exploration_116647/,
14add7abb87e,CN-MARBLE-QUARRIES,2014-07-07,investment_evidence,acquired (last 3-4 yrs),unnamed Chinese companies,Mainland China,,mining (marble blocks),Antalya; Burdur; Isparta,,acquisition of ~100 quarry operators,,,,,Dünya,"FİKRİ CİNOKURANTALYA - Antalya, Burdur ve Isparta’da faaliyet gösteren 100’e yakın mermer ocağı Çinli şirketlerin eline geçti. … Satıcı, Antalya, Burdur ve Isparta illerinde faaliyette bulunan 100’e yakın blok mermer ocağı işleten firmanın son 3-4 yıl içinde Çinli şirketler tarafından satın alındığını ifade etti.",Batı Akdeniz exporters' chair: ~100 quarries passed to Chinese,3 kentteki 100 mermer ocağı Çinliler'e geçti,https://www.dunya.com/gundem/3-kentteki-100-mermer-ocagi-cinliler039e-gecti-haberi-251310,dunya_251310
e6db6f7c8e9d,CN-MARBLE-QUARRIES,2014-07-09,context_mention,debate,unnamed Chinese companies,Mainland China,,mining (marble),,,quarry purchases,,,,,Dünya,"TÜMMER Başkanı Raif Türk, ocakların Çinliler'e geçmesine yönelik eleştirilere tepki gösterdi … DİYARBAKIR - Türkiye Mermer, Doğaltaş ve Makineleri Üreticileri Birliği Başkanı Raif Türk, mermer ocaklarının Çinlilere geçmesi ile ilgili eleştirilere tepki göstererek, serbest piyasa ekonomisini benimsemiş, Dünya Ticaret Örgütü’ne üye olmuş ve ilgili uluslararası sözleşmelere imza koyan Türkiye’nin yabancı yatırımdan rahatsız olmasının söz konusu olamayacağını söyledi. … Türk, burada yapılacak olanın hiçbir üretici ve ihracatçının hile-hülle yoluyla haksız rekabet yapmasınıve ocak satın alan firmaların blok mermeri gerçek fiyatının altında kendi ülkesine satmasını engellemek olduğunu söyledi.",TÜMMER defends foreign ownership,Mermer sektörü yabancıya kapılarını kapatamaz,https://www.dunya.com/gundem/mermer-sektoru-yabanciya-kapilarini-kapatamaz-haberi-251461,dunya_251461
186dd46d8bb9,CSR-MNG-ANKARA-RAIL-PLANT,2014-07-30,context_mention,reference,CSR; MNG,Mainland China,MNG Holding,rail equipment,Ankara,,JV plant,,,,,Dünya,"Tepkinin hedefinde ise iki kurum bulunuyor; Birisi Güney Kore ortaklı EUROTEM, diğeri ise Çinli CSR-MNG ortaklığı... Dönemin Ulaştırma Bakanı Binali Yıldırım, Ankara Metrosu'na tren setleri sağlayan CSR'nin üretiminde 'yüzde 51 yerlilik' şartını kabul ettiğinde sektörde bayram havası esmişti.",Rail industry associations criticise the CSR–MNG partnership over its local-content commitment,RAYDER ve ARUS'un 'yerlilik' isyanı,https://www.dunya.com/ekonomi/rayder-ve-arus039un-039yerlilik039-isyani-haberi-253149,dunya_253149
423dadf4f479,AFSIN-ELBISTAN-CN,2014-08-07,investment_evidence,competing,unnamed Chinese firm,Mainland China,EÜAŞ,energy (lignite power),Kahramanmaraş,"Afşin-Elbistan C, D, E units",operating stake / new units,12000,USD mn (project),3000,,Dünya,"Yaklaşık 12 milyar dolarlık yatırımın beklendiği bölgede, başta Katarlı şirket olmak üzere, Güney Koreli ve Çinli şirketler de işletmede pay sahibi olmak için yoğun çaba sarf ediyor. … Afşin-Elbistan'da inşa edilecek C, D ve E  üniteleri için Katarlı, Güney Koreli ve Çinli firmalar birbirleriyle kıyasıya rekabete girdi. … Aynı gün, Çinli firmanın yetkilileri de Enerji ve Tabii Kaynaklar Bakanlığında görüşmeler gerçekleştirdi.",Qatari firm ahead,Kömürde 12 milyar dolarlık pazarlık,https://www.dunya.com/gundem/komurde-12-milyar-dolarlik-pazarlik-haberi-253867,dunya_253867
ceb784fd19a5,ICBC-TEKSTILBANK,2014-08-07,investment_evidence,regulatory filing,ICBC,Mainland China,GSD Holding,banking,İstanbul,Tekstilbank (75.5%),acquisition,,,,,Dünya,"İSTANBUL - GSD Holding'in Tekstil Bankası'nda sahip olduğu yüzde 75.5'lik payının Industrial and Commercial Bank of China Limited'e (ICBC) satılması işlemleri için gereken izinlerin alınması amacıyla resmi başvurular dün yapıldı. … KAP'ta dün akşam yer alan açıklamaya göre, Bankacılık Düzenleme ve Denetleme Kurulu (BDDK) ve Rekabet Kurumu'na resmi başvurular ICBC tarafından yapıldı.",applications to BDDK and Competition Authority,Tekstilbank için resmi başvuru yapıldı,https://www.dunya.com/finans/haberler/tekstilbank-icin-resmi-basvuru-yapildi-haberi-253833,dunya_253833
b772fd91054e,CN-MARBLE-QUARRIES,2014-08-14,context_mention,ambiguous,Chinese buyers,Mainland China,,mining (marble),Afyonkarahisar,,,,,,,Dünya,"AFYONKARAHİSAR - Afyonkarahisar Sanayici ve İşadamları Derneği (AFSİAD) Başkanı Hüseyin Şehitoğlu, ""Maalesef bugün maden ocaklarımız Çinli istilasıyla karşı karşıya kaldı. … Önce küçük küçük alımlar yaparak Türkiye pazarına girdiler, sonra çok ciddi alımlar yapmaya başladılar ve birdenbire alımları kestiler.",'Chinese invasion' of quarries; mostly about block purchases (trade) — ambiguous,Mermercilerden 'Çinli istilası'  uyarısı,https://www.dunya.com/gundem/mermercilerden-039cinli-istilasi039-uyarisi-haberi-254526,dunya_254526
18328a2b44de,CN-MARBLE-QUARRIES,2014-08-18,investment_evidence,operating,Chinese investors with mining licences,Mainland China,,mining (natural stone),,,,,,,,Dünya,"Türkiye’nin doğaltaş ihracatının yarısını Çin’e yaptığını belirten Yıldız, son dönemde maden ruhsatı alan Çinli yatırımcıların da faaliyet gösterdiğini ifade etti.",minister: Chinese investors who obtained mining licences are operating,'Mermere yatırım yapın' çağrısı,https://www.dunya.com/gundem/039mermere-yatirim-yapin039-cagrisi-haberi-254875,dunya_254875
6708e3249889,LIUGONG-TURKEY,2014-08-26,investment_evidence,investment decision reported,LiuGong,Mainland China,,construction machinery,,,,,,,,Dünya,"ABD’li, Japon ve Alman firmaların hakim olduğu pazara kısa süre önce giren 5 Çinli firmayı bu ülkeden 2 firma daha izliyor, yerliler de atakta... Dünyanın bilinen bütün önemli markaları Türkiye pazarına girdi veya girmenin yollarını arıyor. … Çin’in en büyük üreticilerinden Luigong ve yine Çinli XCMG Türkiye iş makinaları sektörüne yatırım kararı aldı.",sector report: LiuGong and XCMG decided to invest in Turkish construction machinery sector (nature unspecified),İş makinelerinde yatırım aşkı!,https://www.dunya.com/gundem/is-makinelerinde-yatirim-aski-haberi-255667,dunya_255667
308a8902f628,XCMG-TURKEY,2014-08-26,investment_evidence,investment decision reported,XCMG,Mainland China,,construction machinery,,,,,,,,Dünya,"ABD’li, Japon ve Alman firmaların hakim olduğu pazara kısa süre önce giren 5 Çinli firmayı bu ülkeden 2 firma daha izliyor, yerliler de atakta... Dünyanın bilinen bütün önemli markaları Türkiye pazarına girdi veya girmenin yollarını arıyor. … Çin’in en büyük üreticilerinden Luigong ve yine Çinli XCMG Türkiye iş makinaları sektörüne yatırım kararı aldı.",same article,İş makinelerinde yatırım aşkı!,https://www.dunya.com/gundem/is-makinelerinde-yatirim-aski-haberi-255667,dunya_255667
ecd5db20bdef,CSR-MNG-ANKARA-RAIL-PLANT,2014-09-11,context_mention,reference,CSR,Mainland China,,rail equipment,Ankara,,JV plant,,,,,Dünya,"Ankara metrosunu yapan Çinli CSR, ve TCDD ortaklığıyla kurulan Eurotem’de yerlilik perspektifi vardı.","CSR, builder of the Ankara metro cars, cited as a project with a localisation perspective",Demiryolunda yerli-yabancı tartışması sürüyor,https://www.dunya.com/sektorler/lojistik/demiryolunda-yerli-yabanci-tartismasi-suruyor-haberi-257200,dunya_257200
f036edc548db,CN-MARBLE-QUARRIES,2014-09-14,investment_evidence,acquired,Chinese firms,Mainland China,,mining (marble),Afyonkarahisar,,quarry purchases,,,,,Dünya,"Bunun nedeninin, 'Çinli firmaların blok alımı yerine mermer ocağı satın alması ve blok alımlarını tamamen yavaşlatması' olduğunu düşünüyoruz"" dedi.",AFSİAD: Chinese firms buy quarries instead of blocks,Mermer ihracatının düşmesinde Çinliler etkili oldu,https://www.dunya.com/ekonomi/mermer-ihracatinin-dusmesinde-cinliler-etkili-oldu-haberi-257392,dunya_257392
70bc7ab1e75e,CHINA-TELECOM-TURKEY,2014-09-16,other_news_source,MoU signed,China Telecom Europe,,,,,,,,,,,Capacity Media,Türk Telekom International and China Telecom Europe signed a long-term service cooperation MoU; China Telecom Europe had set up a point of presence in Istanbul some years earlier.,,Turk Telekom International and China Telecom Europe sign MoU,https://www.capacitymedia.com/articles/3380603/turk-telekom-international-and-china-telecom-europe-sign-mou,
9f0e8e6e39be,ADM-CAPITAL-HEALTH,2014-09-26,context_mention,reference,ADM Capital,Hong Kong,,healthcare,,,fund investment (target not named),,,,,Dünya,"Sağlık sektörüne son yıllarda Argus Capital, Qatar First Investment Bank ve ADM Capital gibi fonlar giriş yapmıştı.",ADM Capital among funds that entered Turkish health sector,"Acıbadem Grubu, Türk hastane devini alıyor",https://www.dunya.com/sirketler/acibadem-grubu-turk-hastane-devini-aliyor-haberi-258452,dunya_258452
5318a4d02abc,CSR-MNG-ANKARA-RAIL-PLANT,2014-10-07,investment_evidence,production started,CSR (CRRC Zhuzhou),Mainland China,MNG Holding,rail equipment,Ankara,Sincan,JV plant,,,,,Dünya,CSR Grubun Ankara’da yaptı raylı vagon fabrikasının ilk aşaması 5 Ağustos tarihi itibariyle resmi olarak üretime başladı.,Chinese ambassador: first phase of CSR's rail vehicle plant in Ankara officially started production on 5 August 2014,Çin’den gelen yatırım yüzde 47 arttı,https://www.dunya.com/ekonomi/cinden-gelen-yatirim-yuzde-47-artti-haberi-259360,dunya_259360
6833851e4525,HSR-ANKARA-ISTANBUL-PHASE2-CRCC,2014-10-07,contractor_or_finance_only,completed,CRCC; CMC,Mainland China,two Turkish firms,rail,,,EPC consortium,,,,,Dünya,Bu sene 25 Temmuz’da CRCC ile CMC iki Çinli şirket ile iki Türk firması ortak yapımı olan Ankara –İstanbul hızlı tren projesi ikinci aşamasına geçildi.,"Ankara–Istanbul high-speed line phase 2, built by CRCC and CMC with two Turkish firms, opened on 25 July 2014",Çin’den gelen yatırım yüzde 47 arttı,https://www.dunya.com/ekonomi/cinden-gelen-yatirim-yuzde-47-artti-haberi-259360,dunya_259360
241d245df508,NEW-HOPE-ADANA-FEED,2014-10-07,investment_evidence,construction near complete,New Hope Group,Mainland China,,food,Adana,,greenfield,,,,,Dünya,"New Hope Grubu’nun Adana bölgesine yapacağı yem fabrikasının inşası ve ekipman oluşumu hemen hemen tamamlanmak üzere, eylül sonuna kadar üretime geçmeyi planlamaktadır.",Feed factory construction and equipment nearly complete; production planned by end of September 2014,Çin’den gelen yatırım yüzde 47 arttı,https://www.dunya.com/ekonomi/cinden-gelen-yatirim-yuzde-47-artti-haberi-259360,dunya_259360
8f2d1bb2b24b,HUAWEI-ISTANBUL-RND,2014-11-17,company_news,status,Huawei,Mainland China,,telecom,İstanbul,,regional centre,,,,,Dünya,"Huawei: Türkiye, Orta Asya bölge merkezi. 17.",Turkey is Huawei's Central Asia regional centre,Bölgesel merkez yarışında altı rakibimiz var!,https://www.dunya.com/ekonomi/bolgesel-merkez-yarisinda-alti-rakibimiz-var-haberi-263157,dunya_263157
a97912c2bfe9,ZTE-NETAS,2014-11-17,company_news,status,ZTE,Mainland China,,telecom,İstanbul,,regional hub,,,,,Dünya,ZTE: Türkiye’yi bölgenin merkezi haline getiriyor. 25.,ZTE making Turkey regional hub,Bölgesel merkez yarışında altı rakibimiz var!,https://www.dunya.com/ekonomi/bolgesel-merkez-yarisinda-alti-rakibimiz-var-haberi-263157,dunya_263157
5c8e85315a77,THIRD-NPP-SNPTC,2014-11-25,investment_evidence,exclusive talks,State Nuclear Power Technology Corp (SNPTC),Mainland China,Westinghouse; EÜAŞ,energy (nuclear),,,nuclear plant (3rd),,,,,Dünya,"Türkiye, ABD'li Westinghouse ve Çinli SNPTC ile üçüncü nükleer santralin yapımı için görüşmelere başladı … ANKARA - Türkiye, Mersin Akkuyu ve Sinop'ta yapılacak iki nükleer santralin ardından yapımı planlanan üçüncü nükleer santral için ABD'li Westinghouse Electric Company ve Çin devlet şirketi State Nuclear Technology Corporation (SNPTC) ile görüşmelere başladı. … Westinghouse'tan dün akşam yapılan açıklamada, şirketlerin EÜAŞ ile münhasır görüşmelere başladığı belirtildi.",exclusive negotiations started,Üçüncü nükleer santrale ABD ve Çin talip,https://www.dunya.com/ekonomi/ucuncu-nukleer-santrale-abd-ve-cin-talip-haberi-263866,dunya_263866
6c1a8831f048,HUAWEI-ISTANBUL-RND,2014-12-17,company_news,status,Huawei,Mainland China,,telecom R&D,İstanbul,,R&D centre,,,370 employees,,Dünya,"Huawei'nin İstanbul'daki  Uluslararası Ar-Ge Merkezi'nde geliştirilen IPTV, sosyal medya ile televizyonu tek ekranda birleştiriyor … ÖZÜM ÖRSANKARA - Huawei’nin İstanbul’da yer alan Ar- Ge merkezi, 5’inci yılını doldururken, 370 kişilik istihdam sağlıyor. … Huawei’nin İstanbul’da yer alan Ar-Ge merkezi, bugün 370 kişilik istihdam sağlıyor. 5’inci yılını dolduran Ar-Ge merkezinde çalışanların tamamını Türkler oluştururken birkaç yabancı yönetici de bulunuyor.",R&D centre in 5th year,IPTV'yi Türkiye'deki merkezinde geliştiriyor,https://www.dunya.com/sirketler/iptv039yi-turkiye039deki-merkezinde-gelistiriyor-haberi-266040,dunya_266040
e1663ad80510,RISEN-SOLAR-VAN,2014-12-20,investment_evidence,feasibility,Risen Solar Technology,Mainland China,Prodesing (consultant),energy (solar),Van,,,,,,,Dünya,"Fizibilite çalışması yapmak üzere kente gelen Çin'deki enerji firmasının proje yöneticisi Yun Jia Yang, 2015'te Türkiye ve Çin arasında yapılacak ticari anlaşmalara bu yatırımı ekletmeyi hedefliyor … Çin'de faaliyet gösteren enerji firması Risen Solar Technology, Van'a güneş enerjisi yatırımı için kentte fizibilite çalışması yapacak. … Yang da Van'da yatırım yapmak üzere fizibilite çalışmaları yürüttüklerini bildirerek, ""2015'te Türkiye ve Çin arasında yapılacak ticari anlaşmalara bu yatırımımızı eklemek istiyoruz.",feasibility study for solar investment,Çin'den Van'a güneş enerjisi yatırımı,https://www.dunya.com/sektorler/enerji/cin039den-van039a-gunes-enerjisi-yatirimi-haberi-266325,dunya_266325
1d7fc744b461,VOTORANTIM-SIVAS-TCDRI,2015-03-04,other_news_source,contract awarded,TCDRI (Sinoma),,,,,,,,,,,World Cement,"TCDRI, a Sinoma design institute, won an engineering-procurement contract for a 4,500 tpd line for Votorantim Çimento.",Plant location inferred from Votorantim's 2015 Sivas expansion.,Votorantim awards TCDRI contract for Turkish project,https://www.worldcement.com/europe-cis/04032015/Votorantim-awards-TCDRI-contract-for-Turkish-project-446/amp,
a22857431f19,CRBC-TURKEY,2015-03-14,company_news,status,China Road and Bridge Corporation (CRBC),Mainland China,,construction (contractor),,,country office,,,,,Dünya,"China Road and Bridge Construction Türkiye Genel Müdürü Fang Xiaoqian, ""İlişkilerimizi geliştirmeliyiz"" dedi. … China Road and Bridge Construction Türkiye Genel Müdürü Fang Xiaoqian, Türkiye ve Çin'in hala birbirini çok iyi tanımadığını savundu.",CRBC Turkey general manager interview,"""Türkiye ve Çin birbirini tanımıyor""",https://www.dunya.com/ekonomik-veriler/quotturkiye-ve-cin-birbirini-tanimiyorquot-haberi-273897,dunya_273897
89c4bdb2d99f,ICBC-TEKSTILBANK,2015-03-20,investment_evidence,approval china,ICBC,Mainland China,GSD Holding,banking,İstanbul,Tekstilbank (75.5%),acquisition,669,TRY mn,,,Dünya,"Dünyanın en büyük bankası ICBC'ye Tekstilbank’ı satın alması için Çin'den onay verildi. … 3 trilyon dolarlık aktif büyüklüğü ile dünyanın en büyük bankası olarak nitelendirilen Çinli ICBC’nin Türkiye’de Tekstilbank’ı satın alması için Çin tarafında onay çıktı. 29 Nisan 2014 tarihinde Tekstilbank 669 milyon lira bedelle ICBC ile satın alma anlaşması imzalamıştı. … GSD Holding, Tekstil Bank'ta sahip olduğu yüzde 75,50'lik payının, Industrial and Commercial Bank of China Limited'e (ICBC) satışı konusunda, Çin'deki bankacılık otoritesi ""China Banking Regulatory Commission"" (CBRC) tarafından satış işlemine onay verildiğini bildirdi.",CBRC approval,Çinli deve Tekstilbank onayı,https://www.dunya.com/finans/haberler/cinli-deve-tekstilbank-onayi-haberi-274511,dunya_274511
bcef376f8840,PIRELLI-CHEMCHINA,2015-03-23,investment_evidence,deal expected,ChemChina (China National Chemical Corp),Chinese-owned foreign brand,Rosneft (seller),"tyres (owns Türk Pirelli, İzmit)",Kocaeli,İzmit (Türk Pirelli plant),indirect acquisition via parent,7600,USD mn (global deal),,,Dünya,Pirelli’nin çoğunluk hisselerine Çinliler talip oldu. … İtalyan lastik devi Pirelli’nin çoğunluk hisselerinin Çin Ulusal Kimya Şirketi’ne (ChemCorp) satılması bekleniyor. … Hisse başına 15 euro ödenmesi beklenen satın alma için ChemCorp’un Rus Rosneft’e 7.6 milyar dolar ödemesi bekleniyor.,HIDDEN: indirect control of Türk Pirelli via parent takeover (Turkish plant not mentioned in article),Dev şirkete Çin kancası,https://www.dunya.com/sirketler/dev-sirkete-cin-kancasi-haberi-274700,dunya_274700
4991467ad4be,PIRELLI-CHEMCHINA,2015-03-23,investment_evidence,shareholders approved,ChemChina,Chinese-owned foreign brand,"Pirelli (owns Türk Pirelli, İzmit)",tyres,Kocaeli,İzmit (Türk Pirelli),indirect acquisition via parent,7700,USD mn (global deal),,,Dünya,"Dünyanın en büyük otomotiv pazarı Çin, lastik sektörünün sembol isimlerinden Pirelli'yi satın almak için 7.7 milyar dolar ödeme yapacak. … Dünyanın 5'inci büyük lastik üreticisi Pirelli'yi Çin satın alıyor. … Hissedarları Pirelli'nin hisselerinin Çin Ulusal Kimyasal Şirketi ChemChina'a satılması için  onay verildi.",HIDDEN,İtalyan devi satılıyor,https://www.dunya.com/dunya/italyan-devi-satiliyor-haberi-274710,dunya_274710
1e457674b71e,ICBC-TEKSTILBANK,2015-04-03,investment_evidence,approval bddk,ICBC,Mainland China,GSD Holding,banking,İstanbul,Tekstilbank (75.5%),acquisition,669,TRY mn,,,Dünya,"Bankacılık Düzenleme ve Denetleme Kurumu, Tekstilbank'ın yüzde 75,5'inin Çinli ICBC'ye satışına onay verdi. … GSD Holding'in Tekstilbank'ta sahip olduğu yüzde 75.5'lik payının, Industrial and Commercial Bank of China Limited'e (ICBC) satışına, Bankacılık Düzenleme ve Denetleme Kurumu (BDDK) tarafından onay verildi. … GSD Holding, Tekstilbank'taki yüzde 75.5 hissesinin tamamını 669 milyon liraya Çin'in en büyük dört bankasından biri olan ICBC'ye satmak için sözleşmeyi geçen yıl Nisan ayında imzalamıştı.",BDDK approval,Tekstilbank'ın satışına onay çıktı,https://www.dunya.com/finans/haberler/tekstilbank039in-satisina-onay-cikti-haberi-275706,dunya_275706
89e3b82e9ac8,ICBC-TEKSTILBANK,2015-05-22,investment_evidence,completed,ICBC,Mainland China,GSD Holding,banking,İstanbul,Tekstilbank (75.5%),acquisition,668.8,TRY mn,,,Dünya,"Dünyanın en büyük bankası olarak nitelendirilen Çinli Industrial and Commercial Bank of China (ICBC), Tekstilbank’ın yüzde 75’ini GSD'den resmen devraldı. … Tekstilbank'ın yüzde 75.5 payının Çinli ICBC Bankası'na satış işlemi tamamlandı. … Tekstilbank'ın ICBC Bankasına satış bedeli 668.8 milyon TL oldu. 229 milyon dolarlık bölümünü ilk ödeme olarak tahsil edildi.",closing; 229m USD first payment,Tekstilbank'ın satışı tamamlandı,https://www.dunya.com/finans/haberler/tekstilbank039in-satisi-tamamlandi-haberi-280628,dunya_280628
75b854038c5a,ICBC-TEKSTILBANK,2015-05-25,investment_evidence,completed,ICBC,Mainland China,GSD Holding,banking,İstanbul,Tekstilbank (75.5%),acquisition,669,TRY mn,,,Dünya,"Çinli ICBC, Tekstilbank'ın çoğunluk hisselerini GSD Holding’ten devralarak satın alma işlemini tamamladı. … Banka, Türkiye’de faaliyete geçen ilk Çin bankası oldu. … Çinli Industrial and Commercial Bank of China (ICBC), Tekstil Bankası A.Ş.’nin (Tekstilbank) çoğunluk hisselerini GSD Holding’ten devralarak satın alma işlemini tamamlayarak, Türkiye’de faaliyete geçen ilk Çin bankası oldu.",first Chinese bank operating in Turkey,Türkiye'deki ilk Çinli banka oldu,https://www.dunya.com/finans/haberler/turkiye039deki-ilk-cinli-banka-oldu-haberi-280835,dunya_280835
35e11bed6cca,ICBC-TEKSTILBANK,2015-05-26,context_mention,celebration,ICBC,Mainland China,,banking,İstanbul,Tekstilbank,acquisition,,,,,Dünya,"'Çin'le ilgilenen birkaç banka var'. ICBC'nin, Tekstil Bankası'nın çoğunluk hissesini almasını çok önemli bir olarak değerlendiren Ali Babacan, ""Bundan sonraki adım, bir Türk bankasının Çin'de lisans alıp, Çin'de faaliyete başlaması. … Babacan, ICBC'nin, Tekstil Bankası AŞ'nin çoğunluk hisselerini bünyesine dahil ederek Türkiye'ye gelişi dolayısıyla gerçekleştirilen kutlama seremonisine katıldı.",ceremony with Deputy PM Babacan,'Çin'le ilgilenen birkaç banka var',https://www.dunya.com/finans/haberler/039cin039le-ilgilenen-birkac-banka-var039-haberi-280922,dunya_280922
bec778097673,ILGIN-CINER-ICBC,2015-05-27,other_news_source,loan signed,ICBC,,,,,,,508,USD mn (loan),,,Ciner Group (company release),"Ciner Group signed a 13-year, 508m USD loan package with China's ICBC for the construction of a 500 MW thermal power plant in Ilgın, Konya; total investment 700m USD, construction from 2016 and operation from 2019.",,700 million dollar investment of Ciner,https://cinergroup.com.tr/en/news/haber/1296284-cinerden-700-milyon-dolarlik-dev-imza.html,
17db0adbf301,ICBC-HSBC-TURKEY-BRANCHES,2015-05-28,investment_evidence,plan reported,ICBC,Mainland China,HSBC Turkey (seller),banking,,,branch acquisition (277 branches),,,,,Dünya,"Çinli banka HSBC’nin 277 şubesini devralmayı planlıyor. … Tekstilbank’ı alarak Türkiye’ye yeni giren Çinli Industrial and Commercial Bank of China(ICBC) İngiliz devi HSBC arasındaki satış operasyonu şubeler üzerinden yapılacak, lisans devri olmayacak. … Küçük boyuttaki birkaç pazarlık konusu dışında ICBC ile HSBC’nin arasında anlaşmazlık noktası kalmadığı ifade ediliyor.",press report (Sözcü); not completed,Tekstilbank'tan sonra sıra HSBC'de,https://www.dunya.com/ekonomi/tekstilbank039tan-sonra-sira-hsbc039de-haberi-281218,dunya_281218
c25428cd4800,LIMAK-CEMENT-SINOMA,2015-05-29,contractor_or_finance_only,contract signed,Sinoma International,Mainland China,Limak Çimento,Construction materials,Ankara,Polatlı,EPC contract,,,,"5,000 t/day",Dünya,"Limak Çimento Grubu ile Çinli Sinoma İnternational Engineering şirketinin Türk ortağı Sintek firması arasında Ankara'nın Polatlı ilçesinde kurulacak günlük 5 bin ton çimento üretim kapasitesine sahip ""Limak Anka Entegre Çimento Fabrikası"" için anahtar teslimi müteahhitlik sözleşmesi imzalandı. … Bültene göre, projenin inşaat ve montajının yaklaşık 20 ay sürmesi ve 2017 yılının ilk çeyreği sonunda tamamlanması hedefleniyor. … Projenin toplam yatırım tutarının yüzde 85'i Çin ihracat kuruluşu sigortası aracılığı ile üç yılı ödemesiz olmak üzere, toplam 13 yıl vadeli kredi, kalan yüzde 15'i ise öz kaynaklardan sağlanacak.",turnkey EPC; 85% financed by Chinese export-credit-insured loan,"Limak Çimento, Çinli şirketle anlaştı",https://www.dunya.com/sirketler/limak-cimento-cinli-sirketle-anlasti-haberi-281308,dunya_281308
a9c20048656d,LIMAK-CEMENT-SINOMA,2015-06-02,other_news_source,EPC contract signed,Sinoma International,,,,,,,155,USD mn,,,CemNet (International Cement Review),"Sinoma International signed a $155m EPC contract with Limak Holding for a 5,000 tpd cement plant near Ankara.",Completion targeted for 2017.,"EPC contract signed for new Limak cement works, Turkey",https://www.cemnet.com/News/story/156945/epc-contract-signed-for-new-limak-cement-works-turkey.html,
3b8651a5e15d,XINJIANG-ALKUT-KIZILCAHAMAM,2015-06-16,investment_evidence,company established,Xinjiang Alkut Group,Mainland China,Yıldırım Beyazıt University (protocol),health tourism / herbal medicine,Ankara,Kızılcahamam,greenfield (thermal health + herbal factory),100,USD mn,,,Dünya,"Çin’in Sincan Uygur Özerk Bölgesi Urumçi şehrinde faaliyet gösteren Xinjiang Alkut Şirketler Grubu Ankara Kızılcahamam’da 100 milyon doları aşacak sağlık turizmi yatırımı yapacak. … DERYA ŞENGÜN - ANKARAÇin Halk Cumhuriyeti Sincan Uygur Özerk Bölgesi Urumçi şehrinde faaliyet gösteren Xinjiang Alkut Şirketler Grubu, Ankara Kızılcahamam’da 100 milyon doları aşacak sağlık turizmi yatırımı için düğmeye bastı. … İlçede bir şifalı bitkiler fabrikası kurulacak ve fabrikada kullanılacak hammaddeler için de şifalı bitkiler tarlaları oluşturulacak. … Şirket yatırım kapsamında Ankara’da Urumçi Tarım AŞ adlı bir şirket kurdu. … Bu şirket ile Yıldırım Beyazıt Üniversitesi Tamamlayıcı Tıp Merkezi arasında, Ankara Valisi Mehmet Kılıçlar’ın himayesinde protokol imzalandı.",company Urumçi Tarım AŞ founded in Ankara,Çin’den Ankara'ya 100 milyon dolarlık sağlık turizmi yatırımı,https://www.dunya.com/ekonomi/cinden-ankara039ya-100-milyon-dolarlik-saglik-turizmi-yatirimi-haberi-283265,dunya_283265
93cb940399ed,HK-HOTEL-BRANDS,2015-06-23,context_mention,opened/plan,Mandarin Oriental; Shangri-La; Swiss-Belhotel,Hong Kong,,hotels,İstanbul,,hotel brands (ownership vs management unclear),,,,,Dünya,"Son dönemde Mandarin, Shangri La, Raffles ve Aman'ın Türkiye'deki yatırımları 1.2 milyar doları buldu … Son dönemde Singapur merkezli Raffles ve Aman Resort, Çinli Mandarin, Hong Kong merkezli Shangri- La’nın otel açmasının ardından 4 yeni Asyalı şirket daha Türkiye’ye turizm yatırımına geliyor. … Japon Okura ve Hong Kong merkezli Swiss-Belhotel’in çalışmalara başlamasının ardından, Singapurlu The Ascott ve Bangkok merkezli Central Group, Türkiye’de turizm yatırımı kararı aldı.","Asian hotel brands; likely management contracts, ownership not established",Asyalı 4 otel markası daha Türkiye yolunda,https://www.dunya.com/sektorler/turizm/asyali-4-otel-markasi-daha-turkiye-yolunda-haberi-284049,dunya_284049
98013ced69f5,HUMARTAS-CN-SOLAR-PARTNERS,2015-08-23,investment_evidence,jv projects,unnamed Chinese panel makers,Mainland China,Humartaş Yapı ve Enerji,energy (renewables),,,joint projects / panel-maker financing,,,,,Dünya,"Hollanda, Almanya ve İngiltere merkezli yatırım fonları ve üretim avantajını elinde bulunduran Çin’li firmalarla ortak projeler yürüttüklerini dile getiren Terzioğlu, geçen yıl yaklaşık 275 milyon dolarlık yatırımla 300 megavat güç kapasiteli projeler geliştirdiklerini ve bunların 2016 yılı sonuna kadar hayat bulmasını planladıklarını kaydetti. … Ülkedeki projelere Avrupa ülkeleri merkezli özel sermaye fonlarının (Private Equity Fund) ve  enerji yatırım fonlarının ilgi gösterdiklerini dile getiren Terzioğlu, güneş enerjisi projelerinde de panel üreticilerinin fon sağladığını söyledi.",Turkish developer runs joint projects with Chinese firms; panel producers provide funding,Türkiye'ye 275 milyon dolarlık enerji yatırımı,https://www.dunya.com/sektorler/enerji/turkiye039ye-275-milyon-dolarlik-enerji-yatirimi-haberi-289898,dunya_289898
64072d3b2358,ICBC-TEKSTILBANK,2015-08-27,company_news,company news,ICBC,Mainland China,,Banking,,,Acquisition,,,,,Dünya,"Tekstilbank'ın sahibi olan Çin'in en büyük bankası Industrial and Commercial Bank of China (ICBC)  bu yılın ilk yarısında geçen yıla paralel net kâr açıklarken, geri dönmeyen kredileri artış kaydetti.",Route C find: ICBC (Tekstilbank owner) global results,Tekstilbank'ın sahibinden 23 milyar dolarlık kâr,https://www.dunya.com/dunya/tekstilbank039in-sahibinden-23-milyar-dolarlik-kar-haberi-290359,dunya_290359
9df6aedacfe5,PENINSULA-GALATAPORT-HOTEL,2015-08-27,investment_evidence,jv filing,The Hongkong and Shanghai Hotels (Peninsula),Hong Kong,Salıpazarı Liman İşletmeciliği (Doğuş-Bilgili),hotels,İstanbul,Galataport (Salıpazarı),JV hotel,150,EUR mn (HSH share of 300m),,,Dünya,"Rekabet Kurumunun internet sitesinde yer alan duyuruya göre, Salıpazarı Liman İşletmeciliği ve Yatırımlar AŞ ve Peninsula Istanbul Holdings AG otelcilik hizmetleri pazarında birlikte faaliyet göstermek için başvurdu. … Söz konusu şirketler Kuruma, İstanbul Salıpazarı Liman Sahası'nda yer alacak İstanbulport Projesi'nin lüks otel bölümünün geliştirilip, The Hongkong and Shanghai Hotels Limited veya iştiraklerinden biri tarafından otel anlaşmaları grubuna göre işletilmesi ve yönetimi için ortak girişim kurma başvurusu yaptı. … Asya'nın lüks otel markası Peninsula'nın sahibi The Hongkong and Shanghai Hotels Limited  (HSH) şirketinin bu yılın ilk 6 aylık döneme ait faaliyet raporundaki bilgiye göre, söz konusu projenin bedeli 300 milyon euro olacak. … Bunun 150 milyon eurosu HSH tarafından karşılanacak. 1928'de kurulan lüks otel zinciri Peninsula otelleri Hong Kong, Şangay, Tokyo, Pekin, New York, Chicago, Beverly Hills, Bangkok, Manila, Paris ve Londra'da faaliyet gösteriyor.",Competition Authority JV application,İstanbulport'un otel projesi için ortaklık başvurusu,https://www.dunya.com/sirketler/istanbulport039un-otel-projesi-icin-ortaklik-basvurusu-haberi-290352,dunya_290352
635dc46c54b6,KANAL-ISTANBUL-CN,2015-09-03,context_mention,preliminary talks,unnamed Chinese firms,Mainland China,,infrastructure (canal),İstanbul,Kanal İstanbul,tender (model TBD),15000,USD mn (project),,,Dünya,"Karadeniz ve Marmara’nın yapay bir boğazla bağlanacağı Kanal İstanbul için Çinli, İtalyan ve Rus şirketlerle ön görüşmeler yapıldı.",,Dünya devleri Kanal İstanbul'a hazırlanıyor,https://www.dunya.com/sektorler/emlak/dunya-devleri-kanal-istanbul039a-hazirlaniyor-haberi-291085,dunya_291085
909f25727e8e,BANK-OF-CHINA-TURKEY,2015-09-09,investment_evidence,licence talks,Bank of China,Mainland China,,banking,İstanbul,,banking licence,,,,,Dünya,"BDDK Başkanı Akben, Bank of China ile göreşeceklerini belirterek, 'Lisans alımı ile ilgileniyorlar' dedi … Bankacılık Düzenleme ve Denetleme Kurumu (BDDK) Başkanı Mehmet Ali Akben, yarın Bank of China ile görüşmeleri olduğunu belirterek, “Lisans alımı ile ilgileniyorlar. … Bank of China’nın kendilerinden taleplerinin yeni bir banka kurma yönünde olduğunu bildiren Akben, bunun yanında başka Çinli grupların da kendilerinden Türkiye’de bankacılık yapmak için talepleri olduğunu vurgulayarak, bu grupların Türkiye pazarını iyi bulduklarını dile getirdi.",BDDK: interested in new bank licence,"Dünya devi Bank of China, lisans için görüşmeye geliyor",https://www.dunya.com/sirketler/dunya-devi-bank-of-china-lisans-icin-gorusmeye-geliyor-haberi-291600,dunya_291600
5e09b3858775,COSCO-KUMPORT,2015-09-17,investment_evidence,agreement signed,"COSCO Pacific (with CMHI, CIC Capital)",Mainland China,Fina Liman (Fiba Holding) seller,ports,İstanbul,"Ambarlı (Kumport, Avcılar)",acquisition (65%),940,USD mn,,,Dünya,"Cosco Pacific, Kumport'u 940 milyon dolara satın aldı. … İstanbul Avcılar'da bulunan büyük limanın sahibi ve işletmecisi Fina Liman'ın yüzde 65 hissesi Cosco Pacific'e satıldı. … Cosco Pacific'in iştirakleri CMHI ve CIC Capital bir ortak girişim grubu oluşturarak, Fina Liman ve Kumport'un hisseleri için 940 milyon dolar ödeyecek. … Bu işlem bugüne kadar Çin'den Türkiye'ye gelen en büyük doğrudan yabancı yatırım unvanını aldı.",largest Chinese FDI in Turkey to date,"Kumport Limanı, Cosco Pacific'e satıldı",https://www.dunya.com/sirketler/kumport-limani-cosco-pacific039e-satildi-haberi-292370,dunya_292370
6fe1aec01e19,SWISS-BELHOTEL-TURKEY,2015-09-21,company_news,entry,Swiss-Belhotel International (Hong Kong),Hong Kong,Çelik Palas owners,hotels (management/partnership),Bursa,Çelik Palas,hotel partnership ('ortak'),,,,,Dünya,"Tarihi Çelik Palas, Swiss-Belhotel International ile dünyaya açıldı. … Dünya'nın en büyük otel zincirlerinden Swiss-BelHotel İnternational, tarihi Çelik Palas oteline ortak olarak Türkiye pazarına giriş yaptı … ESRA ÖZARFATBURSA - Mustafa Kemal Atatürk’ün direktifiyle, 1935 yılında mimar Guilio Mongeri tarafından inşa edilen tarihi Çelik Palas oteli, yaptığı ortaklıkla dünyanın en büyük otel zincirlerinden Swiss-Belhotel International Hotel&Resorts’un halkalarından biri oldu.","HK chain entered Turkey via historic Çelik Palas (later exited, 2017)","Tarihi Çelik Palas, Swiss-Belhotel International ile dünyaya açıldı",https://www.dunya.com/sirketler/tarihi-celik-palas-swiss-belhotel-international-ile-dunyaya-acildi-haberi-292732,dunya_292732
1e8160f594b0,THIRD-NPP-SNPTC,2015-10-14,investment_evidence,mou signed,unnamed Chinese firm (SNPTC),Mainland China,Westinghouse,energy (nuclear),Kırklareli,İğneada,nuclear plant (3rd),,,,,Dünya,"""Japonların da ilgisi varÜçüncü nükleer santral konusunda firmalarla görüşmelerin sürdüğüne işaret eden Alaboyun, ""Üçüncü nükleer santralin Kırklareli İğneada bölgesinde yapılması planlanıyor. … Şu an ilk gelenler Çinliler ile Amerikalıların Westinghouse firması. … Mutabakat zaptı imzalandı.",deputy minister: Chinese and Westinghouse first movers; MoU signed,Üçüncü nükleer santral İğneada'ya yapılacak,https://www.dunya.com/sektorler/enerji/ucuncu-nukleer-santral-igneada039ya-yapilacak-haberi-294802,dunya_294802
eb048743dd67,NEW-HOPE-ADANA-FEED,2015-10-23,investment_evidence,opened,New Hope Group,Mainland China,Japanese partner (unnamed),agri-food (animal feed),Adana,Adana OSB,greenfield feed factory,,,,,Dünya,"Çinli New Hope firması Adana Organize Sanayi Bölgesi'nde yem fabrikası kurdu … ADANA (DÜNYA)  - Çin merkezli New Hope firması, Türkiye'deki yatırımı için Adana'yı tercih etti. … Şirketin, ilerleyen dönemde de dana ve tavuk eti işleyerek sucuk ve benzeri ürünlerin imalatını da yapmaya hazırlanan yem fabrikasının açılışı Adana Organize Sanayi Bölgesi'ndeki törenle gerçekleşti. … Açılışta konuşan Adana Valisi Mustafa Büyük, Çin ve Japon firmaların işbirliğiyle Adana’ya yapılan bu yatırımdan duydukları memnuniyeti dile getirerek, “Gelecekte yapacakları başka yatırımlar konusunda her türlü desteği vermeye ve işbirliği yapmaya hazırız” dedi.",future meat processing planned,Çinli şirket Adana'ya yem fabrikası kurdu,https://www.dunya.com/sirketler/cinli-sirket-adana039ya-yem-fabrikasi-kurdu-haberi-295854,dunya_295854
02c131d65d63,CN-COAL-1320MW-2015,2015-11-05,investment_evidence,interest,unnamed Chinese companies,Mainland China,,"energy (coal, renewables, CNG/LNG)",,,,,,1320 MW,,Dünya,"Çinli şirketlerin 1,320 MW'lık kömür santrali yatırımına talip olduklarını bildiren EPDK Başkanı Yılmaz, 'Çinliler, diğer bazı yatırım fırsatları için de değerlendirmelere başladı' dedi … Enerji Piyasası Düzenleme Kurulu (EPDK) Başkanı Mustafa Yılmaz, geçen hafta Pazar günü yapılan seçimin ardından enerji sektörüne yatırımcıların ilgisinin arttığını, Çinli şirketlerin 1,320 MW'lık kömür santrali yapımının yanı sıra diğer bazı yatırım fırsatları için değerlendirmelere başladığını söyledi. … Bu kapsamda CNG ve LNG terminal ve dolum tesisleri yapmak istiyorlar"" dedi. … Yılmaz, bunun yanı sıra bir araya geldiği Çinli şirketlerle önümüzdeki dönemde enerji sektöründeki yatırım fırsatlarını ele aldıklarını kaydederek, ""Yenilenebilir enerji ve kömür üretim santralleri yapmak istiyorlar. 1,320 MW'lik santral yapmak istiyorlar ve ek yatırımlar için de arayış içindeler"" dedi.","EPDK head: Chinese want to build 1,320 MW coal plant and seek more investments",Çinliler Türkiye'de yatırım bakıyor,https://www.dunya.com/gundem/cinliler-turkiye039de-yatirim-bakiyor-haberi-297173,dunya_297173
393b6876e5f5,ICBC-TEKSTILBANK,2015-11-13,company_news,rename,ICBC Turkey Bank,Mainland China,,banking,İstanbul,,,,,,,Dünya,"Tekstilbank'ın unvanı ICBC Turkey Bank AŞ olarak değiştirildi. … Tekstilbank'ın Tekstil Bankası AŞ olan unvanı ICBC Turkey Bank AŞ olarak değiştirildi. … GSD Holding, Tekstilbank'taki yüzde 75.5 hissesinin tamamını 669 milyon liraya Çinli ICBC'ye satmıştı.",Tekstilbank renamed ICBC Turkey Bank,Tekstilbank'ın adı değişti,https://www.dunya.com/finans/haberler/tekstilbank039in-adi-degisti-haberi-298087,dunya_298087
cbee764c7abb,CN-ENERGY-ASSET-SALE-2015,2015-12-23,investment_evidence,talks reported,unnamed Chinese investors,Mainland China,unnamed large Turkish energy group,energy,,,acquisition of power companies,,,,,Dünya,Enerji sektörüne büyük yatırımları bulunan bir grubun da beklediği karlılığı bulamaması nedeniyle şirketlerinin satışı konusunda Çinli yatırımcılarla görüştüğü belirtiliyor.,press: a big energy group negotiating sale of its companies to Chinese investors,Elektrikte gaz ve kur sıkışması!,https://www.dunya.com/ekonomi/elektrikte-gaz-ve-kur-sikismasi-haberi-302410,dunya_302410
d0e51ce86389,HARBIN-HATTAT-POWER-EQUIPMENT,2016-01-01,other_news_source,contractors listed,Dongfang Electric; Harbin Electric,,,,,,,,,,,Power Technology,Plant profile lists Dongfang Electric and Harbin Electric International as EPC contractors for Hattat's Amasra coal plant.,Stalled after a 2016 court ruling; unbuilt.,"Amasra Hattat Power Plant, Turkey",https://www.power-technology.com/marketdata/amasra-hattat-power-plant-turkey/,
a65455b883ab,AFSIN-ELBISTAN-CN,2016-01-12,investment_evidence,talks,Dongfang (Donfang) energy group,Mainland China,EÜAŞ / Energy Ministry,energy (lignite power),Kahramanmaraş,Elbistan,coal field + plant upgrade,10000,USD mn,,,Dünya,Evet Çinli enerji grubu “Donfang” Elbistan'da kömür havzasının kullanımı ve santral yapımıyla ilgili Enerji Bakanlığı ile 10 milyar doların üzerinde bir iyileştirme yatırımı planı için temasları olmuştu. … Çin devlet şirketi Donfang ile üç yıldır görüşmemiz sürüyor.,Turkish inventor interview: Dongfang had >10bn USD plan talks with ministry,Taşı yakan Türk mucit Amerika yolcusu!,https://www.dunya.com/ekonomi/tasi-yakan-turk-mucit-amerika-yolcusu-haberi-304252,dunya_304252
08eb0cd6c244,ENERJISA-CN-STAKE-RUMOR,2016-01-19,investment_evidence,rumor denied,unnamed Chinese investors,Mainland China,Sabancı Holding; E.ON,energy (utilities),,,stake purchase,,,,,Dünya,"KAP'a yapılan açıklamada, ""Basında iştiraklerimizden Enerjisa'da hisse satışı yapılacağına ilişkin haberler çıkmıştır. … Ancak Yönetim Kurulumuzca bu konuda alınmış bir karar bulunmamaktadır"" denildi. … Basında, Eon ve Sabancı'nın Enerjisa'da Çinli yatırımcılara hisse satışı yapmak için görüşmelerde bulunduğuna dair haberler yer almıştı.",Sabancı: no board decision on Enerjisa stake sale,Sabancı: Enerjisa'da hisse satışı kararı yok,https://www.dunya.com/sirketler/sabanci-enerjisa039da-hisse-satisi-karari-yok-haberi-304868,dunya_304868
bec778097673,ILGIN-CINER-ICBC,2016-02-04,other_news_source,status,Ciner,,,,,,,,,,,Bloomberg HT,"Ciner said the 500 MW Ilgın plant would be completed in 36 months, with mining and installation starting in 2016 and Alstom supplying the boiler and turbine; the report does not mention the financing.",,Ciner/Duyak: Ilgın'da kurulacak termik santral tüketimin % 2'sini karşılayacak,https://www.bloomberght.com/cinerduyak-ilginda-kurulacak-termik-santral-tuketimin--2sini-karsilayacak-1852464,
9ac709c77297,CN-WHITE-GOODS-PARTNERSHIP,2016-02-05,general_signal,exploration,Chinese economic delegations,Mainland China,Turkish white-goods firms,white goods,Tekirdağ; Kayseri,Çerkezköy OSB; Kayseri OSB,partnership search,,,,,Dünya,"Beyaz eşya sektörü ihracatının yüzde 75'ini AB ülkelerine gerçekleştiriyor.'Çinli firmalar ortaklık kuracak yer arıyor'Toplantıda verilen bilgiye göre, Türkiye yıllık 23 milyon adetlik beyaz eşya üretimi ile Çin'in ardından dünyanın en büyük ikinci beyaz eşya üreticisi konumunda bulunuyor. … Bu özelliğiyle Türkiye beyaz eşya sektörünün Çinli firmaların ilgisini çektiğini belirten TÜRKBESD Yönetim Kurulu Başkan Yardımcısı Muharrem Yamaç ise, ""Çin ekonomi heyetleri Çerkezköy OSB'yi, Kayseri OSB'yi ziyaret etti. … Türk firmalarla ortaklık kuracak yer arıyorlar.",TÜRKBESD: Chinese seek partnership locations,Konut satışları beyaz eşya sektörüne yaradı,https://www.dunya.com/ekonomi/konut-satislari-beyaz-esya-sektorune-yaradi-haberi-306632,dunya_306632
b21ef4a7a1a8,HUNUTLU-EMBA-SHANGHAI-ELECTRIC,2016-03-30,other_news_source,plans reported,Shanghai Electric; EMBA,,,,,,,,,,,Türkiye gazetesi,"EMBA's general manager said Shanghai Electric has been EMBA's majority shareholder since November 2013, that 800m USD had already been transferred for the 1,320 MW, 1.7bn USD Yumurtalık plant, and that the company proposes wind and solar projects around Karapınar and a thermal plant in Ambarlı.",,Çin Türkiye'de 15 milyar dolarlık yatırım yapacak,https://www.turkiyegazetesi.com.tr/ekonomi/cin-turkiyede-15-milyar-dolarlik-yatirim-yapacak-357933,
09248a60a890,TRINA-SOLAR-TURKEY,2016-04-06,other_news_source,supply contract,Trina Solar,,,,,,,,,,,pv magazine,"Trina Solar agreed to deliver 40 MW of modules to the Turkish EPC firm Tegnatia for ground-mounted plants in Mersin, Adana, Konya and Erzurum.",Publication date as indexed; it is not shown on the page.,Trina Solar signs 40 MW module supply deal with Turkish EPC,https://pv-magazine.com/trina-solar-signs-40-mw-module-supply-deal-with-turkish-epc,
5cb4ff21ca25,BANK-OF-CHINA-TURKEY,2016-04-08,investment_evidence,application completed,Bank of China,Mainland China,,banking,İstanbul,,new bank licence,,,,,Dünya,"Bank of China, Türkiye için başvuru sürecini tamamladı. 2016 yılında Türkiye'de faaliyete başlamayı planlayan Bank of China'nın, gerekli olan evrakları teslim ettiği bildirildi. … Bankacılık Düzenleme ve Denetleme Kurumu (BDDK) Başkanı Mehmet Ali Akben, dünyanın en büyük bankalarından Bank of China'nın başvuru sürecini tamamlayarak evraklarını teslim ettiğini söyledi. … Şu anda Çin makamları ile gerekli yazışmaların sürdürüldüğünü aktaran Akben, yazışmalar tamamlandıktan sonra gerekli lisanslama çalışmasının başlayacağını belirterek, ""Tabi onların bu arada yer tutma, IT teknolojilerinin kuruluşu derken bir süre geçecek ama müracaatları tamamlandı"" ifadelerini kullandı.",,"Bank of China, Türkiye için başvuru sürecini tamamladı",https://www.dunya.com/dunya/bank-of-china-turkiye-icin-basvuru-surecini-tamamladi-haberi-313035,dunya_313035
9cb7b5f94c46,TUZGOLU-GAS-STORAGE-TIANCHEN,2016-04-11,contractor_or_finance_only,reference,China Tianchen Engineering,Mainland China,BOTAŞ,Energy – gas,Aksaray,Sultanhanı,EPC contract,,,,1 bcm,Dünya,"Çinli Tianchen Mühendislik Şirketi tarafından yapılan toplam 1 milyar metreküp kapasitesindeki depoların yarısının 2017’de, tamamının ise 2019’da hizmete girmesi öngörülüyor.","half to open 2017, rest 2019",Doğalgazda yatırım önceliği depolamaya,https://www.dunya.com/sektorler/enerji/dogalgazda-yatirim-onceligi-depolamaya-haberi-313270,dunya_313270
78720ea3dfec,BANK-OF-CHINA-TURKEY,2016-04-13,context_mention,application completed,Bank of China,Mainland China,,banking,,,new bank licence,,,,,Dünya,Bank of China’nın yeni bir banka kurma müracaatı tamamlandı.,,Kredi faizlerinde düşüş bekleniyor,https://www.dunya.com/ekonomi/kredi-faizlerinde-dusus-bekleniyor-haberi-313496,dunya_313496
57e4a8b6108e,BANK-OF-CHINA-TURKEY,2016-05-03,other_news_source,establishment permit,Bank of China,,,,,,,300,USD mn (capital),,,Bloomberg HT,Deputy prime minister Şimşek announced that the banking regulator BDDK had given Bank of China permission to establish a bank in Turkey with capital equivalent to 300m USD.,,"Şimşek: BDDK, Bank of China'ya Türkiye'de kuruluş izni verdi",https://www.bloomberght.com/simsek-bddk-bank-of-chinaya-turkiyede-kurulus-izni-verdi-1877003,
602915b1f0aa,HUAWEI-ISTANBUL-RND,2016-05-09,investment_evidence,expansion,Huawei,Mainland China,,telecom R&D,İstanbul,,R&D investment,20,USD mn (2015; 100m cumulative),,,Dünya,"Türkiye'de 2015 yılında 20 milyon dolar Ar-Ge yatırımı yapan Huawei, bu yıl bu rakamın üzerine çıkmayı hedefliyor. … Huawei Technologies'in Türkiye Kurumsal İş Çözümleri Ülke Müdürü Serdar Yokuş yaptığı açıklamada bugüne kadar Türkiye'de 100 milyon dolar tutarında Ar-Ge yatırımı yaptıklarını belirterek, ""Geçen yıl 20 milyon dolar olmak üzere 6 yılda Türkiye'de yaptığımız Ar-ge yatırımları 100 milyon dolara ulaştı. 2016'da 2015'in de üzerinde bir Ar-ge yatırımı hedefliyoruz"" dedi. … Yokuş'un verdiği bilgiye göre, Huawei'nin son on yılda dünya genelinde gerçekleştirdiği toplam Ar-Ge yatırımı 19 milyar dolar Türkiye'deki Ar-Ge Merkezi ise her yıl yaklaşık 20 milyon dolarlık ek yatırımla yoluna devam etmesi bekleniyor.",target >20m USD R&D in 2016,"Huawei, Ar-Ge yatırımlarını artıracak",https://www.dunya.com/sirketler/huawei-ar-ge-yatirimlarini-artiracak-haberi-316260,dunya_316260
c757eadae43c,HUAWEI-ISTANBUL-RND,2016-06-24,company_news,plant opened,Huawei (with Flextronics),Mainland China,Flextronics,telecom equipment manufacturing,Tekirdağ,,local production partnership (Flex plant),,,,,Dünya,"Huawei ve Flextronics, 4.5G baz istasyonları ve ağ enerji sistemleri üretecek. … İki şirket, 4.5G baz istasyonları ve ağ enerji sistemleri üretecek fabrikanın açılışını Tekirdağ’da gerçekleştirdi. … Huawei bu amaçla geçtiğimiz yıl ön görüşmelerine başladığı 4.5G ekipman üretim tesisleri için, dünyanın lider üretim şirketlerinden olan Flextronics ile iş ortaklığına gitti.","Huawei-Flex partnership; plant ownership with Flex, Huawei equity not stated",4.5G’de yerli ekipman üretimine Huawei desteği,https://www.dunya.com/sirketler/45gde-yerli-ekipman-uretimine-huawei-destegi-haberi-320854,dunya_320854
d08ab74953b9,CN-NUCLEAR-COOPERATION,2016-06-29,general_signal,mou government,PRC National Energy Administration,Mainland China,,energy (nuclear),,,,,,,,Dünya,"Enerji Bakanı Albayrak ile Çin Ulusal Enerji İdaresi Direktörü Bekri, nükleer teknolojiler ve nükleer iş birliğinin karşılıklı olarak geliştirilmesi için mutabakat zaptı imzaladı. … Enerji ve Tabii Kaynaklar Bakanı Berat Albayrak ile Çin Ulusal Enerji İdaresi Direktörü Nur Bekri, iki ülke arasında nükleer enerji alanında iş birliğine dair mutabakat zaptını imzaladı.",intergovernmental nuclear cooperation MoU,Çin ile nükleer işbirliği,https://www.dunya.com/sektorler/enerji/cin-ile-nukleer-isbirligi-haberi-321419,dunya_321419
35cb3895ba18,HNA-INGRAM-MICRO-TURKEY,2016-07-03,investment_evidence,competition approval,HNA Group,Chinese-owned foreign brand,Ingram Micro (Turkey subsidiary),IT distribution,,,indirect acquisition (global deal cleared by Turkish Competition Board),,,,,Dünya,"Rekabet Kurulu ayrıca, Arya Sağlık Gıda ve Temizlik Maddeleri İmalat Pazarlama'ya ait üretim hattı, ambalaj makineleri ve yardımcı ekipmanın, Aktül Kağıt Üretim Pazarlama AŞ tarafından devralınması işlemine, Win Bilgi İletişim Hizmetler AŞ hisselerinin belli oranının Callus Bilgi ve İletişim Hizmetleri AŞ tarafından devralınması işlemine, Ingram Micro Inc.'ın tek kontrolünün HNA Group Co.",HIDDEN: Ingram Micro's Turkish operations came under HNA control,Rekabet Kurulu kararları,https://www.dunya.com/ekonomi/rekabet-kurulu-kararlari-haberi-321807,dunya_321807
f5d63617fc9d,KARAPINAR-YEKA-SOLAR-CN,2016-10-02,investment_evidence,interest,two unnamed Chinese firms,Mainland China,,energy (solar),Konya,Karapınar,YEKA tender,1500,USD mn (project),,,Dünya,"Aynı zamanda, söz konusu ihaleyle iki Çinli, bir de ABD'li firmanın yakından ilgilendiği belirtiliyor.",two Chinese firms closely interested,"Güneş enerjisinde 1,5 milyar dolarlık ilk ihale Konya'da",https://www.dunya.com/sektorler/enerji/gunes-enerjisinde-15-milyar-dolarlik-ilk-ihale-konyada-haberi-331856,dunya_331856
774b136dd1e9,ICBC-TEKSTILBANK,2016-11-01,company_news,permit,ICBC Turkey Bank,Mainland China,,banking,,,activity permit,,,,,Dünya,"BDDK Kuveyt Türk ve ICBC Turkey Bank'a çeşitli konularda faaliyet izni verdi. … Aynı kararlar kapsamında, ICBC Turkey Bank AŞ'ye yurt içi ve yurt dışında kurulu banka ve diğer finansal kuruluşlara, Türkiye’de yerleşik firmalara kullandırılacak kredilere yönelik olarak destek/danışmanlık faaliyeti izni verildi.",BDDK permit for support/consulting activities,Kuveyt Türk ve ICBC'ye faaliyet izni,https://www.dunya.com/sirketler/kuveyt-turk-ve-icbcye-faaliyet-izni-haberi-336069,dunya_336069
c96406122897,KARAPINAR-YEKA-SOLAR-CN,2016-11-13,investment_evidence,partner talks,unnamed Chinese firms,Mainland China,CK Enerji (Cengiz-Kolin),energy (solar + equipment factory),Konya,Karapınar,YEKA consortium partner,1500,USD mn (project),,,Dünya,Karapınar için Çin ve Koreli ortak arayışı … Orada ekipman üretecek bir fabrika da kurulacak. … Bu yatırım konusunda Çin ve Koreli şirketler ile görüşüyoruz.,CK in talks with Chinese/Korean firms,"CLK Enerji, yoluna CK olarak devam edecek",https://www.dunya.com/sirketler/clk-enerji-yoluna-ck-olarak-devam-edecek-haberi-337669,dunya_337669
119b5d12ed57,ICBC-TEKSTILBANK,2016-11-15,investment_evidence,capital increase,ICBC Turkey Bank,Mainland China,,banking,,,capital increase,440,TRY mn (paid-in 420m->860m),,,Dünya,"ICBC Turkey Bank'ın sermayesinin 420 milyon liradan 860 milyon liraya yükseltilmesine onay verildi. … ICBC Turkey Bank, Kamuyu Aydınlatma Platformunda yer alan açıklamasında banka yönetim kurulunun, ödenmiş sermayenin 420 milyon TL'den 860 milyon TL'ye (yüzde 104,76) yükseltilmesiyle ilgili kararı doğrultusunda, ana sözleşmenin 8. maddesinin tadili için Bankacılık Düzenleme ve Denetleme Kurumuna (BDDK) ve Sermaye Piyasası Kuruluna (SPK) 3 Kasım 2016 tarihinde gerekli başvuruların yapıldığını ve SPK tarafından gerekli iznin verildiğini bildirdi. … Açıklamada, başvuru kapsamında BDDK tarafından da bugün itibarıyla gerekli izinin verildiği duyuruldu.",BDDK approved capital increase,ICBC Turkey Bank'ın sermaye artırımına onay,https://www.dunya.com/ekonomi/icbc-turkey-bankin-sermaye-artirimina-onay-haberi-338014,dunya_338014
b618faf13bb4,ZTE-NETAS,2016-12-06,investment_evidence,spa signed,ZTE Corporation (ZTE Cooperatief),Mainland China,OEP Turkey (seller),telecom equipment,İstanbul,Netaş (48.04%),acquisition,101.3,USD mn,,,Dünya,"ZTE, Netaş'ın yüzde 48'ini 101.3 milyon dolara satın alıyor … Çinli telekomünikasyon ekipmanları grubu  ZTE Corporation, Netaş Telekomünikasyon'un yüzde 48.04 hissesini 358.6 milyon liraya (101.3 milyon dolar) satın alacak. … Netaş tarafından KAP'a yapılan açıklamada, şirketin pay sahiplerinden OEP Turkey ile ZTE Cooperatief arasında şirketin toplam sermayesinin yüzde 48.04'ünü temsil eden halka açık olmayan payların tamamının devrine ilişkin bir hisse alım sözleşmesi yapıldığı belirtildi. … Açıklamada pay alım bedelinin diğer şartların yanı sıra Türk Rekabet Kurumu'nun iznine tabi olarak pay devrinin tamamlanacağı tarihte ödeneceği, pay devrinin tamamlanmasının ardından dört yıl süresince sözleşmede belirtilen bazı şartların gerçekleşmesine bağlı olarak ZTE'nin OEP'ye (maksimum 15 milyon doları tutarında) ilave ödemeler yapabileceği konusunda anlaşıldığı belirtildi.",share purchase agreement (358.6m TL),"ZTE, Netaş'ın yüzde 48'ini alıyor",https://www.dunya.com/sirketler/zte-netasin-yuzde-48ini-aliyor-haberi-340621,dunya_340621
5d011e3c2868,ICBC-TEKSTILBANK,2016-12-08,company_news,company news,ICBC Turkey,Mainland China,,Banking,İstanbul,,Acquisition (75.5%),,,,,Aydınlık,"ICBC Turkey Bank, anlaşma kapsamında 450 milyon TL büyüklüğünde kullanım gerçekleştirdi. … Yerel bir bankanın çoğunluk hisselerini devralarak Türkiye’de faaliyete geçen ilk Çin bankası olan ve 22 Mayıs 2015'ten bu yana Türkiye’de hizmet veren ICBC Turkey Bank, Türkiye ve Çin arasındaki ticaret hacminin gelişmesine yönelik merkez bankaları arasında yapılan anlaşmayı hayata geçiren ilk kurum oldu.",ICBC Turkey first user of the TL–yuan swap; operating since May 2015 (Dec 2016),ABD bu habere çıldıracak!,https://www.aydinlik.com.tr/haber/abd-bu-habere-cildiracak-29245,aydinlik_29245
25bffc729709,BANK-OF-CHINA-TURKEY,2016-12-26,context_mention,expected start,Bank of China,Mainland China,,banking,,,new bank,,,,,Dünya,"Bankacılık Düzenleme ve Denetleme Kurumu (BDDK) Başkanı Mehmet Ali Akben, Bank of China'nın Türkiye'de faaliyete başlamasının ardından Uzak Doğu'dan başka bankaların da Türkiye'ye gelebileceğini, daha önce Türkiye'de temsilcilik açan Bank of Bahrain and Kuwait'in ise (BBK) bankacılık lisansıyla ilgilendiğini açıkladı.","BDDK: after Bank of China starts, more Far East banks may come",'3 yabancı banka Türkiye için kapıda',https://www.dunya.com/ekonomi/3-yabanci-banka-turkiye-icin-kapida-haberi-343188,dunya_343188
f73a77eb3bd0,HUAWEI-ISTANBUL-RND,2016-12-29,investment_evidence,expansion,Huawei,Mainland China,,telecom R&D,İstanbul,,R&D centre,120,USD mn (cumulative since 2010),400 -> 450 engineers,,Dünya,"'Huawei, Türkiye odaklı büyümeye devam edecek'. Türkiye'de Çin dışında en büyük ikinci yazılım merkezi bulunan Huawei, yatırımlarını gelecek yıl da sürdürerek, ekstra istihdam yaratacak. … Huawei Türkiye Araştırma ve Geliştirme Merkezi (Ar-Ge) Direktörü Wu Lianqing, Türkiye'deki Ar-Ge merkezlerine şu ana kadar 120 milyon dolardan fazla yatırım yaptıklarını belirterek, ""Hali hazırda 400'den fazla nitelikli Türk mühendisi istihdam ediyoruz, 2017 sonuna kadar bu sayıyı 450'nin üzerine çıkarmak istiyoruz. … ""2010'dan beri Türkiye'deki Ar-Ge merkezimize 120 milyon dolardan fazla yatırım yaparak sürekli büyüme gösterdik.",second-largest software centre outside China,"'Huawei, Türkiye odaklı büyümeye devam edecek'",https://www.dunya.com/sirketler/huawei-turkiye-odakli-buyumeye-devam-edecek-haberi-343705,dunya_343705
75f3b8eb7bbe,THIRD-NPP-SNPTC,2017-01-02,investment_evidence,consortium formed,"SNPTC (with Westinghouse, Toshiba)",Mainland China,,Nuclear energy,Kırklareli,,Intergovernmental nuclear project,,,,,Aydınlık,"Geçen haftanın son gününde ortak bir takım oluşturan bir Japon, bir Çin ve bir ABD’li dev, Türkiye’deki nükleer santrali projesinde ortak çalışmak için düğmeye bastı 2012 yılında Japon teknoloji devi Toshiba, Türkiye’de yapılacak nükleer santral projesinde olmak istediğini açıkladı. 2014’te nükleere Asya’dan bir başka dev; Çin’den bir talip daha katıldı. … Geçen haftanın son gününde ortak bir takım oluşturan bir Japon, bir Çin ve bir ABD’li dev, Türkiye’deki nükleer santrali projesinde ortak çalışmak için düğmeye bastı.","Japanese, Chinese and US firms team up to work on Turkey's third nuclear plant (Dec 2016)",Üç dev Türkiye'ye yatırım için anlaştı,https://www.aydinlik.com.tr/haber/uc-dev-turkiyeye-yatirim-icin-anlasti-32569,aydinlik_32569
93c1ae8e640f,BANK-OF-CHINA-TURKEY,2017-01-09,context_mention,status,Bank of China,Mainland China,,banking,,,new bank,,,,,Dünya,"Zaten Türkiye'ye ilginin devam ettiğinin görüldüğüne dikkati çeken Akben, bunun Bank of China ile Türkiye pazarına girmek isteyen diğer bankalardan da görüldüğünü söyledi.",,'Sermaye kontrolü söz konusu değil',https://www.dunya.com/finans/haberler/sermaye-kontrolu-soz-konusu-degil-haberi-345032,dunya_345032
cf9cf99c466f,JS-MACHINE-ISTANBUL,2017-01-17,other_news_source,operating,J.S. Machine,,,,,,,,,,,The Packaging Portal,"J.S. Machine showed a corrugator at a customer plant in Gaziantep, sold through its Istanbul facility, which the article says was set up in 2003 and serves Turkey and neighbouring markets.",,JETS300 corrugator Open House,https://thepackagingportal.com/?p=8158,
8911d3bce653,CANAKKALE-1915-BRIDGE-CN,2017-01-18,investment_evidence,tender spec purchase,3 unnamed Chinese firms,Mainland China,,transport infrastructure,Çanakkale,1915 Çanakkale Bridge,BOT tender,,,,,Dünya,"Çanakkale Köprüsü için 24 firma şartname aldı. 1915 Çanakkale Köprüsü için 4'ü Japon, 3'ü Çinli, 2'si Koreli, 1'i İtalyan olmak üzere 24 firma ihale dosyası satın aldı. … Ulaştırma, Denizcilik ve Haberleşme Bakanı Ahmet Arslan, 1915 Çanakkale Köprüsü için 4'ü Japon, 3'ü Çinli, 2'si Koreli, 1'i İtalyan olmak üzere 24 firmanın ihale dosyası satın aldığını söyledi.",,Çanakkale Köprüsü için 24 firma şartname aldı,https://www.dunya.com/ekonomi/canakkale-koprusu-icin-24-firma-sartname-aldi-haberi-346235,dunya_346235
bf8e20edc1b4,CANAKKALE-1915-BRIDGE-CN,2017-01-25,context_mention,tender spec purchase,unnamed Chinese firms,Mainland China,,transport infrastructure,Çanakkale,1915 Çanakkale Bridge,BOT tender,,,,,Dünya,"Ulaştırma, Denizcilik ve Haberleşme Bakanı Ahmet Arslan, konuyla ilgili olarak, ""1915 Çanakkale Köprüsü ihalesi icin 24 firma şartname aldı. … Neredeyse yarı yarıya yabancı, Türk firmalar var, Çinliler, Japonlar, Koreliler, İtalyanlar, gerek ülkemizde gerek yurt dışında iş yapmış çok büyük firmalar var.",,Çanakkale Köprüsü'nde ilk kısım için ihaleye çıkılıyor,https://www.dunya.com/ekonomi/canakkale-koprusunde-ilk-kisim-icin-ihaleye-cikiliyor-haberi-347205,dunya_347205
ed87f2873eab,CANAKKALE-1915-BRIDGE-CN,2017-01-26,investment_evidence,bid submitted,China Road and Bridge Corporation (CRBC),Mainland China,Cengiz İnşaat; Kolin İnşaat,transport infrastructure,Çanakkale; Tekirdağ; Balıkesir,1915 Çanakkale Bridge + Kınalı-Savaştepe motorway,BOT consortium bid,,,,,Dünya,"Kınalı-Tekirdağ-Çanakkale-Savaştepe Otoyolu ve Çanakkale Boğaz Köprüsü projesi için Yap-İşlet-Devret (YİD) modeli kapsamında açılan ihaleye dört teklif verildi. … Buna göre, Cengiz İnşaat ve Kolin İnşaat ortaklığı, Çinli China Road and Bridge Corporation ile birlikte teklif verdi.",lost to Daelim-Limak-SK-Yapı Merkezi (later),1915 Köprüsü için 4 teklif,https://www.dunya.com/ekonomi/1915-koprusu-icin-4-teklif-haberi-347335,dunya_347335
029b7227b2e2,THIRD-NPP-SNPTC,2017-01-26,context_mention,mou 2014 reference,SNPTC,Mainland China,Westinghouse; EÜAŞ,energy (nuclear),Kırklareli,,nuclear plant (3rd),,,,,Dünya,"Türkiye'nin üçüncü nükleer santral projesinin geliştirilmesi için de Kırklareli başta olmak üzere farklı bölgelerde de yer tespit çalışmaları sürüyor. … Elektrik Üretim AŞ (EÜAŞ) ile Westinghouse EC ve SNPTC şirketleri arasında 2014'te bir mutabakat zaptı imzalanmış, Enerji ve Tabii Kaynaklar Bakanı Berat Albayrak da üçüncü nükleer santralinin yeri ile ilgili çalışmaların en kısa sürede tamamlanacağını dile getirmişti.",,Elektrik dağıtımına yabancı ilgisi,https://www.dunya.com/sektorler/enerji/elektrik-dagitimina-yabanci-ilgisi-haberi-347352,dunya_347352
2059e2af5a8c,WANDA-MARYAPI-ISTANBUL,2017-02-24,other_news_source,management agreement,Wanda Hotels & Resorts,,,,,,,,,,,Hotel Online,"Wanda Hotels & Resorts signed with Mar Yapı, the owner, to manage the 150-room Wanda Vista Istanbul, expected to open by the end of 2018.",,Wanda Hotels & Resorts Signs with Mar Yapi to Build Wanda Vista Istanbul Expected to Open Late 2018,https://www.hotel-online.com/news/wanda-hotels-resorts-signs-with-mar-yapi-to-build-wanda-vista-istanbul,
45a102f04075,WANDA-MARYAPI-ISTANBUL,2017-02-27,investment_evidence,agreement signed,Dalian Wanda Group,Mainland China,Mar Yapı,hotels / real estate,İstanbul,,strategic cooperation; Wanda Vista hotel (brand/management; equity unclear),,,,,Dünya,"Lüks otel zincirini de bünyesinde barındıran Çin'in en büyük şirketlerinden Wanda Group ile Mar Yapı arasındaki stratejik iş birliğinin ilk adımı olan Wanda Vista İstanbul için imzalar atıldı … Çin'in en büyük ticari kuruluşlarından Wanda Group ile Mar Yapı arasında stratejik iş birliği anlaşması imzalandı. … Wanda Group'un teknolojiden turizme, finanstan gayrimenkule kadar geniş faaliyet alanlarındaki yatırımlarında Türkiye'de Mar Yapı'yı stratejik ortak olarak konumladığı iş birliği kapsamında Wanda'nın ilk yurt dışı oteli İstanbul'da açılacak. … Görüşmede Wanda ile Mar Yapı arasında turizm sektörü dışındaki faaliyet alanlarında da ortak çalışmalar yapılması konusunda mutabık kalınırken, e-ticaret ve grubun sahip olduğu diğer markalarla ilgili adımlar atılması kararlaştırıldı.",Wanda's first overseas hotel to open in Istanbul,"Çinli Wanda, Mar Yapı ile Türkiye'ye geldi",https://www.dunya.com/sirketler/cinli-wanda-mar-yapi-ile-turkiyeye-geldi-haberi-351592,dunya_351592
e11d1f6edd3c,KUKA-TURKEY,2017-03-13,company_news,status,KUKA (Midea-controlled since 2017),Chinese-owned foreign brand,,industrial robots,,,country office,,,,,Dünya,"Emre Uğur, Mitsubishi Otomasyon Sistemleri Grubu e-F@ctory Küresel Koordinatörü Hajime Sugiyama, KUKA Ülke Müdürü Kağan Abidin, Arçelik Üretim Teknolojileri Direktörü Mustafa Esenlik ve FESTO Yönetim Kurulu Başkanı Osman Türüdü konuşmacı olarak yer alacak.",HIDDEN; country manager mention,"WIN EURASIA Automation, 16 Mart'ta kapılarını açıyor",https://www.dunya.com/ekonomi/win-eurasia-automation-16-martta-kapilarini-aciyor-haberi-353523,dunya_353523
7226d630b09a,CN-PASTA-ACQUISITION-2017,2017-03-14,investment_evidence,acquisition talks,unnamed Chinese firms,Mainland China,unnamed Turkish pasta makers,food (pasta),,,,,,,,Dünya,"İSTANBUL - Tanıtım gruplarının davetiyle Türkiye’ye gelen Çinli firmalar Türkiye’den makarna firması satın almak için arayışlara başladı. … Japon Nisshin ile Nissin’in ardından Çinli şirketler de satın alma ve ya birleşme yaparak Türkiye’de makarna üretmek istiyor. … Satın alma düşüncesinde kararlı olan firmalar, Türkiye’deki kalış süresini uzatarak birkaç Türk makarna firması ile görüşme gerçekleştirdi. … Türk yetkililer, Çinli şirketlerin ve satın almak istedikleri Türk şirketlerinin adlarını henüz açıklamasalar da, yakında imzaların atılacağı bir sürecin yaşanacağını vurguluyorlar.",names undisclosed; signatures expected soon,Türk makarnasına Çin markajı,https://www.dunya.com/ekonomi/turk-makarnasina-cin-markaji-haberi-353586,dunya_353586
c2911efeb6c9,CN-PASTA-ACQUISITION-2017,2017-03-14,investment_evidence,acquisition talks,unnamed Chinese firms,Mainland China,,Food,,,Acquisition,,,,,Aydınlık,"Japon Nisshin’in Nuh’un Ankara Makarnası, Nissin Food’un ise Ülker’in Piyalesi’ne ortak olmasının ardından şimdi de Çinli şirketlerin hedefinde Türk şirketleri var Tanıtım gruplarının davetiyle Türkiye’ye gelen Çinli firmalar Türkiye’den makarna firması satın almak için arayışlara başladı. … Japon Nisshin ile Nissin’in ardından Çinli şirketler de satın alma ve ya birleşme yaparak Türkiye’de makarna üretmek istiyor. … Satın alma düşüncesinde kararlı olan firmalar, Türkiye’deki kalış süresini uzatarak birkaç Türk makarna firması ile görüşme gerçekleştirdi. … Türk yetkililer, Çinli şirketlerin ve satın almak istedikleri Türk şirketlerinin adlarını henüz açıklamasalar da, yakında imzaların atılacağı bir sürecin yaşanacağını vurguluyorlar.",Chinese firms in talks to buy Turkish pasta producers (Mar 2017),Türk makarna sektörüne Çin ilgisi,https://www.aydinlik.com.tr/haber/turk-makarna-sektorune-cin-ilgisi-41920,aydinlik_41920
bd82be3f8cd1,KARAPINAR-YEKA-SOLAR-CN,2017-03-20,investment_evidence,bid lost,CMEC; Hareon Solar; Solargiga,Mainland China,"Limak (with CMEC, Hareon); Çalık Enerji (with Solargiga)",energy (solar + panel factory),Konya,Karapınar YEKA-1 (1000 MW),YEKA consortium bid,,,1000 MW,,Dünya,"Karapınar Enerji İhtisas Endüstri Bölgesinde bulunan ve bin megavat kapasite tahsisli Karapınar YEKA-1 GES ihalesine, Limak- CMEC- Hareon Solar Ortak Girişim Grubu, Kalyoncu- Hanwha Grubu, Çalık Enerji - Solargiga Ortak Girişim Grubu ve AKC Güneş Ortak Girişim Grubu katıldı. … YEKA-1 GES ihalesini Kalyon-Hanwha grubu aldı … İhalede 5.turda fiyat 7,81 USD cent/kWh seviyesinde iken ilk çekilen grup Limak-CMEC-Hareon Solar Ortak Girişim Grubu oldu. … İkinci çekilen grup son 7,73 USD cent/kWh teklifle Çalik Enerji – Solargiga Ortak Girişim Grubu oldu.",two consortia with Chinese members; Kalyon-Hanwha won,Karapınar YEKA ihalesi sonuçlandı,https://www.dunya.com/sektorler/enerji/karapinar-yeka-ihalesi-sonuclandi-haberi-354530,dunya_354530
1adc068a2a68,ASIA-INVESTORS-ROUNDUP-2016,2017-04-02,general_signal,roundup,Chinese investors among 15 Asian acquirers,Mainland China,,multi-sector,,,,2006,USD mn (all Asian FDI 2016),,,Dünya,"EY verilerine göre Çin'den Hindistan'a, Japonya'dan Malezya'ya kadar birçok Asyalı yatırımcı, 2016 yılında 15 Türk şirketine ortak oldu ya da satın aldı. … 2016 yılında Türkiye'ye yapılan uluslararası doğrudan yatırım tutarı 6 milyar 714 milyon dolar olurken, bunun 2 milyar 6 milyon doları Asya Bölgesi'nden geldi. … EY verilerine göre, 2016 yılında 15 Asyalı şirket, Türk şirketlerinin ya tamamını satın aldı ya da değişik oranlarda ortak oldu.",EY roundup; no specific Chinese deals named in excerpt,Asya'dan 2 milyar dolarlık yatırım,https://www.dunya.com/ekonomi/asyadan-2-milyar-dolarlik-yatirim-haberi-356379,dunya_356379
f328871a0038,GLOBELINK-UNIMAR,2017-04-10,other_news_source,parent acquired,HNA Holding,,,,,,,,,,,Caixin Global,"HNA Holding, HNA Group's Hong Kong-listed unit, agreed to buy the Singapore logistics group CWT for about 1.4bn Singapore dollars.",Parent-level deal; the Turkish joint venture dates from 2011.,Acquisitive HNA Buys Logistics Specialist CWT for $1 Billion,https://www.caixinglobal.com/2017-04-10/acquisitive-hna-buys-logistics-specialist-cwt-for-1-billion-101076540.html,
aea82e477c47,POWERCHINA-EURASIA-HQ-ISTANBUL,2017-04-18,investment_evidence,decision announced,PowerChina,Mainland China,,construction / energy (contractor),İstanbul,,regional HQ (63 countries),,,,,Dünya,"Çin hükümetine ait önemli bir altyapı ve enerji şirketi olan PowerChina, 63 ülkeden sorumlu Avrasya merkez ofisini İstanbul'da kurmaya karar verdi. … Planlama, araştırma, tasarım danışmanlığı, inşaat, hidroelektrik, montaj ve imalat hizmetleri, termal enerji, yeni enerji ve altyapı gibi alanlarda faaliyet gösteren Çinli POWERCHINA, Avrasya merkez ofisini İstanbul'da kurmaya karar verdi.",Eurasia regional headquarters in Istanbul,"PowerChina, Avrasya ofisini İstanbul'da kuruyor",https://www.dunya.com/sirketler/powerchina-avrasya-ofisini-istanbulda-kuruyor-haberi-358794,dunya_358794
a190e36b32a5,CN-GENERAL-INTEREST,2017-04-24,general_signal,status,PRC officials,Mainland China,,general,,,,,,,,Dünya,'Çin’e işlenmiş madde ihracatı artmalı'. TİM Genel Sekreteri Dr.,export-focused event; Chinese deals mention,'Çin’e işlenmiş madde ihracatı artmalı',https://www.dunya.com/is-dunyasi/cine-islenmis-madde-ihracati-artmali-haberi-359509,dunya_359509
db3f32f5222c,HUAWEI-ISTANBUL-RND,2017-04-29,company_news,status,Huawei Academy,Mainland China,,telecom training,İstanbul,,,,,,,Dünya,"Huawei Akademi, telekom operatörlerindeki olası teknik problemleri önceden analiz ederek, proaktif çözümler üretmek konusunda Türk mühendislerini uçtan uca eğitiyor. … Huawei Akademi, Türkiye'de telekom operatörleriyle işbirliği kapsamında mühendislere uçtan uça eğitim veriyor.",training activities,Huawei Akademi Türk mühendisleri eğitiyor,https://www.dunya.com/sektorler/teknoloji/huawei-akademi-turk-muhendisleri-egitiyor-haberi-360427,dunya_360427
51bfd52cc69f,THIRD-NPP-SNPTC,2017-05-13,investment_evidence,leaders agree to accelerate,PRC,Mainland China,,energy (nuclear),,,nuclear plant (3rd),,,,,Dünya,"Cumhurbaşkanı Erdoğan - Çin Devlet Başkanı Şi görüşmesinde, Türkiye'de üçüncü nükleer santral inşası için sürecin hızlandırılması konusunda mutabık kalındı.",Erdoğan-Xi agree to speed up process,"Erdoğan ve Şi, üçüncü nükleer santrali görüştü",https://www.dunya.com/gundem/erdogan-ve-si-ucuncu-nukleer-santrali-gorustu-haberi-362547,dunya_362547
eceb557c465e,BTL-HOSPITALITY-TURKEY,2017-05-18,general_signal,search for hotels,BTL Hospitality (Shanghai),Mainland China,,hotels (management/franchise),,,,,,,,Dünya,"Bünyesinde WEI Retreat, Hôtels & Préférence ve Dormitory otel markalarını barındıran Şanghay merkezli Çinli BTL Hospitality, Türkiye’de isim hakkını verip işleteceği oteller arıyor. … Yıllardır konaklama sektöründe Türkiye ve dünyanın başka yerlerinde çeşitli otel zincirlerinde yöneticilik yapan Semih Erken, halen yöneticisi olduğu Çinli BTL Hospitality markalarıyla Türkiye’de işletecek otel aradıklarını söylüyor.","seeking hotels to brand/operate (management, not capital)","Çinli BTL, işletecek otel arıyor",https://www.dunya.com/sirketler/cinli-btl-isletecek-otel-ariyor-haberi-363345,dunya_363345
5d4eb704eedc,CSR-MNG-ANKARA-RAIL-PLANT,2017-05-23,other_news_source,production resumed,CRRC-MNG,,,,,,,,,,,Hürriyet,"The CRRC-MNG factory in the Sincan organised industrial zone (108,000 m²) was set up in 2014 and produced its first vehicle that December; after a three-year halt, work restarted in April 2017. It has 70 workers, to rise to 200.",,Ankara Metrosu için üretim yeniden başladı,https://www.hurriyet.com.tr/yerel-haberler/ankara/ankara-metrosu-icin-uretim-yeniden-basladi-40467196,
8d3078122220,POWERCHINA-EURASIA-HQ-ISTANBUL,2017-05-24,other_news_source,headquarters opened,PowerChina,,,,,,,,,,,China Daily,"PowerChina marked the opening of its Eurasia headquarters in Istanbul on 23 May 2017; it covers 63 countries in South and Central Asia, Transcaucasia, Europe and other regions.",,PowerChina sets up HQ in Istanbul to tap Eurasian market,https://www.chinadaily.com.cn/a/201705/24/WS59bbeea0a310ded8ac18df77.html,
359015a18ffe,SINOPEC-GEOTHERMAL-DRILLING,2017-05-26,other_news_source,contract signed,Sinopec Oilfield Service,,,,,,,84.6,USD mn (contract),,,Hürriyet Daily News,"Sinopec Oilfield Service said its Turkish unit signed an 84.6m USD, 30-month contract with GCL ND to drill 26 geothermal wells; Sinopec Shengli Oil Engineering will provide the service. The location of the wells is not given.",,Sinopec unit inks deal for geothermals,https://hurriyetdailynews.com/sinopec-unit-inks-deal-for-geothermals-113605,
5157dbc3ce2f,STARTIMES-TURKEY,2017-05-30,investment_evidence,partner search,StarTimes Media Group,Mainland China,,media / pay-TV,,,,,,,,Dünya,"Çinli medya devi Türkiye’ye yatırıma geliyor. 38 televizyon kanalı bulunan Çin merkezli StarTımes Medya Grubu Türkiye'den ortak arıyor. … Afrika’da 300’ün üzerinde radyo ve televizyon kanalına içerik sağlayarak veya altyapı işletmesi olarak hizmet sunan Çin merkezli StarTımes Medya Grubu Türkiye’ye yatırıma hazırlanıyor. … Şirketin Uluslararası Pazarlama Müdürü Wang Jin yaptığı açıklamada, Türkiye’ye yatırım için Türk yetkililerle görüşmeler yaptıklarını söyledi.",seeking Turkish partner to invest,Çinli medya devi Türkiye’ye yatırıma geliyor,https://www.dunya.com/sirketler/cinli-medya-devi-turkiyeye-yatirima-geliyor-haberi-365098,dunya_365098
2fe035245295,HT-SOLAR-TURKEY,2017-06-02,other_news_source,operating,HT-SAAE,,,,,,,,,,,pv magazine,"HT-SAAE's factory in Turkey, opened in early 2017 with annual capacity of 300 MW of cells and 600 MW of modules and about 500 jobs expected, had won more than 300 MW of orders from Turkey, Europe and the United States.",,HT-SAAE's PV factory in Turkey bags 300 MW of orders,http://www.pv-magazine.com/2017/06/02/ht-saaes-pv-factory-in-turkey-bags-300-mw-of-orders/,
d747c6423754,ZTE-NETAS,2017-06-05,investment_evidence,deposit paid,ZTE,Mainland China,JP Morgan/OEP (seller),telecom equipment,İstanbul,Netaş (48%),acquisition,101,USD mn,800 R&D staff (Netaş),,Dünya,"Netaş’ın yüzde 48’ini JP Morgan’dan satın alan Çinli ZTE 6 Mayıs’ta yüzde 10’luk kaporayı ödedi; yeni dönem başladı. … Türkiye’nin en büyük sistem entegratör şirketi Netaş’ta yeni dönem, Çinli ortak ZTE’nin yüzde 10 kaporayı ödemesi ile başladı. … CEO Müjdat Altay, Çinli yöneticilerin çok yakında Türkiye’ye geleceğini vurgulayarak, “Yeni ortağımız 8 Mayıs’ta yüzde 10 kaporayı ödedi ve uzun süren görüşme sürecinin ardından ortaklık tamamlanmış oldu. … Yüzde 48 hisse karşılığında 101 milyon dolarlık bir değer söz konusu” dedi.",10% deposit paid,Netaş 5G ile uçacak,https://www.dunya.com/sirketler/netas-5g-ile-ucacak-haberi-365998,dunya_365998
6fa8b2278aff,HANERGY-CANKIRI-SOLAR,2017-06-11,investment_evidence,agreement,Hanergy Group,Mainland China,Çankırı Governorship,solar manufacturing + energy park,Çankırı,Yakınkent OSB (480 ha),panel factory + 300 MW energy park,,,500,300 MW,Dünya,"Çinli Hanergy Grup tarafından Çankırı'da kurulacak güneş enerji paneli fabrikasında yaklaşık 500 kişinin istihdam edileceği bildirildi. … Yakınkent Organize Sanayi Bölgesi'nde, Hanergy Grup tarafından 480 hektar alanda kurulması planlanan fabrikada, 36 hektar üzerine proje kapsamındaki yapıların yapılacağı, 12 hektarın ise AR-GE çalışmaları için ayrılacağı ifade edildi. … Fabrikada, yaklaşık 500 kişinin istihdam edileceği vurgulanan açıklamada, yatırım kapsamında ayrıca istenmesi halinde Hanergy Grup tarafından AR-GE Enstitüsü kurulup yerli teknik eleman da yetiştirileceği aktarıldı. … Yapılan anlaşma gereği Hanergy Grup tarafından, Türkiye'nin 2023 hedefleri arasında yer alan yenilenebilir enerjinin yüzde 30 arttırılması hedefine katkı amacıyla Güneş Enerjisi Endüstri Park Projesi ile 300 megavattlık bir enerji parkı kurulacağı, yatırımı yapacak olan firmanın, gerekli araştırma ve hazırlığın yapılması için 6 ay süre istediği bildirildi.",,"Çinliler, Çankırı'da güneş enerjisi paneli üretecek",https://www.dunya.com/ekonomi/cinliler-cankirida-gunes-enerjisi-paneli-uretecek-haberi-367239,dunya_367239
055a90e64622,HANERGY-CANKIRI-SOLAR,2017-06-11,other_news_source,good-faith certificate,Hanergy,,,,,,,,,,,Yeni Akit,Hanergy and the Yakınkent organised industrial zone in Çankırı signed a good-faith certificate for a solar panel factory with about 500 jobs and a 300 MW solar park on a 480 ha site; the company asked for six months of preparation.,,Çinliler Çankırı'da 500 kişiyi istihdam edecek,https://www.yeniakit.com.tr/haber/cinliler-cankirida-500-kisiyi-istihdam-edecek-343923.html,
bcc87f59fa90,YEKA-RES-2017-CN,2017-07-25,investment_evidence,expected bid,Goldwind,Mainland China,Akfen; Beyçelik Gestamp,energy (wind + turbine factory),,,YEKA wind tender consortium,,,,,Dünya,"Yetkililerin verdiği bilgiye göre, ihaleye Alman Enercon'un Limak ve Adnan Polat ile, Alman Siemens'in Kalyon ve Türkerler ile, Çinli Goldwin, Akfen ve Beyçelik Gestamp Yenilenebilir Enerji ile, ABD'li General Electric'in Fina ile, Danimarkalı Vestas'ın Enerjisa ile, Alman Nordex'in Eksim ile ihale katılması bekleniyor.",,YEKA ihalesi için teklifler perşembe alınacak,https://www.dunya.com/sektorler/enerji/yeka-ihalesi-icin-teklifler-persembe-alinacak-haberi-374551,dunya_374551
45badc072cbc,YEKA-RES-2017-CN,2017-07-27,context_mention,participants,MingYang; Goldwind,Mainland China,,energy (wind),,,YEKA wind tender,,,,,Dünya,"Sürece dahil olan oyuncular arasında Avrupa'dan Enercon, Nordex, Vestas ve Siemens Gamesa'nın yanı sıra ABD'li General Electric (GE) ile MingYang ile Goldwind yer alıyor.",,Gigavat gücünde Türkiye rüzgarı!,https://www.dunya.com/sektorler/enerji/gigavat-gucunde-turkiye-ruzgari-haberi-374754,dunya_374754
5fae1dfb2542,YEKA-RES-2017-CN,2017-07-27,investment_evidence,bid submitted,Goldwind; MingYang,Mainland China,Akfen-Beyçelik (Goldwind); Zorlu Enerji (MingYang),energy (wind + turbine factory),,,YEKA wind tender consortium,,,1000 MW,,Dünya,"Enerji ve Tabii Kaynaklar Bakanlığının rüzgar enerjisinde bin megavatlık kapasite kurulmasını sağlayacak Rüzgar Enerjisi Yenilenebilir Enerji Kaynak Alanı (YEKA) ihalesine, 4 Alman şirketin yanı sıra Amerika, Çin, Danimarka merkezli ve rüzgar türbini üretiminde dünyada ilk 10'da yer alan şirketlerin bulunduğu 8 konsorsiyum teklif verdi. … - Vestas (Danimarka) - Enerjisa- General Electric (GE- Amerika) - Fina Enerji- Goldwind (Çin) - Akfen Holding - Beyçelik Gestamp Yenilenebilir Enerji - Siemens (Almanya) - Türkerler- Kalyon- Enercon (Almanya) - Polat Enerji - Limak Enerji- Nordex (Almanya) - İklim Elektrik Yatırım - MKS Marmara - Zorlu Enerji- MingYang (Çin) - İlk İnşaat- Senvion Rüzgar Enerjisi Çözümleri (Almanya) - IC İçtaş Enerji",,YEKA ihalesine 8 konsorsiyum teklif verdi,https://www.dunya.com/sirketler/yeka-ihalesine-8-konsorsiyum-teklif-verdi-haberi-374889,dunya_374889
da970d72e7ef,YEKA-RES-2017-CN,2017-07-28,context_mention,bid list,Goldwind; MingYang,Mainland China,Akfen-Beyçelik; İlk İnşaat,energy (wind),,,YEKA wind tender,,,,,Dünya,"- Vestas (Danimarka) - Enerjisa- General Electric (Amerika) - Fina Enerji- Siemens (Almanya) - Türkerler - Kalyon- Enercon (Almanya) - Polat Enerji - Limak Enerji- Senvion (Almanya) - IC İçtaş Enerji- Nordex (Almanya) - İklim Elektrik Yatırım - MKS Marmara - Zorlu Enerji- Goldwind (Çin) - Akfen Holding - Beyçelik Gestamp Yenilenebilir Enerji - MingYang (Çin) - İlk İnşaat""Sondaj gemisi envantere alınacak""",,Devler 'rüzgar' için haftaya yarışacak,https://www.dunya.com/sektorler/enerji/devler-ruzgar-icin-haftaya-yarisacak-haberi-375110,dunya_375110
538743cce7ca,ZTE-NETAS,2017-07-28,investment_evidence,completed,ZTE Cooperatief,Mainland China,OEP Türkiye (seller),telecom equipment,İstanbul,Netaş (48.04%),acquisition,101.3,USD mn,,,Dünya,"OEP Türkiye, Netaş'taki yüzde 48 payının tamamını 101.3 milyon dolara ZTE Cooperatif'e sattı. … Netaş Telekomünikasyon'un ortaklarından OEP Türkiye'nin, şirketteki yüzde 48.04 payı temsil eden toplam 31.16 milyon TL nominal payının 101.3 milyon dolara ZTE Cooperatif'e satışı bugün gerçekleşti. … Netaş'tan KAP'a yapılan açıklamada, satışla birlikte OEP Türkiye'nin Netaş'ta payı kalmadığı belirtildi.",,Netaş'taki hisselerini 101 milyon dolara sattı,https://www.dunya.com/sirketler/netastaki-hisselerini-101-milyon-dolara-satti-haberi-375125,dunya_375125
31e04dca6c46,YEKA-RES-2017-CN,2017-07-30,context_mention,bid submitted,two Chinese turbine makers,Mainland China,,energy (wind),,,YEKA wind tender,1000,USD mn (project),,1000 MW,Dünya,"Teklif veren konsorsiyumların içinde dört Alman, iki Çin, bir Amerikalı ve bir Danimarkalı şirket yer almıştı. … Kilovatsaat başı tavan fiyatın 7 dolar/centten başlayacağı ihaleyi kazanan konsorsiyum, yüzde 65 yerlilik oranını tutturmak kaydıyla 100 milyon doların üzerinde yatırım maliyeti olan bir rüzgar türbin fabrikası kuracak. … Rüzgar YEKA ihalesinin kazananı, 1 milyar doların üzerinde rüzgar tesisi yatırımı yapacak.",winner must build >100m USD turbine factory,Rüzgar YEKA ihalesi 3 Ağustos'ta,https://www.dunya.com/sektorler/enerji/ruzgar-yeka-ihalesi-3-agustosta-haberi-375270,dunya_375270
68dfff53a568,ZTE-NETAS,2017-08-02,investment_evidence,expansion plan,ZTE,Mainland China,Netaş,telecom equipment,İstanbul,,regional repair & maintenance centre (new investment),,,,,Dünya,"Netaş'ı alan Çinli ZTE Türkiye'yi bölgesel bir üs olarak konumlandırmak istiyor. … ZTE, Netaş'ın yüzde 48'ini One Equity Partners'dan (OEP) 101.3 milyon dolara satın almak için aralık ayında anlaşırken, satın almayı da birkaç gün önce tamamladı. … Netaş CEO'su Müjdat Altay, hisse devrinin tamamlanmasının ardından düzenlenen basın toplantısında, ""ZTE bu yatırımı bir bölgesel güç olmak, Türkiye'yi merkez yapmak için yaptı"" dedi. … Altay, bu stratejinin ilk adımı olarak ZTE'nin Avrupa, Ortadoğu ve Afrika'daki ürünlerinin tamir ve bakım merkezinin kurulacağını söyledi. … ""Bu Türkiye için istihdam yaratacak yenibir yatırım"" diyen Altay yıl sonuna kadar bakım-tamir merkezini devreye almak istediklerini belirtti.",ZTE to make Turkey regional base; EMEA repair centre by year-end,Çinli ZTE Türkiye'yi bölgesel bir üs yapacak,https://www.dunya.com/sirketler/cinli-zte-turkiyeyi-bolgesel-bir-us-yapacak-haberi-375831,dunya_375831
c93c88ec34b0,YEKA-RES-2017-CN,2017-08-03,context_mention,bid submitted,MingYang; Goldwind,Mainland China,Akfen; Beyçelik,energy (wind),,,YEKA wind tender,,,,,Dünya,"YEKA Rüzgâr lisans ihalesine teklif veren konsorsiyumlarda yer alan türbin üreticilerinden beşi Avrupalı, ikisi Çinli, biri de ABD’li. … İki Çinli üretici ise MingYang ile GoldWin. … Çinli küresel türbin devi Goldwind, YEKA rüzgar ihalesine Türkiye’nin önde gelen altyapı taahhüt ve enerji oyuncularından Akfen Holding ve Türkiye’de türbin kulesi üreten Türk-İspanyol ortaklığı Beyçelik ile birlikte katılıyor.",,Rüzgâr enerjisi için tarihi gün,https://www.dunya.com/sektorler/enerji/ruzgar-enerjisi-icin-tarihi-gun-haberi-375900,dunya_375900
a23f1dff2bed,YEKA-RES-2017-CN,2017-08-03,context_mention,bid lost,Goldwind; MingYang,Mainland China,Akfen-Beyçelik; İlk İnşaat,energy (wind),,,YEKA wind tender,,,,,Dünya,"İhalede süreç 4,19 cent/kilovat saat ile başlarken, Enercon-Polat Enerji-Limak Enerji, Goldwind-Akfen Holding-Beyçelik ve Vestas-Enerjisa konsorsiyumları açık eksiltmeye katılamadı. … Yarışmanın devamında önce Senvion Rüzgar Enerjisi Çözümleri-IC İçtaş Enerji ve General Electric-Fina Enerji, daha sonra Nordex-İklim Elektrik Yatırım ve son olarak da MingYang-İlk İnşaat konsorsiyumları ihaleden çekildi.",Goldwind consortium excluded from auction; MingYang-İlk İnşaat withdrew; (Siemens-Türkerler-Kalyon won),Rüzgar YEKA ihalesi sonuçlandı,https://www.dunya.com/sektorler/enerji/ruzgar-yeka-ihalesi-sonuclandi-haberi-375971,dunya_375971
8a170f6a536f,YEKA-RES-2017-CN,2017-08-03,investment_evidence,bid lost,MingYang (with İlk İnşaat),Mainland China,İlk İnşaat,Wind energy,,,Tender consortium,,,1000 MW,,Aydınlık,"Bugün yapılan ihalede ilk turlarda çekilen diğer firmalardan sonra geriye kalan, Alman Siemens/Türk Kalyon-Türkerler ve Çinli MingYang/Türk İlk İnşaat firmaları arasında son derece çekişmeli geçen süreci kazanan 3,48 dolar kilovat saatlik teklifi ile Siemens/Kalyon-Türkerler oldu.","MingYang–İlk İnşaat lost the 1,000 MW YEKA wind tender to Siemens–Kalyon–Türkerler (Aug 2017)",Almanlar ve Çinliler Türkiye için kapıştı,https://www.aydinlik.com.tr/haber/almanlar-ve-cinliler-turkiye-icin-kapisti-59101,aydinlik_59101
597a6ca57df7,ZTE-NETAS,2017-08-07,context_mention,completed,ZTE,Mainland China,,telecom equipment,İstanbul,Netaş (48%),acquisition,100,USD mn,,,Dünya,"Dünyanın önde gelen telekomünikasyon ve kurumsal teknoloji çözümleri üreten Çin merkezli ZTE firması, Türkiye'nin bilişim sektörünün önde gelen şirketi Netaş'ın yüzde 48 hissesini 100 milyon doların üzerinde bir bedelle devraldı.",FDI roundup,Uluslararası doğrudan yatırımlar arttı,https://www.dunya.com/finans/haberler/uluslararasi-dogrudan-yatirimlar-artti-haberi-376560,dunya_376560
02bba7702d74,ZTE-NETAS,2017-08-07,investment_evidence,mto application,ZTE,Mainland China,,telecom equipment,İstanbul,Netaş,mandatory tender offer,,,,,Dünya,"Netaş'ın yüzde 48'ini One Equity Partners'dan 101.3 milyon dolara satın alan Çinli ZTE, zorunlu pay alım teklifi için SPK'ya başvuruda bulundu. … Netaş'ın yüzde 48.04'ünü satın alan Çinli telekom ekipmanları üreticisi ZTE, zorunlu pay alım teklifi için Sermaye Piyasası Kurulu'na (SPK) başvuruda bulundu. … ZTE, Netaş'ın yüzde 48.04 hissesini One Equity Partners'dan 101.3 milyon dolara satın almak için aralık ayında anlaşmış, satın alma işlemi ise geçtiğimiz günlerde tamamlanmıştı.",,Netaş için zorunlu pay alımı başvurusu,https://www.dunya.com/sirketler/netas-icin-zorunlu-pay-alimi-basvurusu-haberi-376578,dunya_376578
e347121c34b6,THIRD-NPP-SNPTC,2017-09-15,investment_evidence,talks ongoing,SNPTC,Mainland China,Westinghouse; EÜAŞ,energy (nuclear),,,4-unit AP1000 plant,,,,,Dünya,"Westinghouse, Çin'in Devlet Nükleer Enerji Teknoloji Kurumu (SNPTC) ve Türkiye'den Enerji Üretim A.Ş. (EÜAŞ) arasında 2014'te imzalanan bir anlaşma, dört üniteli bir nükleer santral kurulmasını öngörüyor. … Santralde Westinghouse'un AP1000 nükleer teknolojisi kullanılacak. … Westinghouse CEO'su José Emeterio Gutiérrez, Dünya Nükleer Derneği konferansında dün gazetecilere yaptığı açıklamada, ""Türkiye'de SNPTC ile çalışmalarımız sürüyor.",Westinghouse CEO expects news soon,3. nükleer projesi yakında duyurulacak,https://www.dunya.com/sektorler/enerji/3-nukleer-projesi-yakinda-duyurulacak-haberi-381777,dunya_381777
a3675be85eb8,FEILO-SYLVANIA-TURKEY,2017-09-25,investment_evidence,office opened,Feilo Sylvania (Shanghai Feilo acquired Sylvania in 2016),Chinese-owned foreign brand,,lighting,İstanbul,Kavacık,sales office,,,5 sales staff,,Dünya,"110 yıllık Feilo Sylvania Türkiye pazarına girdi. 110 yıllık Feilo Sylvania, Kavacık'ta ofis kurdu. 3 ay önce Türkiye pazarına giren şirket, ilk yılında yüzde 7'lik pazar payını hedefliyor. … İSTANBUL - Feilo Sylvania, Türkiye pazarında. 110 yıllık tarihi bulunan aydınlatma sektörünün uluslararası markası, Kavacık'ta ofis kurdu. 3 ay önce Türkiye pazarına giren şirket, ilk yılında yüzde 7'lik pazar payını hedefliyor. 5 kişilik satış ekibi bulunan şirket, Dubai'daki ekipten de destek alıyor. … Geçen yılın Ocak ayında Çinli şirket Feilo tarafından satın alınan Sylvania, Feilo Slyvania olarak uluslararası pazarda dengeli bir şekilde büyümek istiyor.",HIDDEN Chinese-owned brand opened Turkey office,110 yıllık Feilo Sylvania Türkiye pazarına girdi,https://www.dunya.com/sirketler/110-yillik-feilo-sylvania-turkiye-pazarina-girdi-haberi-383147,dunya_383147
932844e85a69,AGAOGLU-BODRUM-CN-HK,2017-10-06,investment_evidence,preliminary protocol,Chinese and Hong Kong investors (unnamed),CN; HK,Ağaoğlu Group,tourism / real estate,Muğla,Bodrum (12 million m2 tourism city),JV / co-investment,,,,,Dünya,"Ağaoğlu Şirketler Grubu, turizm sektörü yatırımları kapsamında ise eylül ayında Bodrum'da 12 milyon metrekarelik turizm şehri yatırımı için Çinli ve Hong Konglu yatırımcılarla ön protokol imzalamıştı.",preliminary protocol signed Sept 2017,Ağaoğlu: Enerji ve turizmde büyüyeceğiz,https://www.dunya.com/ekonomi/agaoglu-enerji-ve-turizmde-buyuyecegiz-haberi-384961,dunya_384961
8b793298f382,BENELLI-KUBA-GAZIANTEP,2017-10-16,investment_evidence,agreement signed,Benelli (owned by China's Qianjiang Motorcycle / Geely),Chinese-owned foreign brand,Kuba Motor,motorcycles,Gaziantep,Gaziantep 4th OSB (Kuba plant),production agreement (Kuba facility; equity not stated),,,,,Dünya,"Türkiye'de motosiklet sektörünün önde gelen markalarından Kuba Motor ile İtalyan kökenli ve dünya genelinde dev firmaların arasında yer alan Benelli anlaşma imzaladı. … Buna göre Benelli, İtalya ve Çin'den sonra üçüncü üretim tesisini Gaziantep'te kuracak. … Türkiye motosiklet sektörünün öncü isimlerinden Kuba Motor, 2015 yılında Türkiye distribütörlüğünü aldığı Benelli ile dev bir anlaşmaya imza attı. 106 yıllık İtalyan firması Benelli, yapılan anlaşmanın ardından İtalya ve Çin'den sonra üçüncü üretim tesisini Türkiye'de kurma kararı aldı. … Organize Sanayi Bölgesinde yer alan Kuba Motor'un 50 bin metrekare alana sahip üretim tesisi ile Türkiye genelindeki 300’den fazla bayisi ve 400’den fazla servis ağını kullanacak. … Motosiklet tutkunlarını heyecanlandıran dev anlaşma ile Benelli'nin Türkiye'deki üretimine 2018 yılında başlaması bekleniyor.","HIDDEN: Chinese-owned Italian brand's third production site, using Kuba's plant","İtalyan devi Benelli, yatırım için Türkiye'yi seçti",https://www.dunya.com/sirketler/italyan-devi-benelli-yatirim-icin-turkiyeyi-secti-haberi-386490,dunya_386490
bbd031d078cd,AGAOGLU-BODRUM-CN-HK,2017-10-23,investment_evidence,preliminary agreement,Chinese construction investment group; Hong Kong financial investor,CN; HK,Ağaoğlu Group,tourism / real estate,Muğla,"Bodrum (12,000 dönüm)",JV / co-investment,,,,,Dünya,"Bodrum'da Çinlilerle anlaşma yaptı, Harvard Üniversitesi ile temasa geçti … Şimdi Çinli bir inşaat yatırım grubu ve yine Hong Konglu finansal yatırımcı ile ön anlaşmayı imzaladık. … Bodrum’u hem Türkiye için önemli görüyorlar, hem de Batı’ya açılan bir pencere olarak değerlendiriyorlar.",,"Ağaoğlu: Kolumuzu kestik, arsa bizden dedik",https://www.dunya.com/ekonomi/agaoglu-kolumuzu-kestik-arsa-bizden-dedik-haberi-387541,dunya_387541
82c705b32206,CN-MALL-BUYERS,2017-10-31,general_signal,speculation,Chinese investors,Mainland China,,real estate (shopping malls),,,,,,,,Dünya,"Çinli yatırımcılar Türkiye'den AVM alabilir, Afrika büyük fırsat … Biz şimdi Çinlileri buraya getirmeye, yatırımcı olarak Türkiye'ye çekmeye çalışıyoruz. … Türkiye'de alışveriş merkezi satın almanın fırsat haline geldiği bir döneme girdik.",retail executive: Chinese could buy malls,İç dinamizmimiz devam ediyor ancak yabancı 'bekle-gör'de,https://www.dunya.com/ekonomi/ic-dinamizmimiz-devam-ediyor-ancak-yabanci-bekle-gorde-haberi-388837,dunya_388837
f69c65c72e7a,SWISS-BELHOTEL-TURKEY,2017-11-27,company_news,exit,Swiss-Belhotel International (Hong Kong),Hong Kong,,hotels (management),İstanbul,,,,,,,Dünya,"2015’in şubat ayında Hong Kong merkezli Swiss-Belhotel’in Türkiye’ye geleceğini yazmıştım. … Aradan iki yıl geçti; Swiss-Belhotel, büyük umutlarla geldiği Türkiye’den çıktı. … Alman Steigenberger’in Maslak’tan, Amerikan Edition’ın Levent’ten, Canyon Ranch’ın Bodrum’dan, Hilton’un Maçka’dan çekilmesi gibi Hong Kong merkezli Swiss-Belhotel de Türkiye’deki tek halkasını koparıp gitti.",HK hotel operator left Turkey after two years,Çelik ve Atatürk Palas'ı İspanyol BlueBay işletecek,https://www.dunya.com/kose-yazisi/celik-ve-ataturk-palasi-ispanyol-bluebay-isletecek/392194,dunya_text224536
9ee66df74017,ZTE-NETAS,2017-11-27,investment_evidence,signing ceremony scheduled,ZTE Cooperatief U.A.,Mainland China,Netaş,telecom equipment,Ankara; İstanbul,,new investments into Netaş,,,,,Dünya,"Çin’in telekomünikasyon şirketi ZTE Cooperatief U.A'nın, hissedarı olduğu Netaş Telekomünikasyon AŞ'ye yapacağı yeni yatırımlara ilişkin imza töreni, 29 Kasım'da gerçekleştirilecek. … AA muhabirinin aldığı bilgiye göre, Çinli teknoloji devi ZTE'nin, Netaş'ta yapacağı yeni yatırımlara ilişkin imzalar, 29 Kasım'da Ankara'da Başbakan Binali Yıldırım'ın da katılması beklenen törende atılacak. … Bu yıl 50. yaşını kutlayan Netaş'ın, One Equity Partners'ın yönettiği bir portföy şirketi olan OEP Turkey Tech BV portföyünde bulunan yüzde 48,04 hissesini 101,3 milyon dolara satın alan Çinli firmanın, imza töreniyle Netaş’a yapacağı yeni yatırımlar resmileşecek.",ceremony with PM Yıldırım on 29 Nov,"Çinli dev, Türkiye'de yeni yatırımlara hazırlanıyor",https://www.dunya.com/finans/haberler/cinli-dev-turkiyede-yeni-yatirimlara-hazirlaniyor-haberi-392290,dunya_392290
d3b2f63ec412,ZTE-NETAS,2017-11-30,other_news_source,expansion plan,ZTE,,,,,,,,,,,Memurlar.net,"A ZTE senior vice-president said the company will make Turkey a technology centre for the European market and aims to double its Turkish operations in two years, working through Netaş.",,'Türkiye'yi teknoloji merkezi olarak kullanacağız',https://www.memurlar.net/haber/711860/turkiye-yi-teknoloji-merkezi-olarak-kullanacagiz.html,
0b87e71ef670,BANK-OF-CHINA-TURKEY,2017-12-01,investment_evidence,licence granted,Bank of China Turkey A.Ş.,Mainland China,,banking,İstanbul,,new bank (subsidiary),,,,,Dünya,"BDDK Başkanı Akben, Bank of China Turkey AŞ'nin bankacılık lisansının onaylandığını, bankanın yarından itibaren faaliyetlere başlayabileceğini söyledi. … Bankanın lisansının onaylandığını belirten Akben, ""BDDK olarak Bank of China Turkey AŞ'nin bankacılık lisansını onayladık. … Bankaya daha önce kuruluş izni verilmişti. … Bank of China Turkey AŞ, artık resmen yarından itibaren bankacılık işlemlerine başlayabilir"" dedi.",operations can start,"Çinli dev banka, Türkiye'de hizmete başlıyor",https://www.dunya.com/finans/haberler/cinli-dev-banka-turkiyede-hizmete-basliyor-haberi-392897,dunya_392897
e14c41571a5d,BANK-OF-CHINA-TURKEY,2017-12-07,investment_evidence,operating permit gazette,Bank of China Turkey A.Ş.,Mainland China,,banking,İstanbul,,new bank (subsidiary),,,,,Dünya,"BDDK'nın Bank of China Turkey'e faaliyet izni veren kararı Resmi Gazete'de yayımlandı. … Resmi Gazete'nin bugünkü sayısında yer alan BDDK kararında, ""Kurulun 2 Mayıs 2016 tarihli ve 6880 sayılı kararı ile kuruluş izni verilen Bank of China Turkey AŞ'ye faaliyet izni verilmesine karar verilmiştir"" denildi.",founding permit 2 May 2016,Bank of China'ya faaliyet izni verildi,https://www.dunya.com/finans/haberler/bank-of-chinaya-faaliyet-izni-verildi-haberi-393566,dunya_393566
716d419f3d41,BANK-OF-CHINA-TURKEY,2017-12-26,context_mention,licence granted,Bank of China,Mainland China,,banking,,,licence,,,,,Dünya,"Geçen haftalarda dünyanın en büyük bankalarından Bank of China Türkiye açılışına ve Türkiye lisansına da izin verdik. 2018'de de yine benzer faaliyetlerde, yine benzer lisansları ve izinleri vermeyi umuyoruz. 430 civarında kuruluşu düzenliyoruz ve denetliyoruz.",BDDK head,BDDK Başkanı Akben: 2018'den çok umutluyuz,https://www.dunya.com/finans/haberler/bddk-baskani-akben-2018den-cok-umutluyuz-haberi-396042,dunya_396042
00caffb36e69,BGI-GENOKS,2018-01-01,other_news_source,MoU signed,BGI Genomics,,,,,,,,,,,Clinical Laboratory News,BGI Genomics and the Turkish firm Genoks extended their partnership with an MoU under which BGI gives technical and strategic support for prenatal testing and sequencing services in Turkey.,January/February 2018 issue.,"BGI Genomics, Genoks Team to Expand Genetic Testing in Turkey",https://myadlm.org/cln/articles/2018/janfeb/bgi-genomics-genoks-team-to-expand-genetic-testing-in-turkey,
d32434037bea,HUAWEI-ISTANBUL-RND,2018-01-29,company_news,status,Huawei,Mainland China,Turkcell,telecom,,,joint innovation unit (Joint Agile Delivery),,,,,Dünya,"Turkcell ve Huawei ortak girişimi olan Joint Agile Delivery'nin (JAD), hayata geçirdiği proje, Huawei'nin en yeni yazılım çözümü ile Antalya'daki ticari ağ üzerinde hayata geçirildi.",described as 'joint venture' JAD,Turkcell ve Huawei'den 5G iş birliği,https://www.dunya.com/sirketler/turkcell-ve-huaweiden-5g-is-birligi-haberi-400694,dunya_400694
c65ef334e524,DENIZBANK-CN-BANK-RUMOR,2018-01-30,investment_evidence,rumor,unnamed Chinese bank,Mainland China,Sberbank (seller),banking,,DenizBank,acquisition interest,,,,,Dünya,Bu arada piyasada DenizBank için Çinli bir bankanın da devrede olduğu konuşuluyor.,market talk,DenizBank'ın satışı gündemde,https://www.dunya.com/finans/haberler/denizbankin-satisi-gundemde-haberi-400771,dunya_400771
bfbf51c0a221,DENIZBANK-CN-BANK-RUMOR,2018-01-30,context_mention,rumor,unnamed Chinese bank,Mainland China,Sberbank,banking,,DenizBank,acquisition interest,,,,,Dünya,"Bloomberg'te yer alan bir habere göre, DenizBank ile Çinli bir banka da ilgileniyor.",Bloomberg,DenizBank'ın satışı için görüşmeler başladı,https://www.dunya.com/finans/haberler/denizbankin-satisi-icin-gorusmeler-basladi-haberi-400782,dunya_400782
bf107cceed2f,DENIZBANK-CN-BANK-RUMOR,2018-01-31,context_mention,rumor,unnamed Chinese bank,Mainland China,Sberbank,banking,,DenizBank,acquisition interest,,,,,Dünya,Bloomberg'in haberine göre Çinli bir banka da satışla ilgileniyor.,Bloomberg,DenizBank hisselerinde yükseliş sürüyor,https://www.dunya.com/finans/haberler/denizbank-hisselerinde-yukselis-suruyor-haberi-400995,dunya_400995
bc116b6a5bee,ESKISEHIR-ALPU-SHENHUA-DEI,2018-02-06,investment_evidence,bid submitted,Shenhua (China Shenhua Energy),Mainland China,DEI (Greece),energy (lignite power),Eskişehir,,thermal plant tender (investor),,,,,Dünya,"Türk şirketlerle Balkanlar'da da çalışmayı hedeflediklerini dile getiren Panagiotakis, ""Özellikle yenilenebilir enerji alanına ilgi duyuyoruz ama bu termik gibi konvansiyonel alanlarda da çalışmayacağımız anlamına gelmiyor. … Çinli enerji şirketi Shenhua ile Eskişehir'de bir termik santral için ihaleye girdik.",DEI chairman: bid with Shenhua for Eskişehir thermal plant,Yunanistan'dan Türkiye'ye enerji yatırımı sinyali,https://www.dunya.com/ekonomi/yunanistandan-turkiyeye-enerji-yatirimi-sinyali-haberi-401879,dunya_401879
cabaf941df57,HUNUTLU-EMBA-SHANGHAI-ELECTRIC,2018-02-09,investment_evidence,contract signed,Shanghai Electric Power (consortium),Mainland China,EMBA Elektrik,energy (imported coal),Adana,Yumurtalık (Hunutlu),consortium contract (+519.5m engineering contract),889.7,USD mn,,,Dünya,"Shanghai Electric Power'ın içinde bulunduğu konsorsiyum, Türkiye'de kömür santrali projesi için 889,7 milyon dolar tutarında sözleşme imzaladı. … Shanghai Electric Power içinde bulunduğu konsorsiyumun Türkiye'de kömür santrali projesi için 889,7 milyon dolar tutarında sözleşme imzaladığını açıkladı. … Şirketin yaptığı açıklamaya göre, konsorsiyum ayrıca kömür santrali için 519.5 milyon dolar tutarında mühendislik sözleşmesi imzaladı.",company filing; role (equity vs EPC) clarified in later articles,"Türkiye'de kömür santrali için 889,7 milyon dolarlık anlaşma",https://www.dunya.com/ekonomi/turkiyede-komur-santrali-icin-8897-milyon-dolarlik-anlasma-haberi-402521,dunya_402521
6a7d6da80bce,TURK-TELEKOM-CN-RUMOR,2018-02-09,investment_evidence,rumor,unnamed Chinese company,Mainland China,OTAŞ (Oger Telecom) seller,telecom,,,55% stake purchase,,,,,Dünya,"Çinli bir şirketin satın almak istediği iddia edilen OTAŞ elindeki yüzde 55'lik Türk Telekom hissenin halka arzı değerlendiriliyor. … Bu hafta basında yer alan bir haberde Türk Telekom'un hisseleri için Çinli bir şirketle görüşmeler yapıldığı ve sona yaklaşıldığı belirtilmişti. … Konuya yakın bir kaynak ""Türk Telekom'un Çinli bir şirkete satışının bitmesi gibi bir durum yok.",source: no deal close; IPO considered,Türk Telekom'da çıkış yolu halka arz,https://www.dunya.com/sirketler/turk-telekomda-cikis-yolu-halka-arz-haberi-402581,dunya_402581
bb8d1f71b118,GCL-ND-GEOTHERMAL,2018-02-15,other_news_source,plant ordered,GCL ND Enerji,,,,,,,,,,,ThinkGeoEnergy,"GCL ND Enerji, a venture of China's Golden Concord Group (GCL) and the Dutch ND Group, which have worked together since 2015 to develop geothermal power in Turkey, ordered a 12.6 MW geothermal power plant for Alaşehir, Manisa, from Exergy.",,Exergy signs contract on supply of 12.6 MW geothermal power plant in Turkey,https://www.thinkgeoenergy.com/exergy-signs-contract-on-supply-of-plant-for-new-12-6-mw-geothermal-plant-in-turkey/,
147f15ff8bb0,ZORLU-GSR-BATTERY,2018-02-25,investment_evidence,preliminary agreement,GSR Capital,Mainland China,Zorlu Holding (Vestel),batteries / EV,,,JV battery plant (25 GWh),4500,USD mn (by 2023),4000,"25,000 MW(h)",Dünya,"Zorlu Grubu, Çinli GSR Capital ile işbirliğine gitti. 4.5 milyar dolarlık yatırımla hayata geçirilecek tesiste başta elektrikli otolar ve telefonlar olmak üzere pek çok alanda kullanılabilecek bataryalar üretecek. … Yerli otomobili yapacak 5 babayiğit arasında yer alan Zorlu Holding, Çinli GSR Capital ile pil teknolojisi konusunda Türkiye’yi küresel pazarlarda öne çıkaracak, stratejik bir ön anlaşmaya imza attı. … GSR Capital ile yapılan iki farklı ortaklık çerçevesinde, 2023 yılına kadar toplam 4.5 milyar dolarlık yatırım yapılacak. … Zorlu Holding CEO’su Ömer Yüngül, “Yapılan bu ortaklık anlaşması çerçevesinde gerçekleştirilecek yatırımlarla uzun vadede Türkiye ekonomisine 6 milyar dolar tutarında yüksek katma değerli ihracat geliri ve 4 bin kişiye de istihdam sağlanacak. … Yatırımı 2018’de başlayacak ve 2023’te tamamlanarak devreye alınacak, 25 bin megavat (MW) kapasiteli batarya fabrikasıyla ise 500 bin adet elektrikli araca batarya sağlayacağız” dedi.",strategic pre-agreement,Zorlu'dan 4.5 milyar dolarlık batarya yatırımı,https://www.dunya.com/sirketler/zorludan-45-milyar-dolarlik-batarya-yatirimi-haberi-404795,dunya_404795
ebb8ff9e9e99,ZORLU-GSR-BATTERY,2018-02-26,context_mention,market reaction,GSR Capital,Mainland China,Zorlu (Vestel),batteries,,,JV,4500,USD mn,,,Dünya,"Zorlu Grubu, Çinli GSR Capital ile işbirliğine gitti. 4.5 milyar dolarlık yatırımla hayata geçirilecek tesiste başta elektrikli otomobiller ve telefonlar olmak üzere pek çok alanda kullanılabilecek bataryalar üretilecek.",,Yatırım haberi Vestel hisselerini uçurdu,https://www.dunya.com/finans/haberler/yatirim-haberi-vestel-hisselerini-ucurdu-haberi-404923,dunya_404923
e60ddf425457,ZORLU-GSR-BATTERY,2018-02-27,other_news_source,preliminary agreement,GSR Capital; Zorlu,,,,,,,4500,USD mn,,,Daily Sabah,"Zorlu Holding and GSR Capital signed a preliminary partnership agreement for 4.5bn USD of investment by 2023: a 25,000 MW-a-year battery plant and nickel and cobalt sulfate production at Gördes and Eskişehir, as 50-50 partnerships, with 4,000 jobs.",,"Turkey's Zorlu, China's GSR Capital sign $4.5B deal for battery production",https://www.dailysabah.com/technology/2018/02/27/turkeys-zorlu-chinas-gsr-capital-sign-45b-deal-for-battery-production/amp,
b616b8f36194,YSS-BRIDGE-CN-STAKE,2018-03-01,investment_evidence,talks reported,unnamed Chinese companies,Mainland China,IC İçtaş; Astaldi (sellers),transport infrastructure,İstanbul,Yavuz Sultan Selim Bridge / North Marmara Motorway,stake purchase,,,,,Dünya,"Astaldi SpA ve IC Yatırım Holding A.Ş.’nin ortak girişim şirketinin, aralarında Çinli şirketlerin de olduğu yatırımcılarla Yavuz Sultan Selim Köprüsü’ndeki hisselerinin satışı için görüştüğü iddia edildi. … Business HT'nin Bloomberg News'ten aktardığı habere göre, Astaldi SpA ve IC Yatırım Holding A.Ş.’nin ortak girişim şirketi, aralarında Çinli şirketlerin de olduğu yatırımcılarla Yavuz Sultan Selim Köprüsü’ndeki hisselerinin satışı için görüşüyor. … Konuya yakın dört kişinin verdiği bilgiye göre ortak girişim şirketinin yüzde 20’sine sahip olan Astaldi, hisselerinin tamamını satmayı planlıyor. … IC Yatırım’ın birimi IC İçtaş ise yüzde 80 oranındaki payından Astaldi ile eşdeğer oranda satış yapacak.",Bloomberg report,'3. köprü Çinlilere satılıyor' iddiası,https://www.dunya.com/gundem/3-kopru-cinlilere-satiliyor-iddiasi-haberi-405467,dunya_405467
2d1180e0aad8,ZTT-TURKEY,2018-03-03,investment_evidence,plan announced,ZTT Group (Jiangsu Zhongtian Technology),Mainland China,,"cables (HV/EHV, submarine)",Bilecik; Eskişehir; Bursa,"Bilecik (existing), Eskişehir & Gemlik (greenfield)",capacity expansion + greenfield plants,110,USD mn (65m first stage),,,Dünya,"ZTT Grup Uluslararası İş Bölümü Üst Yöneticisi Ryan, ""Türkiye'ye ilk etapta 65 milyon dolar, iki yıl içinde ise toplam 110 milyon dolarlık yatırım hedefliyoruz. … Çinli kablo şirketi ZTT Grup'un Uluslararası İş Bölümü Üst Yöneticisi Ryan Shi, elektrik iletiminde kullanılan yüksek ve ekstra yüksek voltaj türü kabloların Türkiye'de üretilmesi için karar aldıklarını belirtti. … Türkiye'de genişlemek için üç bölge belirlediklerini aktaran Ryan, Bilecik'te var olan fabrikalarının kapasitelerini büyütmek istediklerini, Eskişehir ve Gemlik'te ise sıfırdan yatırım yapmak istediklerini anlattı. … Ryan, teknoloji yatırımının gelecek beş yılı kapsayacağını ifade ederek, enerji ve telekomünikasyon hizmeti için kullanılan deniz altı elektrik iletim kablolarının üretimini de Türkiye'de yapmak istediklerini kaydetti.",,Türkiye'ye 110 milyon dolarlık yatırım,https://www.dunya.com/ekonomi/turkiyeye-110-milyon-dolarlik-yatirim-haberi-405675,dunya_405675
fd4aa0f7c223,TAV-CN-FUNDS,2018-03-27,general_signal,talks,unnamed Chinese funds,Mainland China,TAV,airports / construction,,,,,,,,Dünya,"""Çinli fonlarla görüşüyoruz"" … Şener, modern İpek Yolu'nun hayata geçirilmesinin çok önemli olduğuna dikkati çekerek, ""Çinli fonlarla ciddi görüşmelerimiz var. … İnşaat firmamızın Çinli firmalarla havalimanı inşaatı için bazı görüşmeleri var.",TAV CEO: serious talks with Chinese funds (nature unspecified),"TAV, yeni havalimanındaki kaybını Antalya'dan çıkaracak",https://www.dunya.com/sirketler/tav-yeni-havalimanindaki-kaybini-antalyadan-cikaracak-haberi-408998,dunya_408998
451676446ebb,HT-SOLAR-TURKEY,2018-04-05,investment_evidence,interest new investment,HT Solar Enerji A.Ş. (Chinese SOE),Mainland China,,solar manufacturing / YEKA,,,existing 600 MW panel factories; YEKA-2 bid plan,1000,USD mn (planned),,600 MW panel capacity (existing),Dünya,"Çin devlet şirketi HT Solar Enerji AŞ'nin Türkiye Genel Müdürü Xi, ""Güneş enerjisi için yapılacak ikinci YEKA ile ilgileniyoruz. 1 milyar dolarlık yatırım hesapladık, bunu gerçekleştirmeyi amaçlıyoruz. … Çin devlet şirketi HT Solar Enerji AŞ'nin Türkiye Genel Müdürü Robin Xi, Güneş Enerjisi ve Teknolojileri Fuarı Solarex'te, geçen yıl ilki gerçekleştirilen YEKA ihalesine bir Türk firma ile katıldıklarını söyledi. … Listede ilk sırada olmalarına rağmen yarışmayı kazanamadıklarını ifade eden Xi, ""İkinci YEKA için daha sıkı çalışıyoruz. … Türkiye'deki 600 megavat kapasiteli güneş paneli fabrikalarıyla sektörde lider konumunda bulunduklarını dile getiren Xi, ""Türkiye'de çalışmalarımız devam ediyor.",bid in YEKA-1 with Turkish firm and lost,Türkiye'nin güneşine 1 milyar dolar,https://www.dunya.com/sektorler/enerji/turkiyenin-gunesine-1-milyar-dolar-haberi-410325,dunya_410325
75b66126e777,HT-SOLAR-TURKEY,2018-04-05,investment_evidence,investment plan announced,HT Solar,Mainland China,,Solar manufacturing,,,Factory,1000,USD mn,,600 MW (panel factories),Aydınlık,"Çin devlet şirketi HT Solar Enerji AŞ'nin Türkiye Genel Müdürü Xi, Türkiye'de güneş enerji santralleri için 1 milyar dolarlık bütçe hazırlandığını duyurdu Çin devlet şirketi HT Solar Enerji AŞ'nin Türkiye Genel Müdürü Robin Xi, Güneş Enerjisi ve Teknolojileri Fuarı Solarex'te AA muhabirine yaptığı açıklamada, geçen yıl ilki gerçekleştirilen YEKA ihalesine bir Türk firma ile katıldıklarını söyledi. … Türkiye'deki 600 megavat kapasiteli güneş paneli fabrikalarıyla sektörde lider konumunda bulunduklarını dile getiren Xi, ""Türkiye'de çalışmalarımız devam ediyor. … Güneş enerjisi için yapılacak ikinci YEKA ile ilgileniyoruz. 1 milyar dolarlık yatırım hesapladık, bunu gerçekleştirmeyi amaçlıyoruz.",HT Solar Turkey: 600 MW panel factories; 1bn USD planned for the second YEKA (Apr 2018),Çin'den Türkiye'de güneş enerjisine 1 milyar dolarlık bütçe,https://www.aydinlik.com.tr/haber/cinden-turkiyede-gunes-enerjisine-1-milyar-dolarlik-butce-86282,aydinlik_86282
2fe035245295,HT-SOLAR-TURKEY,2018-04-06,other_news_source,operating,HT Solar,,,,,,,20,USD mn,,,Mynet,"HT Solar has run a 30,000 m² factory in Tuzla, Istanbul, since 2016 with about 20m USD invested and some 600 staff (600 MW of panels and 320 MW of cells a year); its general manager said it would invest 1bn USD if the next YEKA reached 1 GW.",,Çin Devlet Şirketinden Türkiye'ye 1 Milyar Dolarlık Bütçe,https://www.mynet.com/cin-devlet-sirketinden-turkiyeye-1-milyar-dolarlik-butce-180103919250,
bf4c00f57219,ALIBABA-CLOUD-EGLOBER,2018-04-09,company_news,partnership,Alibaba Cloud,Mainland China,E-Glober,cloud services,,,reseller partnership (no equity stated),,,,,Dünya,"Alibaba'nın bulut bilişim kolu Alibaba Cloud, bulut hizmetlerini Türkiye pazarına taşımak üzere E-Glober ile anlaştı. … Çinli e-ticaret devi Alibaba'nın bulut bilişim hizmeti veren kolu Alibaba Cloud, bulut hizmetlerini Türkye pazarına taşımak amacıyla E-Glober ile işbirliği yapacağını açıkladı. … Anlaşmayla beraber, Alibaba Cloud'ın bulut bilişim alanındaki kapasitesi ve küresel altyapısı ile E-Glober’ın Türkiye pazarındaki deneyimi birleştirilerek yerel şirketlere kapsamlı bulut ürün ve hizmetleri verilecek.",market entry via local partner,"Alibaba, bulut hizmetlerini Türkiye'ye taşıyor",https://www.dunya.com/dunya/alibaba-bulut-hizmetlerini-turkiyeye-tasiyor-haberi-410793,dunya_410793
83dc8ea8849d,ZORLU-GSR-BATTERY,2018-04-13,context_mention,preliminary agreement,GSR Capital,Mainland China,Zorlu Holding (Vestel),batteries / EV,,,JV battery plant,,,,,Dünya,"Türkiye’nin cari açıkla mücadelesinde 5 milyar dolara yakın bir katkı yaratacak Vestel elektrikli pil yatırımı, oluşturacağı ekosistemin de ötesinde “çok doğurgan olan bu yeni çağın teknolojisini” bu topraklarda yerlileştirecek. … Biz de Çinli GSR firması ile görüşmeye başladık. … Ön anlaşmayı yaptık.” … Yüngül, ilk ön anlaşmayı geçen Ekim’de imzaladıklarını söyledi.",Zorlu CEO on negotiations with GSR,Yüngül: Geleceğin teknolojisini bu topraklara getirmek için İsveç’le savaştık,https://www.dunya.com/sirketler/yungul-gelecegin-teknolojisini-bu-topraklara-getirmek-icin-isvecle-savastik-haberi-411419,dunya_411419
03bcd9738406,DEMIR-GRUP-CN-PARTNER,2018-04-27,general_signal,partner search,unnamed Chinese partner,Mainland China,Demir Grup,solar manufacturing,Konya,,,,,,,Dünya,"Çin ile ortaklık arayışı … Panel üretiminde şu anda lider durumda bulunan Çin'in Amerika'nın uyguladığı kotalardan dolayı bir yoldaş arayışında olduğunu anlatan Demir, şunları kaydetti: … ""Çin, bu süreçte bir çerçeve içinde sıkışacak ve yanına başka ülkeler bulmak zorunda kalacak. … Bunlar içinde en iyi ülke Türkiye.",Turkish panel maker seeks Chinese partnership,Demir Grup'un güneş paneli ihracatında hedef 100 milyon dolar,https://www.dunya.com/sirketler/demir-grupun-gunes-paneli-ihracatinda-hedef-100-milyon-dolar-haberi-413389,dunya_413389
c61f6d059f4b,ALIBABA-TRENDYOL,2018-05-09,investment_evidence,investment talks,Alibaba Group,Mainland China,,e-commerce,,,,,,,,Dünya,"Gümrük ve Ticaret Bakanı Tüfenkci, Alibaba ve Amazon ile Türkiye'ye yatırım yapmaları için görüştüklerini söyledi. … Gümrük ve Ticaret Bakanı Bülent Tüfenkci, Alibaba ve Amazon’un Türkiye’de yatırım yapmak için bazı taleplerde bulunduğunu, bu kapsamda çalışmalar yaptıklarını söyledi. … Bloomberg’e konuşan Tüfenkci, ""Elektronik ticaret konusunda Türkiye’de büyük bir imkan var, bu imkanı kullanmak istiyoruz"" derken, ""Alibaba, Amazon dahil olmak üzere birkaç uluslararası firma Türkiye’de faaliyet göstermek istiyorlar. … Bakanlığımızla görüşmeler yapılıyor.",minister: Alibaba wants to invest in Turkey,"Türkiye, Alibaba ve Amazon ile görüşüyor",https://www.dunya.com/ekonomi/turkiye-alibaba-ve-amazon-ile-gorusuyor-haberi-414877,dunya_414877
40d4424d12a0,ZTE-NETAS,2018-05-10,company_news,parent sanctions,ZTE (parent of Netaş),Mainland China,,telecom equipment,,,,,,,,Dünya,"NETAŞ'ın ana hissedarı olan Çin'in en büyük ikinci telekom ekipmanı üreticisi ZTE, ABD yaptırımları nedeniyle ana faaliyetlerini durdurduğunu açıkladı. … Çin'in en büyük ikinci telekom ekipmanı üreticisi ZTE, ABD yaptırımları sonrasında ana faaliyetlerini durdurduğunu açıkladı. … ABD, geçen ay Amerikan şirketlerinin ZTE'ye parça ve yazılım satışını yedi yıl süreyle yasaklamıştı.",US sanctions halt ZTE main operations,"ZTE, ABD yaptırımları sonrası faaliyetlerini durdurdu",https://www.dunya.com/dunya/zte-abd-yaptirimlari-sonrasi-faaliyetlerini-durdurdu-haberi-415050,dunya_415050
ac80bd903bc1,ICBIA-NEVSEHIR,2018-05-12,general_signal,protocol association,Istanbul Chinese Businessmen and Industrialists Association (ICBIA),Mainland China,NEVBİAD,tourism / general,Nevşehir,Cappadocia,,,,,,Dünya,"Çinli iş adamları Nevşehir'e yatırım yapmak, bu bölgede ekonomik ve ticari faaliyet göstermek ve Nevşehir'den bazı ürünleri ithal etmek için bölgeyi radarına aldı. … Nevşehirli Bürokratlar ve İşadamları Derneği (NEVBİAD) ile İstanbul Çinli İşadamları ve Sanayicileri Derneği (Istanbul Chinese Businessmen And Industrialist Association - ICBIA) arasında karşılıklı yatırımların artırılması, Çin'den Kapadokya'ya daha fazla turist çekilmesi ve ortak kültürel, turistik ekonomik faaliyet düzenlemek amacıyla protokol anlaşması imzalandı. … Nevşehirli Uçhisar'da düzenlenen törende konuşan ICBC Turkey Genel Müdürü ve İstanbul Çinli İşadamları ve Sanayicileri Derneği Başkan Vekili Gao Xiangyang, Nevşehir'e gelmekten büyük mutluluk duyduğunu, Nevşehir'in, Kapadokya'nın çok büyüleyici bir şehir olduğunu söyledi.",association-level protocol,Çinli iş adamları yatırım için Nevşehir'i radarına aldı,https://www.dunya.com/ekonomi/cinli-is-adamlari-yatirim-icin-nevsehiri-radarina-aldi-haberi-415395,dunya_415395
22af0646143f,HUAWEI-ISTANBUL-RND,2018-05-15,company_news,status,Huawei,Mainland China,,telecom / enterprise,,,"OpenLab, R&D, training & innovation centre",,,,,Dünya,"Huawei'nin dünyada sadece Açık Laboratuvar, Ar-Ge, Eğitim ve İnovasyon Merkezi Türkiye'de var"" açıklamasını yaptı. … Huawei Türkiye Kurumsal İş Çözümleri Başkanı Roben Zeng, ""Huawei'nin dünyada sadece Açık Laboratuvar, Ar-Ge,Eğitim ve İnovasyon Merkezi Türkiye'de var. … Huawei, yerel ortaklara ve yerel yaklaşımlara yatırım yapıyor. … Açık Laboratuvar (OpenLab) bunun örneklerinden bir tanesi... Üniversiteler ve yerel ortaklarla uçtan uca çözümleri geliştirebilmek adına iş birliği sağlıyor.",,Huawei: Türkiye bizim için iyi bir piyasa,https://www.dunya.com/sirketler/huawei-turkiye-bizim-icin-iyi-bir-piyasa-haberi-415785,dunya_415785
df6bd24dab03,LIYUAN-TUVASAS-RAIL,2018-05-29,investment_evidence,agreement signed,Liyuan,Mainland China,TÜVASAŞ,Rail equipment,Sakarya,,Partnership agreement (possible JV),,,,,Aydınlık,"Demiryollarında agresif bir politika izleyen Çin, Türkiye'de stratejik bir anlaşmaya imza attı Çinli şirket Liyuan Steams, Türkiye Vagon Sanayi Anonim Şirketi ile metro, tramvay ve hafif raylı sistem projeleri geliştirmek için bir anlaşmaya imza attı. … Çinli şirketten yapılan açıklamada anlaşma gereğince bu alanda ortak girişimler kurulabileceği belirtildi. … Bunun yanında iki şirketin Orta Anadolu'da birlikte özel projeler üzerinde çalışabileceğini de ifade edildi. … Tüvasaş, Çinli şirkete Mart 2019'da teslim alınmak üzere 12 özelleştirilmiş tren sipariş etmişti.","Liyuan–TÜVASAŞ agreement on metro, tram and light-rail projects; joint ventures possible (May 2018)",Demiryolunda Türk-Çin ortaklığı,https://www.aydinlik.com.tr/haber/demiryolunda-turk-cin-ortakligi-92215,aydinlik_92215
6dae28609eb8,CSR-MNG-ANKARA-RAIL-PLANT,2018-05-31,context_mention,reference,CRRC; MNG,Mainland China,MNG Holding,rail equipment,Ankara,,JV plant,,,,,Dünya,"""2012'de Ankara Büyükşehir Belediyesi tarafından ihalesi yapılan ve CRRC-MNG ortaklığının kazandığı 324 adet metro aracı alım şartnamesine ilave edilen yüzde 51 yerli katkı şartı, Türkiye'de büyük bir değişime yol açtı ve Türk sanayisi için bir milat oldu.",CRRC-MNG partnership won the 2012 tender for 324 metro cars with the 51% local-content rule,Yerlileşen vagonlardan ekonomiye katkı,https://www.dunya.com/ekonomi/yerlilesen-vagonlardan-ekonomiye-katki-haberi-417749,dunya_417749
d4fda4f28357,CHINA-SOUTHERN-ISTANBUL,2018-06-01,company_news,resumption agreed,China Southern Airlines; Hainan Airlines,Mainland China,,aviation,İstanbul,,airline routes,,,,,Dünya,"Türkiye Otelciler Birliği’nin (TÜROB) girişimiyle oluşturulan heyetin Çin temasları hakkında bilgi veren TÜROB Başkanı Timur Bayındır, gelişmeyi doğruladı ve Çin’in en büyük havayolu şirketi China Southern’ın yanı sıra Hainan Airlines’in de Çin-Türkiye arasında sefer başlatacaklarını açıkladı. … Bu havayolu şirketleri ile irtibat için, mümkün olması halinde 2 ay içinde yeni bir ziyaret daha gerçekleştirileceğini, çalışmaların sıkı tutulmasını istediklerini belirten Bayındır, şöyle dedi:“Çin’in en büyük havayolu olan China Southern, İstanbul seferlerini, hattın 2015 ve 2016 yıllarında tüm uluslararası uçuşlar arasında en kârlı hat olmasına karşın, Türkiye’de cereyan eden olumsuz hadiseler ve güvenlik endişeleri nedeniyle durdurmuştu. 2011 yılında başlattığı Pekin–Urumçi-İstanbul seferlerini de 20 Temmuz 2016’da durdurduklarını açıklamışlardı.",China Southern (Istanbul flights 2011–July 2016) and Hainan Airlines agree to restart flights,China Southern Airlines yeniden İstanbul yolunda,https://www.dunya.com/ekonomi/china-southern-airlines-yeniden-istanbul-yolunda-haberi-417862,dunya_417862
7f5db58e45ee,CN-GENERAL-INTEREST,2018-06-06,general_signal,visit,Chinese ambassador + Chinese companies in Turkey,Mainland China,,general,Van,,,,,,,Dünya,"Çin Halk Cumhuriyeti Ankara Olağanüstü ve Tam Yetkili Büyükelçisi YU Hongyang ve beraberindeki iş adamları çeşitli temaslarda bulunmak üzere Van'a geldi. … Valilikten yapılan açıklamaya göre, Türkiye'de faaliyet gösteren Çin şirketlerinin yetkililerinden oluşan heyetle kente gelen Büyükelçi YU Hongyang, ilk olarak valiliği ziyaret ederek Vali ve Büyükşehir Belediye Başkan Vekili Murat Zorluoğlu ile görüştü. … Toplantının başında Çinli iş adamları heyetinin Van ile ilgili soru ve görüşlerini dinleyen Zorluoğlu'na, 54 üyeli Çinli İş Adamları Derneğinin, dünyaca ünlü çok uluslu 16 şirketin temsilcisini bünyesinde bulundurduğu bilgisi verildi.",,Çinli iş adamları yatırım için Van'da,https://www.dunya.com/gundem/cinli-is-adamlari-yatirim-icin-vanda-haberi-418509,dunya_418509
5368edfdc456,TURK-TELEKOM-CN-RUMOR,2018-06-06,context_mention,rumor,unnamed Chinese buyer,Mainland China,OTAŞ,telecom,,,55% stake,,,,,Dünya,"Bu süreç içerisinde şirketin Çinlilere satılacağına yönelik haberler de çıkarken, bankalar OTAŞ’ın borç yapılandırılması kapsamında çalışmalarını sürdürdü.",,Türk Telekom’da bankaların eli rahatladı,https://www.dunya.com/kose-yazisi/turk-telekomda-bankalarin-eli-rahatladi/418387,dunya_text70034
cec7769d8591,ETI-MADEN-BORON-CARBIDE,2018-06-07,contractor_or_finance_only,mou signed,Dalian Jinma Boron Technology,Mainland China,Eti Maden,mining / chemicals (boron carbide),Balıkesir,,technology transfer MoU,,,,,Dünya,"Albayrak, bu kapsamda dünyanın bor alanındaki iki büyük şirketinin işbirliği yapacağını açıklayarak, ""Eti Maden ve dünyanın bor teknolojileri alanında en büyük firmalarından birisi olan Çinli Dalian Jinma ile işbirliği protokolü imzalayacak. … Bu protokol ile Balıkesir'de, ki bunun fazları da olacak, yüksek teknoloji bor karbür üretim tesisi kuracağız. … Törende daha sonra, Eti Maden Genel Müdürü ve Yönetim Kurulu Başkanı Serkan Keleşer ile Dalian Jinma Üst Yöneticisi Wang Yanhe tarafından ""Teknoloji Transferi Mutabakatı"" imzalandı.",Chinese technology provider; plant owned by state Eti Maden,Türkiye'nin 'Yeni Bor Stratejisi' açıklandı,https://www.dunya.com/ekonomi/turkiyenin-yeni-bor-stratejisi-aciklandi-haberi-418571,dunya_418571
660e4be08943,YSS-BRIDGE-CN-STAKE,2018-06-08,context_mention,rumor,Chinese buyers,Mainland China,Astaldi,transport infrastructure,İstanbul,Yavuz Sultan Selim Bridge,stake purchase,,,,,Dünya,Köprü’deki İtalyan ortak Astaldi’nin payını Çinlilere satabileceği konuşuluyor.,,7.4 milyar dolarlık birleşme ve satın alma,https://www.dunya.com/ekonomi/74-milyar-dolarlik-birlesme-ve-satin-alma-haberi-418641,dunya_418641
538204c132f0,SDIC-WIND-AYDIN-MANISA,2018-06-10,investment_evidence,MoU signed,SDIC (State Development & Investment Corp.); PowerChina (EPC),Mainland China,Smart Growth Holding,Wind energy,Aydın;Manisa,Söke and four licensed sites,Acquisition + greenfield (80% stake),226,USD mn,,170 MW,Aydınlık,"Manisa’da 170 megavat kapasiteli rüzgar santrali için 226 milyon dolarlık anlaşma imzalandı. … Çin Devlet Kalkınma ve Yatırım Kurumu (SDIC), Smart Growth Holding ve müteahhitlik şirketi PowerChina, Aydın ve Manisa’da 170 megavat (MW) kapasiteli rüzgar santrali yatırımını hayata geçirmek üzere 226 milyon dolarlık mutabakat anlaşması imzaladı. … Burada verilen bilgileye göre, kredisi ödenemediği için operasyonu ve hakları Albaraka Türk’te bulunan 30 MW’lık Aydın Söke rüzgar santrali ile henüz lisans aşamasında olan 140 MW kapasiteli dört rüzgar santrali yatırımı için mutabakat anlaşması imzalandı. … Toplam yatırım bedeli 226 milyon dolar olacak “Mavi Projenin” müteahhitliğini Powerchina şirketi üstlenirken, yatırımcılığını SDIC ve Smart Growth Holding yapacak. … Projede, SDIC’nin yüzde 80, Smart Growth Holding’in yüzde 20 payı bulunuyor.",SDIC (80%) and Smart Growth (20%) sign 226m USD MoU for 170 MW wind farms; PowerChina as contractor (June 2018),Çin’den Türkiye’ye dev yatırım,https://www.aydinlik.com.tr/haber/cinden-turkiyeye-dev-yatirim-93644,aydinlik_93644
1db93044b319,CHINA-SOUTHERN-ISTANBUL,2018-06-14,other_news_source,resumption agreed,China Southern Airlines,,,,,,,,,,,Türkiye gazetesi,"China Southern started Beijing/Urumqi–Istanbul flights in 2011, stopped them on 20 July 2016 over security concerns and agreed to resume from late 2018.",,Çin'in uçakları tekrar Türkiye yolunda,https://www.turkiyegazetesi.com.tr/ekonomi/cinin-ucaklari-tekrar-turkiye-yolunda-564686,
b03e0aa02244,THIRD-NPP-SNPTC,2018-06-15,context_mention,discussed,PRC,Mainland China,,"energy (nuclear, renewables)",,,3rd nuclear plant,,,,,Dünya,"Türkiye ve Çin'in önemli stratejik projelerin hayata geçirilmesi için birlikte çalıştığını dile getiren Çavuşoğlu, ""Yenilenebilir enerji ve nükleer enerji santrali, üçüncü nükleer enerji santralinin inşa edilmesi gibi önemli konuları da bugün değerlendirdik.",FM Çavuşoğlu in Beijing,Çavuşoğlu: Çin ile iş birliğimizi sürdüreceğiz,https://www.dunya.com/gundem/cavusoglu-cin-ile-is-birligimizi-surdurecegiz-haberi-419347,dunya_419347
8747ad669fa0,HENGSHI-TEKIRDAG-FIBERGLASS,2018-06-20,other_news_source,subsidiary formed,China Hengshi Foundation,,,,,,,,,,,HKEX (company announcement),"China Hengshi announced that its Zhejiang unit had established Hengshi Turkey to make and sell fiberglass fabrics with about 10,000 t annual capacity; it was not yet operating.",,Voluntary Announcement: Formation of a Subsidiary in Turkey,https://www1.hkexnews.hk/listedco/listconews/sehk/2018/0620/ltn20180620345.pdf,
e328e48e7b31,KERRY-LOGISTICS-TURKEY,2018-06-27,investment_evidence,new investment,Kerry Logistics,Hong Kong,,logistics,,,new truck fleet / China-Turkey rail-road line,,,50 trucks,,Dünya,Hong Kong merkezli Kerry Logistics de 50 TIR’lık yeni yatırımla Çin-Türkiye arası yeni bir demir ve kara yolu hattı açıyor.,,Lojistik devleri yeni ofislerini İstanbul’a açıyor,https://www.dunya.com/ekonomi/lojistik-devleri-yeni-ofislerini-istanbula-aciyor-haberi-420543,dunya_420543
6f450c0cda46,CN-FIRMS-IN-TURKEY-1000,2018-06-29,general_signal,overview,~1000 Chinese companies,Mainland China,,multi-sector,,,,,,,,Dünya,"Bank Of China ve ICBC’nin Türkiye’ye girişi sonrasında şirket akını daha da hızlandı ve Çinli şirket sayısı 1000’i buldu. … Dünya ticaretinin ikinci büyüğü Çin, Türkiye pazarında lojistik, enerji, elektronik, turizm ve gayrimenkul alanındaki yatırımlara odaklandı. … Ülkenin iki büyük bankası Bank Of China ve ICBC’nin Türkiye’ye girişi sonrasında şirket akını daha da hızlandı ve Çinli şirket sayısı 1000’i buldu.","DEİK: number of Chinese firms in Turkey reached 1,000 after BoC & ICBC entry",Çinli bin şirketin 'yol'u Türkiye’ye düştü,https://www.dunya.com/ekonomi/cinli-bin-sirketin-yolu-turkiyeye-dustu-haberi-420779,dunya_420779
75a3cb273c42,REEDER-SAMSUN-CN-PARTNER,2018-07-07,investment_evidence,plant operating,unnamed Chinese phone manufacturer (Reeder's supplier),Mainland China,Reeder,electronics (phones),Samsun,,strategic partner support (equity unclear),6,TRY mn (Reeder investment to date),80,,Dünya,"Bu konuda bize destek veren EBRD danışmanlarından bir tanesi de, yapılacak olan yatırımın içerisine stratejik bir ortak almamızı ve bunu Çin’deki üreticilerden birinden seçmemizi tavsiye etti. … Biz de 5 yıldır çalıştığımız Çin’de üretici firmanın da desteği ile Samsun’a yatırım yapmış olduk. … Şu ana kadar 6 milyon TL’yi geçti. … Şu anda 80 kişilik bir ekip çalışıyor. … Ancak Samsun operasyon merkezinin kurulması ile birlikte 30 kişilik bir ekip olarak gelip hem kurulumu hem de personelin yetiştirilmesi sürecinde bize destek oldular.",EBRD advised Chinese strategic partner; Chinese firm supports set-up; equity not confirmed,"Reeder, Samsun’da 300 bin telefon üretecek",https://www.dunya.com/saglik/reeder-samsunda-300-bin-telefon-uretecek-haberi-421647,dunya_421647
fc4345de425a,REEDER-SAMSUN-CN-PARTNER,2018-07-10,context_mention,plant operating,unnamed Chinese phone manufacturer,Mainland China,Reeder,electronics (phones),Samsun,,strategic partner support (equity unclear),,,,,Dünya,"Bu konuda bize destek veren EBRD danışmanlarından bir tanesi de, yapılacak olan yatırımın içerisine stratejik bir ortak almamızı ve bunu Çin’deki üreticilerden birinden seçmemizi tavsiye etti. … Biz de 5 yıldır çalıştığımız Çin’de üretici firmanın da desteği ile Samsun’a yatırım yapmış olduk.",duplicate interview,Samsun'da 300 bin telefon üreteceğiz,https://www.dunya.com/sektorler/teknoloji/samsunda-300-bin-telefon-uretecegiz-haberi-421953,dunya_421953
cd988c4877f1,ZTT-TURKEY,2018-07-16,investment_evidence,spa signed,ZTT Company,Mainland China,Saudi Cable Company (seller),cables,Bilecik,Demirer Kablo (100%),acquisition,66.7,USD mn,,,Dünya,"Saudi Cable Company, Demirer Kablo'yu 66.7 milyon dolara Çinli ZTT Company'e satmak için anlaştı. … Suudi Arabistan merkezli Saudi Cable Company tamamına sahip olduğu Demirer Kablo'daki paylarını 250 milyon riyale (66.7 milyon dolar) Çinli-ZTT Company şirketine satmak için anlaştığını açıkladı. … 1950 yılında kurulan kablo devinin çoğunluk hisseleri 1985 yılında, tüm hisseleri ise 1994 yılında Suudilere geçti. 'Demirer Kablo' dışında 'Kavel' markasına da sahip olan şirketin üretim tesisi Bilecik'te bulunuyor.",,Demirer Kablo Çinlilerin oluyor,https://www.dunya.com/sirketler/demirer-kablo-cinlilerin-oluyor-haberi-422516,dunya_422516
71fa19763547,CHINA-SUNERGY-SOLAR-FACTORY,2018-07-17,investment_evidence,production halted,China Sunergy (CSUN),Mainland China,,Solar manufacturing,İstanbul,Tuzla Free Zone,Greenfield factory,,,,,Aydınlık,"CSUN işçileri: Krizin faturası işçiye kesilemez!. İstanbul Tuzla Serbest Bölge’de kurulu Çin sermayeli CSUN fabrikasında kriz nedeniyle üretim durdu. … Burada bir açıklama yapan Birleşik Metal-İş Sendikası Genel Başkanı Adnan Serdaroğlu, işçilerin şirket yöneticileri yüzünden evine ekmek alacak para bulamayacak duruma geldiğini belirterek, “Fabrika Çin sermayeli bir fabrika ve dünyanın en büyük fabrikalarından biri. … Özellikle enerji üretiminde önemli bir fabrika olan bu şirket devletin bütün imkanlarından ve Tuzla Serbest Bölgenin hassasiyetinden yararlanarak 2013'ten 2017 yılına kadar devasa bir şekilde büyümüştür” ifadelerini kullandı.",Chinese-owned CSUN plant in Tuzla Free Zone grew 2013–2017; production halted and wages unpaid (July 2018),CSUN işçileri: Krizin faturası işçiye kesilemez!,https://www.aydinlik.com.tr/haber/csun-iscileri-krizin-faturasi-isciye-kesilemez-97478,aydinlik_97478
6709254cd60d,HAITIAN-TURKEY-CENTRES,2018-07-19,other_news_source,facility opened,Haitian International,,,,,,,,,,,Smart Molding (trade press),"Haitian Huayuan Machinery Middle East opened on 7 July 2018 a 5,000 m² facility with 850 m² of offices in Velimeşe, Çorlu, for machine and spare-part stock, mould testing and training; the Istanbul office remains the sales and service hub.",,Grand Opening of New Plant in Haitian Turkey,https://smart-molding.com/news/1241,
1f696b5068f6,TUZGOLU-GAS-STORAGE-TIANCHEN,2018-07-27,contractor_or_finance_only,loan MoU signed,ICBC,Mainland China,BOTAŞ,Energy – gas,Aksaray,Tuz Gölü; Silivri,Loan,1200,USD mn,,,Dünya,"Silivri ve Tuz Gölü Doğalgaz Depolama tesislerinin kapasite artışları için Çin Endüstri ve Ticaret Bankası tarafından 1,2 milyar dolarlık proje kredisi onaylandı. … Türkiye'nin yıllık doğalgaz tüketiminin yüzde 20'sini depolayabilecek Silivri ve Tuz Gölü Doğalgaz Depolama tesislerindeki kapasite artışları için, Boru Hatları ile Petrol Taşıma AŞ (BOTAŞ) ve Çin Endüstri ve Ticaret Bankası (ICBC) arasında dün imzalanan mutabakat zaptı ile 15 yıl vadeli 1,2 milyar dolarlık proje kredisi sağlandı. … Türkiye ve Çin arasındaki toplam 3,6 milyar dolarlık finansman paketinin 3'te 1'i doğalgaz depolama yatırımlarına ayrılacak ve bu çerçevede Silivri ile Tuz Gölü Doğalgaz Depolama tesislerindeki kapasite artışları için 1,2 milyar dolarlık kredi kullanılacak. … Proje kredisi olarak sağlanan destek, ilk 5 yılı ödemesiz olmak üzere 15 yıl vadeli olacak.",ICBC 1.2bn 15-year project loan MoU for Tuz Gölü and Silivri expansion (part of 3.6bn package),Türkiye'nin gaz depolarına Çin finansmanı,https://www.dunya.com/finans/haberler/turkiyenin-gaz-depolarina-cin-finansmani-haberi-423669,dunya_423669
644a260d5d9b,YSS-BRIDGE-CN-STAKE,2018-07-28,contractor_or_finance_only,refinancing mandate,ICBC Turkey,Mainland China,IC İçtaş-Astaldi,Transport infrastructure,İstanbul,,Loan,2700,USD mn,,,Aydınlık,"Çin Endüstri ve Ticaret Bankası (ICBC), Yavuz Sultan Selim Köprüsü ve Kuzey Marmara Otoyolu Projesi’nin 2,7 milyar dolarlık mevcut kredisinin refinansmanı için lider düzenleyici olarak yetki aldı. … Yavuz Sultan Selim Köprüsü ve Kuzey Marmara Otoyolu Projesi'nin 2,7 milyar dolarlık mevcut kredisinin refinansmanı için ""ICBC Turkey"", lider düzenleyici olarak yetkilendirildi. … Refinansman yetkilendirme mektubu önceki gün ICBC Turkey tarafından Ankara’da gerçekleşen Kuşak ve Yol Yatırım ve Finansal İş Birliği Zirvesi’nde imzalandı.",ICBC Turkey mandated lead arranger for 2.7bn refinancing of YSS bridge and motorway (July 2018),"Çin bankasından 2,7 milyar dolarlık refinansman geliyor",https://www.aydinlik.com.tr/haber/cin-bankasindan-27-milyar-dolarlik-refinansman-geliyor-98608,aydinlik_98608
dd1dbe956f86,THIRD-NPP-SNPTC,2018-08-08,investment_evidence,government statement,PRC,Mainland China,,energy (nuclear),Thrace (Kırklareli),,3rd nuclear plant,,,,,Dünya,"""Üçüncü nükleer Çinlilerle inşaa edilecek"" … Türkiye'nin Doğu Akdeniz'de ilk sondajını Antalya açıklarında, Türk ekonomik bölgesi içinde yapacağını, sığ aramanın Mersin açıklarında olacağını söyleyen Dönmez, üçüncü nükleer santrali Trakya'da inşa etmek istediklerini ve orada Çinlilerle yürüyeceklerini belirtti.",minister: third NPP to be built with the Chinese in Thrace,Dönmez: Doğalgaz ithalatı devam edecek,https://www.dunya.com/ekonomi/donmez-dogalgaz-ithalati-devam-edecek-haberi-424687,dunya_424687
d51210cbc62d,ALIBABA-TRENDYOL,2018-08-23,context_mention,completed reference,Alibaba Group,Mainland China,Trendyol,e-commerce,İstanbul,Trendyol,acquisition,,,,,Dünya,"Alibaba.com Türkiye Müdürü Cüneyt Erpolat, Alibaba'nın Trendyol'u satın almasının Türkiye'ye duydukları güvenin en büyük göstergelerinden olduğunu belirterek, ""Gidecek çok yolumuz var. … Erpolat yaptığı açıklamada, Alibaba.com'un 2009 yılından beri Türkiye'de aktif olarak bulunduğunu aktararak, Türkiye'nin Alibaba grubu için çok önemli olduğunu ve 8-9 yıl içerisinde Türkiye'de çok ciddi bir ivme katettiklerini söyledi.",Alibaba.com Turkey head: Alibaba bought Trendyol; Alibaba.com active since 2009 (original June-2018 deal article not in archive),Erpolat: Türkiye'de yapacağımız çok işimiz var,https://www.dunya.com/sirketler/erpolat-turkiyede-yapacagimiz-cok-isimiz-var-haberi-425829,dunya_425829
a4826bc8e1e9,REEDER-SAMSUN-CN-PARTNER,2018-08-31,context_mention,plant opened,Unnamed Chinese phone maker,Mainland China,Reeder,Electronics,Samsun,Samsun OSB,Strategic partner support,,,180,,Dünya,"Yerli akıllı cep telefonu ve tablet bilgisayar firması Reeder'ın Samsun'da açtığı fabrikada 180 kişi istihdam ediliyor. … Yerli akıllı cep telefonu ve tablet bilgisayar firması Reeder, Samsun'da 180 kişinin istihdam edildiği fabrika açtı.",Route C find: plant opening; Chinese partner not mentioned in this article,"Reeder, Samsun'da fabrika açtı",https://www.dunya.com/sirketler/reeder-samsunda-fabrika-acti-haberi-426425,dunya_426425
7f9210a974da,SENSTONE-TOURISM-2018,2018-09-27,investment_evidence,investment plan announced,Senstone Capital,Mainland China,,Tourism / food,İstanbul,,Acquisition / investment plan,150,USD mn,,,Aydınlık,"ÇİNLİ dev Senstone Capital’in Genel Müdürü John Zing, ikincisi düzenlenen ‘Uluslararası Ekonomik Gelişme Zirvesi’nde Türkiye ve Çin arasında yapılabilecek işbirliklerini görüşmek üzere Türkiye’ye geldi. … Hürriyet’e konuşan Zing, Türkiye’de turizm ve gıda alanında 150 milyon dolarlık yatırım yapacaklarını, satın almayı planladıkları oteller arasında Grand Hyatt Oteli’n de olduğunu söyledi. … Türkiye’de sadece İstanbul’da değil başka bölgelerde de yatırım ya da satın alma arayışları olduğunu anlatan Zing, “Türkiye Çin için çok uygun bir ülke.",Senstone Capital plans 150m USD in tourism and food; Grand Hyatt among hotels it wants to buy (Sept 2018),Çinli dev işbirliği için Türkiye'ye geldi,https://www.aydinlik.com.tr/haber/cinli-dev-isbirligi-icin-turkiyeye-geldi-103994,aydinlik_103994
be092111655f,TURK-TELEKOM-CN-RUMOR,2018-09-27,context_mention,rumor,Tatwah,Mainland China,OTAŞ / lenders' SPV,telecom,,,55% stake,,,,,Dünya,"Ayrıca, Çinli Tatwah şirketinin Türk Telokom'un borçları nedeniyle devralınan yüzde 55'lik hisseleri almak için girişimlerde bulunduğu yönündeki söylemler de kurda bu yöndeki hareketleri ivmelendirdi.",market talk moved TL,"Borsa 100.000'i geçti, dolar 6'nın altını gördü",https://www.dunya.com/finans/haberler/borsa-100000i-gecti-dolar-6nin-altini-gordu-haberi-428684,dunya_428684
4a313be6e5e2,TURK-TELEKOM-CN-RUMOR,2018-09-27,investment_evidence,talks reported,Tatwah,Mainland China,Türk Telekom SPV (banks),telecom,,,55% stake,,,,,Dünya,"Çinli Tatwah'ın Türk Telekom'daki yüzde 55 SPV hissesini almak için görüştüğü iddia edildi. … Bloomberg News, Çinli Tatwah'ın Türk Telekom'daki yüzde 55 SPV hissesini almak için görüştüğünü yazdı. … Türk Telekom'dan konuya ilişkin yaptığı açıklamada herhangi güncel bir gelişmenin kendilerine iletilmediği belirtildi. … Türk Telekom'un Kamuyu Aydınlatma Platformu'nda yer alan açıklamasında, bugün bazı medya sitelerinde, Ojer Telekomünikasyon AŞ'nin Türk Telekomünikasyon AŞ'deki yüzde 55 hissesinin satışına ilişkin haberler yayınlandığı belirtildi.",Bloomberg; Türk Telekom: no update communicated,"""Tatwah, Türk Telekom'u almak için görüşüyor""",https://www.dunya.com/sirketler/tatwah-turk-telekomu-almak-icin-gorusuyor-haberi-428693,dunya_428693
48b3c2942758,KANAL-ISTANBUL-CN,2018-09-28,investment_evidence,offer reported,Chinese finance and construction firms incl. Bank of China,Mainland China,,Infrastructure,İstanbul,,Tender (model undecided),65000,USD mn,,,Aydınlık,"Çinli finans ve inşaat firmalarının Kanal İstanbul projesi karşılığında 30 milyar dolarlık döviz getirme teklifinde bulunduğu iddia edildi. … Çinli şirketlerin teklifinin toplam 65 milyar dolarlık yatırım yapma sözü içerdiği kaydedildi. … Dünyanın en büyük finans ve bankacılık devlerinden Bank of China'nın da yer aldığı ifade edilen Çinli grupların tekliflerinin kabul edilmesi halinde, 30 milyar dolarlık sıcak parayı Türkiye'ye hemen transfer edip bankacılık sistemine mevduat olarak sokma taahhüdünde bulundukları kaydediliyor.","Reported Chinese offer: 30bn USD inflow and 65bn investment for Kanal İstanbul (citing Sözcü, Sept 2018)",Çin Türkiye'de mega yatırıma hazır,https://www.aydinlik.com.tr/haber/cin-turkiyede-mega-yatirima-hazir-104091,aydinlik_104091
3bba2a6c1050,BANK-OF-CHINA-TURKEY,2018-10-19,company_news,permit,Bank of China Turkey A.Ş.,Mainland China,,banking,,,activity permit,,,,,Dünya,"Banka, destek ve danışmanlık hizmeti sunabilecek. … Bankacılık Düzenleme ve Denetleme Kurumu'nca (BDDK), Bank of China Turkey AŞ'ye, yurt içi ve yurt dışında kurulu banka ve diğer finansal kuruluşlara destek ve danışmanlık hizmeti sunmasına izin verildi.",support/consulting permit,BDDK'dan Bank of China'ya izin çıktı,https://www.dunya.com/finans/haberler/bddkdan-bank-of-chinaya-izin-cikti-haberi-430352,dunya_430352
7461b516e996,REEDER-SAMSUN-CN-PARTNER,2018-10-19,context_mention,reference,Unnamed Chinese phone maker,Mainland China,Reeder,Electronics,Samsun,Samsun,Strategic partner support,,,,,Dünya,"Türkiye'nin cep telefonu ve tablet bilgisayar firması Reeder'in Samsun'daki fabrikasında üretilen ilk tuşlu cep telefonu olan F1, Bilgi Teknolojileri ve İletişim Kurumunun (BTK) onayının ardından piyasaya sürülecek. … Reeder Yönetim Kurulu Üyesi Maggiu Fu, yaptığı açıklamada, sektöre 2009 yılında e-kitap okuyucu ile giriş yaptıklarını söyledi. … Bu yüzden Samsun'da fabrika yatırımı yaptık.",Route C find: Reeder board member Maggiu Fu; no Chinese ownership stated,Yerli üretim tuşlu cep telefonu yurt dışına da satılacak,https://www.dunya.com/sektorler/teknoloji/yerli-uretim-tuslu-cep-telefonu-yurt-disina-da-satilacak-haberi-430372,dunya_430372
8e6b1b5e9bf0,IGG-ISTANBUL-OFFICE,2018-10-23,other_news_source,office announced,IGG,,,,,,,,,,,Gaming in Turkey,"IGG, headquartered in Singapore and listed in Hong Kong, plans an Istanbul office, its 16th worldwide, with a first team of about 100 people and Turkish-language game releases.",,IGG Will Employ 100 People in the Turkish Gaming Industry,https://www.gaminginturkey.com/en/igg-will-employ-100-people-in-the-turkish-gaming-industry/,
5ff2ec54bd82,PIRELLI-CHEMCHINA,2018-11-06,investment_evidence,expansion announced,Prometeon Tyre Group (ex-Pirelli Industrial; ChemChina-controlled),Chinese-owned foreign brand,,tyres (industrial),Kocaeli,İzmit plant,capacity expansion,115,USD mn (2017-2020),,,Dünya,"İtalyan lastik üreticisi Pirelli'nin lisansıyla endüstriyel lastik üreten Prometeon, Türkiye'deki üretim kapasitesini artırmak için 2020 yılına kadar 115 milyon dolar yatırım yapacak. … Pirelli'nin lisanslı üreticisi Prometeon Lastik Grubu, Türkiye'nin ilk lastik fabrikası olan İzmit'teki tesisinde üretimi artırmak ve ileri teknolojileri uygulamak hedefiyle 2017-2020 döneminde Türkiye'de yaklaşık toplam 115 milyon dolar yatırım yapacağını duyurdu.",HIDDEN Chinese control via ChemChina (not stated in article),Prometeon'dan 115 milyon dolar yatırım,https://www.dunya.com/sirketler/prometeondan-115-milyon-dolar-yatirim-haberi-431692,dunya_431692
5ad8703fb927,THIRD-NPP-SNPTC,2018-11-09,context_mention,reference,PRC,Mainland China,,energy (nuclear),Thrace,,3rd NPP,,,,,Dünya,Diğeri de Çinlilerle Trakya lokasyonlu bir projemiz var.,,"""Türkiye için yüzde 25 muafiyet var""",https://www.dunya.com/sektorler/enerji/turkiye-icin-yuzde-25-muafiyet-var-haberi-431952,dunya_431952
c4bd3784af10,PIRELLI-CHEMCHINA,2018-11-13,other_news_source,USD 115 million investment for 2018–2020 announced,Prometeon Tyre Group (ChemChina/Sinochem group),,,,,,,,,,,Invest in Türkiye (Presidency Investment Office),Prometeon to invest an additional USD 115 million during 2018–2020; exports to 75 countries to double from USD 125 million to USD 250 million (Minister Varank); COO Gregorio Borgo says investment will boost factory output.,,Pirelli's Licensed Manufacturer Prometeon Invests in Türkiye,https://www.invest.gov.tr/en/news/news-from-turkey/pages/pirellis-licensed-manufacturer-prometeon-invests-in-turkey.aspx,
fbe4ecec37c0,YSS-BRIDGE-CN-STAKE,2019-02-04,context_mention,claim by opposition,Chinese buyers,Mainland China,Astaldi,transport infrastructure,İstanbul,3rd bridge,stake purchase,,,,,Dünya,"Öztrak, 16 yıldır kurulan hortumcu piyasa ekonomisinin boyasının dökülmeye başladığını, bu sistemle kurulan köprülerin üzerine ""sahibinden satılık"" ilanlarının asıldığını ileri sürerek, İstanbul'daki 3'üncü Köprünün yabancı ortağının hisselerini Çinlilere satmanın yolunu aradığını dile getirdi.",CHP claim,CHP: Ekonomik kriz her geçen gün biraz daha derinleşiyor,https://www.dunya.com/gundem/chp-ekonomik-kriz-her-gecen-gun-biraz-daha-derinlesiyor-haberi-438718,dunya_438718
acff8a8376f8,YSS-BRIDGE-CN-STAKE,2019-02-08,investment_evidence,interest in Astaldi stake,unnamed Chinese investors,Mainland China,IC İçtaş,Transport infrastructure,İstanbul,,Acquisition (51%),,,,,Aydınlık,"HaberTürk'den Olcay Aydilek'in haberine göre Çinliler; Osmangazi ve Yavuz Sultan Selim köprüleri ile Kuzey Otoyolu’ndan çıkmak isteyen İtalyan Astaldi’nin hisselerinin yanı sıra inşa edilecek köprü ve otoyolları da izlemeye aldı. … Ulaştırma ve Altyapı Bakanı Cahit Turhan, Yavuz Sultan Selim ve Osmangazi köprülerinin ortakları arasında İtalyan Astaldi’nin bulunduğunu anımsatarak, “Astaldi, ekonomik sıkıntı yaşıyor, dünya genelinde. … Hisselerini devretmek istiyor. … Çinliler de ilgileniyor” dedi.",Chinese investors watching Astaldi's stakes in YSS and Osmangazi bridges; minister confirms Chinese interest (Feb 2019),"Otoyol, köprü ve enerji projelerine Çin ilgisi",https://www.aydinlik.com.tr/haber/otoyol-kopru-ve-enerji-projelerine-cin-ilgisi-117803,aydinlik_117803
b07f39b8609b,THIRD-NPP-SNPTC,2019-03-01,investment_evidence,interest,Chinese companies,Mainland China,,energy (nuclear) / banking,Thrace,,3rd NPP; new banking investments,,,,,Dünya,"Çin, Trakya bölgesinde kurulması planlanan 3. nükleer santral projesiyle yakından ilgileniyor. … Ayrıca bankacılık alanında da ICBC'den sonra yeni yatırımlar gündeme gelebilir. … Çin'in Ankara Büyükelçisi Deng Li, Çinli şirketlerin Türkiye'de üçüncü nükleer santral projesi dahil büyük enerji ve altyapı projeleri ile ilgilendiğini belirterek, Ankara'nın Sincan Uygur Özerk Bölgesi'ne yönelik son dönemde ön plana çıkan eleştirilerinin sürmesinin ise ticari ve ekonomik ilişkileri olumsuz etkileyebileceği uyarısında bulundu. … Deng, Çin-Türkiye dış ticaret hacminin 2018'de 21.5 milyar dolar olduğunu, Türk tarafına yatırımların 360 milyon dolar arttığını ve Türkiye'ye gelen Çinli turistlerin sayısının yüzde 60 artışla 400 bine ulaştığını belirterek, ""Somut bir 2019 hedefi söyleyemiyorum ama bir çok Çinli şirket burada yatırım yapmak istiyorlar.",ambassador Deng Li: Chinese firms want to invest; investments rose 360m USD in 2018,"Çin, nükleer ve bankacılıkta Türkiye'ye yatırımı değerlendiriyor",https://www.dunya.com/finans/haberler/cin-nukleer-ve-bankacilikta-turkiyeye-yatirimi-degerlendiriyor-haberi-440424,dunya_440424
817e1e4dcbe8,HUAWEI-ISTANBUL-RND,2019-03-08,company_news,status,Huawei Turkey,Mainland China,,telecom R&D,İstanbul,Ümraniye,technology base,,,,,Dünya,"Dünyanın önde gelen yazılım ve donanım üreticilerinden Huawei, İstanbul'da büyük kısmını Türk mühendislerin oluşturduğu ekibiyle, nesnelerin interneti (IoT), yapay zeka, bulut ve akıllı/güvenli şehir teknolojileri üretiyor. … Openlab programıyla destek sağladığı, 33 Türk teknoloji firmasıyla birlikte yerli teknolojiler geliştiren Huawei Türkiye, ülkenin 5G dönüşümüne ve 2023 hedeflerine destek veriyor. … Ümraniye'de bulunan merkezinde hizmet veren Huawei Türkiye, birçok bakanlık, belediye, kamu otoritesi ve özel şirketle birlikte 5G, nesnelerin interneti, yapay zekâ, bulut ve akıllı/güvenli şehir çözümleri geliştiriyor.",,"İstanbul, Huawei'nin teknoloji üssü oldu",https://www.dunya.com/sektorler/teknoloji/istanbul-huaweinin-teknoloji-ussu-oldu-haberi-440918,dunya_440918
48c99235a2fb,CN-FACTORY-BUYERS-2019,2019-03-15,general_signal,inquiries,Chinese and other foreign visitors,Mainland China,,HVAC / ceramics,,,,,,,,Dünya,"İkili görüşmelerle önemli anlaşmalara imza atılırken, fuara Çin başta olmak üzere yabancıların Türkiye’de ‘satılık fabrika var mı?’ sorusu damga vurdu. (Ferit Parlak) … Çinliler, Almanlar ve İtalyanlar başta olmak üzere yabancılar da Türkiye’nin avantajlı hale geldiğinin farkında. … Fuar süresince, birçok yabancının, ‘Satılık fabrika var mı?” sorusuyla karşılaştım” şeklinde konuştu.",'Is there a factory for sale?' questions at fair,Hedef doğal gaz fiyatlarına bağlı,https://www.dunya.com/ekonomi/hedef-dogal-gaz-fiyatlarina-bagli-ozel-haberi-441369,dunya_441369
404c9bd146b5,ZTT-TURKEY,2019-03-20,context_mention,completed reference,ZTT Company,Mainland China,Saudi Cable Company,cables,Bilecik,Demirer Kablo,acquisition,66.7,USD mn,300,,Dünya,"Demirer Kablo'yu da Çinlilere satmışlardı … Suudi Arabistan merkezli Saudi Cable Company tamamına sahip olduğu Demirer Kablo'daki paylarını 66.7 milyon dolar Çinli ZTT Company şirketine satmıştı. … Telekomünikasyon ve sinyal kabloları üreten şirket aynı zamanda her türlü kablo aksesuar üretimini de gerçekleştiren Demirer, 300 kişiye istihdam sağlıyor, 60'tan fazla ülkeye ihracat yapıyor. 1954 yılında kurulan Demirer Kablo'nun internet sitesinde ""Türkiye'nin ilk ve tek YG ve EYG aksesuar üreticisiyiz"" ifadesi yer alıyor.",,Suudiler Türkiye'de satışta,https://www.dunya.com/kose-yazisi/suudiler-turkiyede-satista/441646,dunya_text188687
b877142ec0fc,THIRD-NPP-SNPTC,2019-03-22,context_mention,talks ongoing,PRC,Mainland China,,energy (nuclear),,,3rd NPP,,,,,Dünya,Üçüncü projeyle alakalı Çin’le görüşmelerimiz devam ediyor.,,BUÜ'de 'Dünyada ve Türkiye’de Enerji Görünümü' konuşuldu,https://www.dunya.com/gundem/buude-dunyada-ve-turkiyede-enerji-gorunumu-konusuldu-haberi-441872,dunya_441872
693db32a8479,ALIPAY-TURKEY,2019-05-21,other_news_source,launch,Alipay (Ant Group),,,,,,,,,,,Habertürk,"Alipay launched in Turkey with ininal as local partner, letting Chinese tourists pay with the app at tourism businesses in Istanbul and Cappadocia.",,"Alibaba'nın ödeme platformu Alipay, Türkiye pazarına girdi",https://www.haberturk.com/alibabanin-odeme-platformu-alipay-turkiye-de-2470951-teknoloji,
e468e8f829fe,TTX-DUZCE-KITCHENWARE,2019-06-27,other_news_source,investment decision,TTX Group,,,,,,,,,,,Mynet (İHA),"Representatives of the Chinese TTX Group visited Düzce and said they had decided to build a kitchen equipment factory in Çilimli OSB employing 300 people, to start in November; they expected to bring at least five more Chinese investors.",,Çinli firmadan Düzce'ye yatırım,https://www.mynet.com/cinli-firmadan-duzceye-yatirim-180104556149,
e2990887df49,ALIPAY-TURKEY,2019-08-05,context_mention,reference,Alipay; WeChat Pay,Mainland China,,payments,,,partnership,,,,,Dünya,Nakit ve kredi kartı kullanmayan Çinli turistin ‘We Chat Pay’ ve ‘Ali Pay’ ile ödeme yapabilmesi için izin gerekiyor.,Hoteliers ask for permission so that Chinese tourists can pay with Alipay and WeChat Pay,"'Ali Pay'e izin çıksın, 1 milyon Çinli turist gelir!",https://www.dunya.com/ekonomi/ali-paye-izin-ciksin-1-milyon-cinli-turist-gelir-ozel-haberi-451381,dunya_451381
0ece2da51290,HUNUTLU-EMBA-SHANGHAI-ELECTRIC,2019-10-04,context_mention,zone declared,EMBA Elektrik Üretim A.Ş.,Mainland China,EMBA,energy (imported coal),Adana,Yumurtalık (Hunutlu),special industrial zone + 1320 MW plant,1100,USD mn,3000 construction; 550 operation,1320 MW,Dünya,"Adana'da kurulacak EMBA Elektrik Üretim AŞ Özel Endüstri Bölgesi'nde de bin 320 megavat güce sahip bir termik santral üretime geçecek. … Bölgede yıllık 9,9 milyon megavatlık enerji üretimi planlanırken, söz konusu santral her biri 660 megavat kurulu güce sahip 2 üniteden oluşacak. … Yaklaşık 1,1 milyar dolara kurulacak santralin inşaat döneminde 3 bin, işletme döneminde ise yaklaşık 550 kişi istihdam edilecek.",no Chinese mention in this article; project linked via other reports,Yeni yatırımlar için 3 özel endüstri bölgesi daha geliyor,https://www.dunya.com/gundem/yeni-yatirimlar-icin-3-ozel-endustri-bolgesi-daha-geliyor-haberi-454701,dunya_454701
fe61258fd6e8,YSS-BRIDGE-CN-STAKE,2019-10-04,investment_evidence,talks ongoing,unnamed Chinese investors,Mainland China,IC İçtaş,Transport infrastructure,İstanbul,,Acquisition (51%),,,,,Aydınlık,İstanbul Yavuz Sultan Selim Köprüsü’nde İtalyan şirketin payını almak için görüşmelere devam ediyorlar.,talks to take over the Italian partner's share in YSS bridge continue (Oct 2019),Çin'den Türkiye'ye yatırım hamlesi,https://www.aydinlik.com.tr/haber/cinden-turkiyeye-yatirim-hamlesi-135154,aydinlik_135154
3f0d01e6ce10,OPPO-TURKEY-PLANT,2019-10-07,company_news,opened,OPPO,Mainland China,,consumer electronics,,,call centre (outsourced),,,,,Dünya,"Oppo, daha iyi bir müşteri deneyimi yaşatma hedefiyle Türkiye'de çağrı merkezi hizmete açtı. … Oppo'dan yapılan açıklamaya göre, şirket, müşterilerine daha hızlı ve kapsamlı çözümler sunabilmek için şimdiye kadar global ofisinden destek alarak verdiği çağrı merkezi hizmetini Türkiye'ye taşıdı.",,"Oppo, Türkiye'deki çağrı merkezini hizmete açtı",https://www.dunya.com/sektorler/teknoloji/oppo-turkiyedeki-cagri-merkezini-hizmete-acti-haberi-454875,dunya_454875
75e6cbc53fce,ETI-MADEN-BORON-CARBIDE,2019-10-24,contractor_or_finance_only,epc,China Machinery Engineering Corp (CMEC),Mainland China,Eti Maden,chemicals (boron carbide),Balıkesir,,plant construction (PPP),,,250,,Dünya,"Çinliler kuracak, 250 kişi çalışacak … İleri teknolojili ürünlerin üretiminde kullanılan bor karbür yatırımı kamu-özel işbirliği içerisinde gerçekleştirilecek. … Tesisleri Çin’de yerleşik, China Machinery Engineering Corporation (CMEC) inşa edecek. … Kurulacak tesiste yaklaşık 250 kişi istihdam edilecek.",CMEC to build plant,Bordaki katma değeri 2 bine katlayacak yatırım,https://www.dunya.com/sektorler/enerji/bordaki-katma-degeri-2-bine-katlayacak-yatirim-haberi-455784,dunya_455784
0c2102b3bca0,ETI-MADEN-BORON-CARBIDE,2019-11-21,contractor_or_finance_only,plant under construction,China Machinery Engineering Corporation,Mainland China,Eti Maden,Chemicals,Balıkesir,Bandırma,EPC + technology transfer,70,USD mn,,,Aydınlık,"Çin ve Eti Maden’in ortak işleteceği tesis; helikopterler, uçaklar, hafif zırhlı araçların üretimine katkı sunacak. … China Machinery Engineering Corporation ile Eti Maden ortaklığıyla açılan tesis, ABD’yi rahatsız etti. … Eti Maden İşletmeleri Genel Müdürlüğünden emekli, iktisatçı Mustafa Ertek, ""Çin-Türk ortaklığı olan stratejik Bor Karbür Üretim Fabrikası, Avrasya açılımına somut bir adım"" dedi. 70 MİLYON DOLARLIK YATIRIM Çinli şirketle ortaklaşa olarak, Bandırma’da Bor Karbür Tesisi inşa edilerek 25 yıl çalıştırılacak. … Tesisin 70 milyon dolara mal olacağı belirtildi.","CMEC–Eti Maden boron carbide plant in Bandırma, 70m USD, to run 25 years (Nov 2019)",Bor Karbür Fabrikası: Avrasya açılımına somut adım,https://www.aydinlik.com.tr/haber/bor-karbur-fabrikasi-avrasya-acilimina-somut-adim-138916,aydinlik_138916
e542547b8cea,KERRY-LOGISTICS-TURKEY,2019-11-21,other_news_source,acquisition completed,Kerry Logistics,,,,,,,,,,,FreightWaves,"Kerry Logistics acquired a majority stake in ASAV, one of the largest air forwarders in Turkey, with five offices in Istanbul and one each in Bursa and İzmir and a 452,000 sq ft warehouse in Istanbul; stake and price are not disclosed.",,Kerry Logistics acquires ASAV majority stake,https://freightwaves.com/news/kerry-logistics-acquires-asav-majority-stake,
77f16b66e7b0,KERRY-LOGISTICS-TURKEY,2019-11-22,investment_evidence,acquired,Kerry Logistics,Hong Kong,ASAV Lojistik,logistics,İstanbul; Bursa; İzmir,ASAV,majority acquisition,,,,,Dünya,"Hong Konglu Kerry Logistic, hava taşımacılığının önemli isimlerinden ASAV Lojistik’in çoğunluk hissesini satın aldı. … Avrupa’daki payını da artırma hedefinde olan Hong Kong merkezli Kerry Logistic, hava taşımacılığının önemli şirketlerinden İstanbul merkezli ASAV Lojistik’in çoğunluk hissesini satın aldı. … İstanbul, Bursa ve İzmir’in yanı sıra Hollanda’da da ağı bulunan ASAV’ın toplam 7 ofisi bulunuyor.",,Türk lojistik şirketine ortak oldu,https://www.dunya.com/sirketler/turk-lojistik-sirketine-ortak-oldu-haberi-457408,dunya_457408
97cb90ffb1a2,KERRY-LOGISTICS-TURKEY,2019-11-25,context_mention,acquired,Kerry Logistics,Hong Kong,ASAV,logistics,İstanbul,ASAV,majority acquisition,,,,,Dünya,"Bu listeye geçtiğimiz hafta bir dünya devi daha eklendi ve Hong Kong merkezli Kerry Logistics, Türk şirketi ASAV’ın çoğunluk hissesini bünyesine kattı. … Türkiye’ye Shangrı-La oteliyle girmişti … Geçtiğimiz hafta ilk kez dunya. com’dan duyurduğumuz haberde Avrupa’daki payını da artırma hedefinde olan Uzakdoğulu Kerry Logistics, hava taşımacılığının önemli şirketlerinden İstanbul merkezli ASAV Lojistik’in çoğunluk hissesini satın aldı.",Kerry group earlier entered via Shangri-La hotel,Dünyayı taşıyanlar Türkiye’ye taşınıyor,https://www.dunya.com/sektorler/dunyayi-tasiyanlar-turkiyeye-tasiniyor-haberi-457533,dunya_457533
7437078efe70,MERSIN-RAIL-CN,2019-12-03,contractor_or_finance_only,preliminary talks,unnamed Chinese firms,Mainland China,Mersin Metropolitan Municipality,urban rail,Mersin,,finance + build package,,,,,Dünya,"Kent trafiğini rahatlatmak ve toplu ulaşım olanaklarını iyileştirerek araç kullanımını azaltmak amacıyla tramvay hatlarının da entegre edildiği Mersin Raylı Sistem Projesi hazırlayan Mersin Büyükşehir Belediyesi, kaynak için başvurduğu kamu bankalarından bulamayınca yurtdışına yöneldi. … Finansmanı ve inşaatı tek pakette birleştirerek yakın bir tarihte ihaleye çıkmaya hazırlanan Mersin Büyükşehir Belediyesi, aralarında Çin’in de olduğu üç farklı ülkeden firmalarla ve yerli firmalarla ön görüşmelerini tamamladı.",,Mersin Raylı Sistemi için yurtdışından yatırımcı aranıyor,https://www.dunya.com/ekonomi/mersin-rayli-sistemi-icin-yurtdisindan-yatirimci-araniyor-haberi-458018,dunya_458018
466aef0e22b0,YSS-BRIDGE-CN-STAKE,2019-12-23,investment_evidence,agreement,Jiangsu Expressway; Zhejiang Expressway; China Merchants Expressway (consortium),Mainland China,IC İçtaş (seller),transport infrastructure,İstanbul,"ICA (Yavuz Sultan Selim Bridge + North Marmara Motorway), 51%",acquisition (51%),659.13,USD mn,,,Dünya,"Çin'in dev şirketlerinden Jiangsu Expressway, Zhejiang Expressway ile China Merchants Expressway'ın oluşturduğu konsorsiyum, Yavuz Sultan Selim Köprüsü ve otoyol inşasını yapan ICA’nın yüzde 51'ini satın alacak. … Çinli bir konsorsiyum Yavuz Sultan Selim Köprüsü ve otoyol inşasını yapan konsorsiyum ICA’nın yüzde 51 hissesini 659.13 milyon dolara satın alacak.",,Çinliler 3. köprüye ortak oluyor,https://www.dunya.com/sirketler/cinliler-3-kopruye-ortak-oluyor-haberi-459184,dunya_459184
99c4d1c6bdc1,ALIPAY-TURKEY,2019-12-25,company_news,partnership extended,Alipay (Ant Group),Mainland China,İş Bankası,payments,,,partnership,,,,,Dünya,"Türkiye’de yurtdışı ödeme kabulünde en geniş ödeme ağına sahip olan İş Bankası, sektörde bir ilk olarak, Alipay ödeme yöntemini fiziki POS’larına da taşıdı. … 2017 yılından bu yana elektronik ticaret işlemlerinde iş yerlerinin Alipay ile ödeme kabulünü sağlayan İş Bankası, bu yeni işbirliği sayesinde üye iş yerlerine Çinli tüketicilere hızlı ve güvenli bir şekilde kabul hizmeti sunma ve daha yüksek alışveriş hacimlerine ulaşma olanağı sağlıyor.",İş Bankası extends Alipay acceptance from e-commerce (since 2017) to physical POS,İş Bankası Alipay ile işbirliğini e-ticaretten sonra fiziki üye iş yerlerine taşıdı,https://www.dunya.com/finans/haberler/is-bankasi-alipay-ile-isbirligini-e-ticaretten-sonra-fiziki-uye-is-yerlerine-tasidi-haberi-459329,dunya_459329
08d08cb05cf4,YSS-BRIDGE-CN-STAKE,2020-01-07,investment_evidence,deal 2019 roundup,China Merchants Group,Mainland China,,transport infrastructure,İstanbul,3rd bridge + North Marmara Motorway,acquisition,688.5,USD mn,,,Dünya,"Yılın en büyük işlemleri arasında, çoğu yabancı yatırımcılar tarafından gerçekleştirilen China Merchants Group-Üçüncü Köprü ve Kuzey Marmara Otoyolu 688,5 milyon dolar, Mayhoola for Investments-Boyner Perakende 405,2 milyon dolar, Koç Holding-Yapı Kredi Bankası 402,6 milyon dolar; Eaton Capital-Ulusoy Elektrik 247 milyon dolar, Nippon Paint -Betek Boya 247 milyon dolar işlemleri yer aldı.",Deloitte M&A roundup counts it among 2019's largest deals,Türkiye'de birleşme ve satın almalar 10 yıl önceki seviyelere geriledi,https://www.dunya.com/ekonomi/turkiyede-birlesme-ve-satin-almalar-10-yil-onceki-seviyelere-geriledi-haberi-460073,dunya_460073
cab9c6e1b83e,YSS-BRIDGE-CN-STAKE,2020-01-10,investment_evidence,competition ruling,Chinese consortium,Mainland China,IC İçtaş,transport infrastructure,İstanbul,Third Bosphorus Bridge & North Marmara Motorway A.Ş.,share transfer,,,,,Dünya,"Köprü ve K. Marmara Otoyolu hisse devri izne tabi değil. … Rekabet Kurumu, Üçüncü Boğaz Köprüsü ve Kuzey Marmara Otoyolu Yatırım ve İşletme A.Ş. hisse devri işleminin 'izne tabi olmadığına' karar verdi.",Competition Authority: share transfer not subject to authorisation,Rekabet Kurumu: 3. Köprü ve K. Marmara Otoyolu hisse devri izne tabi değil,https://www.dunya.com/ekonomi/rekabet-kurumu-3-kopru-ve-k-marmara-otoyolu-hisse-devri-izne-tabi-degil-haberi-460301,dunya_460301
ddf0c0b17ddb,ALIBABA-TRENDYOL,2020-01-22,general_signal,meeting request,Alibaba,Mainland China,,e-commerce,,,,,,,,Dünya,P&G ve Alibaba'nın da görüşme talepleri var. … P&G ve Alibaba'nın da görüşme talepleri var.,minister: Alibaba requested meeting,Pekcan: Yatırım düşünen dünya çapındaki firmalardan randevu talepleri var,https://www.dunya.com/finans/haberler/pekcan-yatirim-dusunen-dunya-capindaki-firmalardan-randevu-talepleri-var-haberi-460999,dunya_460999
e53e4c293c03,TVF-SINOSURE-MOU,2020-03-26,general_signal,mou signed,China Export & Credit Insurance (Sinosure),Mainland China,Türkiye Varlık Fonu,finance / insurance,,,MoU: recommend Chinese investors/contractors; up to 5bn USD insurance,5000,USD mn (insurance support),,,Dünya,"Türkiye Varlık Fonu (TVF) ile Çin İhracat ve Kredi Sigortası Kurumu (Sinosure), iki ülke arasındaki ekonomik, ticari ve yatırım iş birliğini artırmak için 5 milyar dolar tutarında mutabakat belgesi imzaladı. … Bu hafta imzalanan belgeye göre Sinosure, TVF’nin cari açığın azaltılmasına dönük enerji, petrokimya ve madencilik sektörlerindeki projelerine Çinli yatırımcı, müteahhit ve finansal kurumları tavsiye edecek. … Ayrıca Sinosure ilgili projelerin finansman şartlarına bağlı olarak 5 milyar dolarına kadar sigorta desteği de sunabilecek.",,Varlık Fonu ile Sinosure arasında işbirliği,https://www.dunya.com/finans/haberler/varlik-fonu-ile-sinosure-arasinda-isbirligi-haberi-465982,dunya_465982
504f278f72f8,EGIRDIR-PSH-GEZHOUBA,2020-04-09,contractor_or_finance_only,epc signed,China Gezhouba Group,Mainland China,KAF Teknik Yapı; GE,energy (pumped hydro),Isparta,Eğirdir,EPC contract,1500,USD mn,,1000 MW,Dünya,"Çinli Gezhouba Group, KAF Teknik Yapı ve General Elektrik iş birliğiyle Isparta'da Eğirdir Gölü için projelendirilen 1000 megavatlık pompaj depolamalı hidroelektrik santralinin inşaatına Ocak 2022'de başlanması planlanıyor. … Roub, Isparta'da 1000 megavatlık pompaj depolamalı hidroelektrik santrali kurulması için China Gezhouba Group ile KAF Teknik Yapının 1,5 milyar dolarlık mühendislik, tedarik ve inşaat sözleşmesi imzaladığını, santralde General Elektrik'in de 4 adet 250 megavatlık özel çift yönlü türbin ve ekipmanlarının kullanılacağını belirtti.",,"Türkiye'nin enerjisine 1,5 milyar dolarlık yatırım",https://www.dunya.com/sektorler/enerji/turkiyenin-enerjisine-15-milyar-dolarlik-yatirim-haberi-467316,dunya_467316
aa653f74683a,HAIER-ESKISEHIR-PLANT,2020-06-11,investment_evidence,under construction,Haier,Mainland China,,white goods,Eskişehir,Eskişehir OSB,greenfield factory,,,,,Dünya,"“Beyaz eşya üreticisi Çinli Haier, OSB’de yatırıma başladı” … Bu kapsamda dünyanın en büyük beyaz eşya üreticisi Çinli Haier şirketi de Eskişehir OSB’yi tercih etti ve geçen yıl yatırıma başladı. … Fabrika inşaatı devam ediyor.",started investment last year; factory construction ongoing,Eskişehir’e beş ayda 27 yeni yatırımcı geldi,https://www.dunya.com/ekonomi/eskisehire-bes-ayda-27-yeni-yatirimci-geldi-haberi-472480,dunya_472480
52664a8bc94b,H3C-TURKEY,2020-07-08,investment_evidence,distribution deal; investment planned,H3C,Mainland China,Boğaziçi Bilgisayar,ICT hardware,İstanbul,,Office + JV factory (plan),,,,,Aydınlık,"Philips, Dyson, Kyocera ve Corsair gibi dünya teknoloji devlerinin Türkiye partneri olan Boğaziçi Bilgisayar, Çin merkezli router, modem ve switcher üreticisi H3C ile distribütörlük anlaşması imzaladı. … Tecde Group bünyesinde faaliyetlerini sürdüren Boğaziçi Bilgisayar bu yılın başı itibariyle H3C ile satış ve pazarlama alanında iş birliği ve projeler yürütüyor. 2019’u 5 milyar dolar ciro ile kapatan Çinli teknolojik alt yapı firmasının gelecek yıl Türkiye’de yatırım yapması hedefleniyor. … H3C ile bu pastadan yüzde 10 pay almamız halinde Çinli şirketten ülkemize fiziki yatırım gerçekleşecek.",H3C distribution deal; physical investment planned for next year (July 2020),Çinli teknoloji devi Türkiye’ye yatırıma geliyor,https://www.aydinlik.com.tr/haber/cinli-teknoloji-devi-turkiyeye-yatirima-geliyor-212537,aydinlik_212537
588a2a60697d,H3C-TURKEY,2020-07-09,investment_evidence,office and partner,H3C Group,Mainland China,Boğaziçi Bilgisayar (Tecde Group),"ICT hardware (routers, switches)",İstanbul,,office + distribution partnership (investment step),,,,,Dünya,"Çin’in en önemli teknoloji şirketlerinden olan H3C Group, Avrupa’ya ilk adımını Türkiye’den atma kararı aldı. … Japonya, Güney Kore, Singapur gibi ülkelerle birlikte Türkiye’de de bir ofis kuran şirket, şimdi de yatırım için düğmeye bastı. … Yaklaşık 5 milyar dolarlık cirosu bulunan H3C, bu konuda da Türkiye’nin en köklü teknoloji şirketlerinden biri olan Boğaziçi Bilgisayar’ı kendine partner olarak seçti. … 1984 yılında kurulan, Philips, Dyson, Kyocera ve Corsair gibi dünya teknoloji devlerinin Türkiye iş ortağı olan Boğaziçi Bilgisayar, Çin merkezli router, modem ve switcher üreticisi H3C ile distribütörlük anlaşması imzaladı.",chose Turkey as first step into Europe,Çinli teknoloji devi Türkiye’ye yatırıma geliyor,https://www.dunya.com/kose-yazisi/cinli-teknoloji-devi-turkiyeye-yatirima-geliyor/474704,dunya_text123675
8a4e68a41339,ALIBABA-TRENDYOL,2020-07-12,context_mention,completed reference,Alibaba Group,Mainland China,Trendyol,e-commerce,İstanbul,Trendyol,acquisition,,,,,Dünya,"Hepsiburada.com ile başlayan, gittigidiyor.com, Markafoni, ile devam eden yabancı ilgisi bu alanda son olarak Trendyol’un Çinli Alibaba Group tarafından satın alınmasıyla devam etti.",,54 şubeli Türk şirketi Vivense satılıyor,https://www.dunya.com/sirketler/54-subeli-turk-sirketi-vivense-satiliyor-haberi-474961,dunya_474961
84eed8418963,KALYON-PV-FACTORY-CETC,2020-08-18,contractor_or_finance_only,contract signed,CETC (China Electronics Technology Group),Mainland China,Kalyon Holding,Solar manufacturing,Ankara,,Equipment supply and installation,400,USD mn (factory),1500,500 MW/yr,Aydınlık,"Kalyon Holding, geçtiğimiz yıl Çin’in ve dünyanın en büyük şirketleri arasında olan Çin Elektronik ve Teknoloji Grup Şirketi (CETC) ile entegre güneş paneli fabrikasının ekipman tedariği ve kurulumu için anlaşma imzalamıştı. 24 Ekim 2019 tarihinde Çin’de imzalanan anlaşma törenine başta Kalyon Grup Yönetim Kurulu Başkanı Cemal Kalyoncu olmak üzere her iki şirketin yetkilileri ile birlikte Türkiye’nin Pekin Büyükelçisi Abdulkadir Emin Önen de katılmıştı.400 milyon dolarlık yatırımlık güneş paneli üretim tesisi Ankara’da kurulacak ve yaklaşık bin 500 kişiye istihdam sağlayacak ve yıllık panel üretim kapasitesi 500 megavat olacak.",CETC to supply and install equipment for Kalyon's 400m USD integrated panel factory in Ankara (agreement Oct 2019),Türk şirketlerden peş peşe Çin ile ortak güneş paneli fabrikası,https://www.aydinlik.com.tr/haber/turk-sirketlerden-pes-pese-cin-ile-ortak-gunes-paneli-fabrikasi-216190,aydinlik_216190
f6ac9ad62648,VIVO-GEBZE-PLANT,2020-08-20,investment_evidence,office opened,vivo,Mainland China,,Smartphones,İstanbul,,Production plant,,,,,Aydınlık,"Dünyanın en büyük akıllı telefon üreticilerinden Çin merkezli Vivo, Türkiye'ye geliyor. … Çin merkezli üretici Vivo, Türkiye'de ofis açarken gelecek hafta ilk modellerini tanıtacağını ve Eylül ayından itibaren de Türkiye'de satışa başlayacağını duyurdu.",vivo opens a Turkey office and starts sales (Aug 2020),Xiaomi ve Oppo'dan sonra Vivo da Türkiye'ye geliyor,https://www.aydinlik.com.tr/haber/xiaomi-ve-oppodan-sonra-vivo-da-turkiyeye-geliyor-216336,aydinlik_216336
64ce2d44032c,HUAWEI-ISTANBUL-RND,2020-09-27,company_news,status,Huawei Turkey R&D,Mainland China,,telecom R&D,İstanbul,,R&D centre,520,TRY mn (cumulative),,,Dünya,"Huawei Türkiye ise yaptığı basın açıklaması ile “Türkiye’ye inanıyoruz ve yatırım yapmaya devam ediyoruz” dedi. … Şirketin Türkiye’deki Ar-Ge Merkezi Direktörü Hüseyin Hai, merkezin 10’uncu yılına dair açıkalamasında Türkiye’ye yatırımların 520 milyon TL olduğunu ve şirketin Türkiye’de bilişim teknolojileri uzmanları yetiştirdiğini vurgulayarak “Türk mühendisler tarafından üretilen teknolojilerimiz, Avrupa'dan Güney Amerika'ya, Orta Doğu'dan Asya'ya dünyanın her yerinde kullanılmaktadır.",10th anniversary; 'we keep investing',"ABD uyardı, Huawei 'Türkiye'ye inanıyoruz' dedi",https://www.dunya.com/sektorler/teknoloji/abd-uyardi-huawei-turkiyeye-inaniyoruz-dedi-haberi-483130,dunya_483130
8e1e3ce4dcf5,TUZGOLU-GAS-STORAGE-TIANCHEN,2020-10-02,other_news_source,supplier contract signed,China CAMC Engineering; IC İçtaş,,,,,,,,,,,SAMM Teknoloji (company announcement),A Turkish supplier announced a contract signed with China CAMC Engineering – IC İçtaş for the Tuz Gölü underground natural gas storage project.,"IC İçtaş describes the expansion (phase II, from July 2019) as a joint venture with China CAMC Engineering.",Contract Signed for Tuz Gölü Natural Gas Underground Storage Project,https://samm.com/?p=2992,
ac8364a286d2,ALIBABA-TRENDYOL,2020-10-07,company_news,operations,Trendyol Express (Alibaba-controlled Trendyol),Mainland China,,e-commerce logistics,37 provinces,,delivery network expansion,,,3000 couriers,,Dünya,"Trendyol İcra Kurulu Üyesi Ozan Acar, e-ticaretin alternatif bir kanal olmaktan çıkarak en çok tercih edilen kanal haline geldiğini belirterek, ""Trendyol Express kargo operasyonumuzla 37 şehirde 100'den fazla şube ve 3 binden fazla taşıyıcıya ulaştık.",company operations news,"Trendyol Express, kargo operasyonuyla 3 binden fazla taşıyıcıya ulaştı",https://www.dunya.com/sirketler/trendyol-express-kargo-operasyonuyla-3-binden-fazla-tasiyiciya-ulasti-haberi-484362,dunya_484362
5b1c3aa371d3,TOGG-FARASIS-BATTERY,2020-10-20,investment_evidence,loi signed,Farasis Energy,Mainland China,TOGG,EV batteries,,,battery module/pack production + planned JV,,,,,Dünya,"TOGG ürün gamında kullanacağı batarya paketinde iş ortağı olarak dünyanın önde gelen Li-Ion batarya üreticilerinden Farasis’i seçti. … Varılan anlaşmaya göre TOGG’un batarya modülü ve paketi Türkiye’de üretilecek. … Bilişim Vadisi’nde TOGG Yönetim Kurulu üyelerinin de katılımıyla imzalanan kapsamlı niyet mektubu sonrası yapılan açıklamada, Farasis ile birlikte geliştirilen batarya modülü ve paketinin Türkiye’de üretiminin yanında, Türkiye ve çevresindeki ülkeler için enerji depolama çözümlerini bir ortak girişim şirketi çatısı altında sunacak stratejik ortaklık seçeceğinin de titizlikle değerlendirildiği ifade edildi.",,TOGG'dan batarya üretimi için önemli adım,https://www.dunya.com/sirketler/toggdan-batarya-uretimi-icin-onemli-adim-haberi-485954,dunya_485954
3d5d95b38157,TOGG-FARASIS-BATTERY,2020-10-20,investment_evidence,announced by minister,Farasis Energy,Mainland China,TOGG,EV batteries,,,battery module/pack production,,,,,Dünya,"Sanayi ve Teknoloji Bakanı Varank, ""Türkiye'nin Otomobili'nin batarya modülü ve paketi, Farasis ile birlikte Türkiye'de üretilecek. … Sanayi ve Teknoloji Bakanı Mustafa Varank, Türkiye'nin Otomobili'nin batarya modülü ve paketinin Farasis ile birlikte Türkiye'de üretileceğini belirterek, ""Böylece, batarya teknolojilerinde ülkemizde yeni kabiliyetler oluşacak, dışa bağımlılık azalacak ve mobilite ekosistemi hızla gelişecek.",,"""Türkiye'nin Otomobili'nin batarya modülü ve paketi Türkiye'de üretilecek""",https://www.dunya.com/gundem/turkiyenin-otomobilinin-batarya-modulu-ve-paketi-turkiyede-uretilecek-haberi-485997,dunya_485997
520fe4163284,ALIBABA-TRENDYOL,2020-10-26,company_news,operations,Trendyol (Alibaba-controlled),Mainland China,,e-commerce,,,hiring,,,"1000 added (12,000 total)",,Dünya,"Trendyol, yaptığı açıklama ile son üç ayda bin kişilik ek istihdam sağladığını duyurdu. … Açıklamaya göre, depoları, inovasyon merkezi, Trendyol Express ve Trendyol Hızlı Market bünyesinde görev alacak yeni çalışanlarla birlikte, Trendyol çalışan sayısı 12 bin kişiye ulaştı.",company operations news,Trendyol’dan son 3 ayda bin kişilik ek istihdam,https://www.dunya.com/sirketler/trendyoldan-son-3-ayda-bin-kisilik-ek-istihdam-haberi-486588,dunya_486588
4a97fdd2dfa6,TOGG-FARASIS-BATTERY,2020-10-26,context_mention,reference,Farasis Energy,Mainland China,Togg,EV batteries,Bursa,,"JV (cells, modules)",,,,,Dünya,"Öte yandan, TOGG geçen hafta, geliştirmekte olduğu elektrikli araç ürün gamı içindeki en temel bileşenlerden biri olan batarya için dünyanın önde gelen Li-Ion batarya üreticilerinden Farasis'i iş ortağı olarak seçtiğini duyurmuştu.",Route C find: Togg's battery partner Farasis details,Yerli otonun bataryasında ayrıntılar belli oldu,https://www.dunya.com/ekonomi/yerli-otonun-bataryasinda-ayrintilar-belli-oldu-haberi-486632,dunya_486632
7a1351df116a,TOGG-FARASIS-BATTERY,2020-12-02,context_mention,reference,Farasis,Mainland China,TOGG,EV batteries,,,battery partner,,,,,Dünya,"Türkiye'nin Otomobili Girişim Grubu'nun (TOGG) batarya paketinde iş ortağı olarak Farasis'le anlaşmasına da değinen Yenigün, ""Bu önemli bir gelişim.",,"Ford Otosan, batarya montaj fabrikası kuruyor: İlk ve tek entegre elektrikli araç tesisi",https://www.dunya.com/sirketler/ford-otosan-batarya-montaj-fabrikasi-kuruyor-ilk-ve-tek-entegre-elektrikli-arac-tesisi-haberi-602197,dunya_602197
58f7dcc9c0af,XIAOMI-SALCOMP-AVCILAR,2020-12-18,investment_evidence,agreement signed,Salcomp (owned by China's Luxshare since 2019),Chinese-owned foreign brand,Kontrolmatik; Molen Grup,electronics (smartphones),İstanbul,"Avcılar (near Ambarlı port, 14,000 m2)",greenfield phone factory,,,2000,,Dünya,"Elektrik ve elektronik cihazların yedek parça imalatı üzerine Finlandiya’da kurulan Salcomp, Türkiye'de cep telefonu fabrikası kurmaya hazırlanıyor. … Fabrikanın tüm teknik çözümlerini ise Kontrolmatik ve Molen Grup üstelenecek. 2 bin kişiye istihdam yaratması beklenen yatırım için imzalar atıldı. … Elektrik ve elektronik cihazların yedek parça imalatı üzerine 1973’te Finlandiya’da kurulan ve Çin başta olmak üzere dünya genelinde birçok üretim ve montaj fabrikası bulunan Salcomp, Türkiye'de gerçekleştireceği ilk yatırım için çalışmalara başladı. … Avcılar Ambarlı Limanı yakınlarında 14 bin metrekarelik kapalı bir alanda cep telefonu fabarikası kurmaya hazırlanan Salcomp, farbrika ile hem mavi hem de beyaz yaka olmak üzere yaklaşık 2 bin kişiye istihdam yaratmayı planlıyor.",HIDDEN Chinese parent (Luxshare) not stated in article,Salcomp'tan Türkiye'ye teknoloji yatırımı,https://www.dunya.com/sirketler/salcomptan-turkiyeye-teknoloji-yatirimi-haberi-604155,dunya_604155
d29c138caf8a,OPPO-TURKEY-PLANT,2020-12-21,investment_evidence,decision reported,OPPO,Mainland China,,electronics (smartphones),,,incentive-certificate investment,,,,,Dünya,"Yatırımlarda Devlet Yardımları Hakkında Karar'da yapılan değişiklikle demonte cep telefonu parçalarının ithalatına izin verilmesinin ardından, Güney Koreli Samsung ve Çinli Oppo firmaları teşvik belgeli yatırımlar kapsamında, Türkiye’de yatırım kararı aldılar. … Yatırımlarda Devlet Yardımları Hakkında Kararda değişiklik yapılarak, demonte cep telefonu parçalarının ithalatına izin verilmesinin ardından, Samsung ve Oppo firmaları teşvik belgeli yatırımlar kapsamında Türkiye’de yatırım kararı aldılar. … Bu kararla birlikte, bir süredir Türkiye’de üretim yapmak için fizibilite çalışmalarında bulunan Samsung ve Oppo firmalarının Türkiye’de cep telefonu üretimi için teşvik belgesine başvurdukları öğrenildi.",,Samsung ve Oppo yatırıma geliyor,https://www.dunya.com/ekonomi/samsung-ve-oppo-yatirima-geliyor-haberi-604477,dunya_604477
b0273a623056,TPLINK-TURKEY,2020-12-21,other_news_source,production plan announced,TP-Link,,,,,,,,,,,LOG,"TP-Link's deputy country manager said the company intends to open a production facility in Turkey in 2021, or 2022 at the latest, to make certain models locally.",,TP-Link'ten Türkiye'de üretim tesisi açma planı,https://www.log.com.tr/tp-linkten-turkiyede-uretim-tesisi-acma-plani/,
9c2fb2ca3795,OPPO-TURKEY-PLANT,2020-12-24,investment_evidence,decision announced,OPPO,Mainland China,,electronics (smartphones),,,production investment,,,,,Dünya,"Dünyanın önde gelen akıllı telefon üreticilerinden Oppo, Türkiye'deki büyümesine paralel olarak bölgeye yatırım yapma kararı aldı. … Oppo Türkiye Genel Müdürü Weijian Zhou, ""Oppo, yerli topluma vermiş olduğu sözün bir parçası olarak bir süredir Türkiye'ye daha fazla yatırım yapmayı düşünüyordu. … Türkiye pazarına geçen yıl giriş yapan Çinli akıllı telefon üreticisi Oppo, Türkiye'deki büyümesine paralel olarak bölgeye yatırım yapacak.",,Oppo'dan Türkiye'ye yatırım kararı,https://www.dunya.com/sirketler/oppodan-turkiyeye-yatirim-karari-haberi-604863,dunya_604863
088dadd7beed,OPPO-TURKEY-PLANT,2020-12-24,investment_evidence,plant set-up; hiring,OPPO,Mainland China,,Smartphones,İstanbul,Tuzla,Production plant (leased building),,,,,Aydınlık,"Oppo Türkiye'de fabrika açıyor: İş ilanları yayınlandı!. Çin merkezli teknoloji üreticisi Oppo, Türkiye'de yatırım yapacağını duyurdu. … Tuzla'da kurulacak fabrika için şimdiden iş ilanları şimdiden verildi. … İŞ İLANLARI ÇOKTAN VERİLDİ BİLETürkiye'de kısa zamanda büyük başarı elde eden Çin devi OPPO önümüzdeki ay Tuzla'da mobil telefon üretimine başlamayı hedefliyor.",OPPO to start phone production in Tuzla; job ads published (Dec 2020),Oppo Türkiye'de fabrika açıyor: İş ilanları yayınlandı!,https://www.aydinlik.com.tr/haber/oppo-turkiyede-fabrika-aciyor-is-ilanlari-yayinlandi-226771,aydinlik_226771
fad418b70329,OPPO-TURKEY-PLANT,2020-12-26,investment_evidence,announced by minister,unnamed Chinese phone maker (OPPO),Mainland China,,electronics (smartphones),,,production facility,,,,,Dünya,"Çinli bir firmamız ilan etti. … Türkiye'ye bir üretim tesisi kuracaklar. … Çin'den, Uzak Doğu'dan başka firmalar da var. … Sanayi ve Teknoloji Bakanı Mustafa Varank, son dönemde Çin'den ve Uzak Doğu'dan global akıllı telefon üreticilerinin Türkiye'ye ilgisinin olduğunu belirterek, ilk üretimin şubatta başlamasının planlandığını söyledi.",minister: a Chinese firm announced; first production in February,Bakan Varank: Uzak Doğulu akıllı telefon şirketleri Türkiye'de üretim yapacak,https://www.dunya.com/ekonomi/bakan-varank-uzak-dogulu-akilli-telefon-sirketleri-turkiyede-uretim-yapacak-haberi-605056,dunya_605056
a3930e146eea,OPPO-TURKEY-PLANT,2020-12-28,investment_evidence,announced,OPPO,Mainland China,,electronics (smartphones),,,production investment,50,USD mn,,,Dünya,"Dünyada en çok satışa sahip cep telefonu üreticilerinin Türkiye'ye yatırım kararı aldığını belirten Cumhurbaşkanlığı Yatırım Ofisi Başkanı Burak Dağlıoğlu, ""Oppo, yaklaşık 50 milyon dolar tutarında bir yatırım açıkladı. … Oppo, yaklaşık 50 milyon dolar tutarında bir yatırım açıkladı",Investment Office head,Dağlıoğlu: Cep telefonu üreticileri Türkiye'nin potansiyelini değerlendiriyor,https://www.dunya.com/ekonomi/daglioglu-cep-telefonu-ureticileri-turkiyenin-potansiyelini-degerlendiriyor-haberi-605245,dunya_605245
77d3b776212a,OPPO-TURKEY-PLANT,2020-12-31,investment_evidence,site secured,OPPO,Mainland China,,electronics (smartphones),İstanbul,Tuzla (leased ex-Tadım factory),production base (leased building),,,,,Dünya,"Çinli cep telefonu devi Oppo’nun Türkiye’deki üretim üssünü DÜNYA Gazetesi görüntüledi. … Tadım Kuruyemiş’in Tuzla’da bulunan fabrika binasını iki ay önce kiralayan Oppo, şubat ayında üretime geçecek. … Geçen hafta Türkiye’de üretim yapma kararını açıklayan dünyanın en büyük cep telefon üreticilerinden Oppo, üretim üssünü Tuzla’ya kuruyor. … Türkiye’de paketli kuruyemişi başlatan Tadım’ın uzun yıllar üretim yaptığı Tuzla’daki tesisi kiralayan şirket, üretimini bu binada gerçekleştirecek.",production from February 2021,İşte Oppo'nun Türkiye'deki yeni üretim üssü,https://www.dunya.com/ekonomi/iste-opponun-turkiyedeki-yeni-uretim-ussu-haberi-605565,dunya_605565
177f56dc7593,OPPO-TURKEY-PLANT,2020-12-31,context_mention,site secured,OPPO,Mainland China,,electronics (smartphones),İstanbul,Tuzla,production base,,,,,Dünya,"Çinli cep telefonu devi Oppo’nun Türkiye’deki  yeni üretim üssünü DÜNYA Gazetesi görüntüledi. … Tadım Kuruyemiş’in Tuzla’da bulunan fabrika binasını iki ay önce kiralayan Oppo, şubat ayında üretime geçecek.",daily agenda,Güne başlarken ekonomi ve piyasaların gündemi (31 Aralık 2020),https://www.dunya.com/ekonomi/gune-baslarken-ekonomi-ve-piyasalarin-gundemi-31-aralik-2020-haberi-605586,dunya_605586
fd4fbc2030fa,OPPO-TURKEY-PLANT,2021-01-09,investment_evidence,hiring,OPPO,Mainland China,Tuzla Municipality (TUZKAM),electronics (smartphones),İstanbul,Tuzla,production base,,,200 positions,,Dünya,"Dünyanın önde gelen cep telefonu şirketlerinden Oppo, İstanbul Tuzla’da kuracağı üretim üssü için personel alımına başladı. … Oppo ile Tuzla Belediyesi Kariyer ve İstihdam Merkezi (TUZKAM) bir iş birliği yaparak 200 üretim elemanı için toplu iş görüşmesi organize etti. … Dünyanın en büyük cep telefon üreticilerinden Oppo, üretim üssünü kurduğu Tuzla'da toplu iş görüşmesi yaptı.",,"Oppo, Tuzla'da toplu iş görüşmesi başlattı",https://www.dunya.com/sirketler/oppo-tuzlada-toplu-is-gorusmesi-baslatti-haberi-606430,dunya_606430
32484824bb88,HUNUTLU-EMBA-SHANGHAI-ELECTRIC,2021-01-18,investment_evidence,under construction,EMBA (Chinese government-backed investment),Mainland China,,energy (imported coal),Adana,Ceyhan/Yumurtalık (Hunutlu),1320 MW thermal plant,,,,,Dünya,"Ceyhan'da önemli bir santralin de inşa edildiğini dile getiren Varank, ""Türkiye'nin en büyük elektrik santrallerinden birisi EMBA tarafından orada inşa ediliyor. … Burası, Çin hükümetinin aslında Türkiye'deki ilk ve en büyük doğrudan yatırımlarından biri. 1320 megavatlık bir santral inşaatı var, onun da denetlemelerini yaptık. … İnşallah o da bu sene sonuna kadar artık üretime geçmek istiyor.",minister: one of the first and largest direct investments of the Chinese government in Turkey,Akkuyu'da ilk reaktör 2023'te devreye alınacak,https://www.dunya.com/ekonomi/akkuyuda-ilk-reaktor-2023te-devreye-alinacak-haberi-607357,dunya_607357
1e4e64911c94,HUNUTLU-EMBA-SHANGHAI-ELECTRIC,2021-01-18,context_mention,site visit,EMBA Elektrik Üretim A.Ş.,Mainland China,,energy (imported coal),Adana,EMBA special industrial zone,1320 MW thermal plant,,,,,Dünya,"Bakan Varank, Çukurova programının ilk durağı olan Adana'da, Vali Süleyman Elban ile Ceyhan Enerji İhtisas Endüstri Bölgesi, EMBA Elektrik Üretim AŞ'nin Adana Özel Endüstri Bölgesi ve Ceyhan Organize Sanayi Bölgesi'nde incelemelerde bulundu. … Varank, EMBA Elektrik Üretim AŞ'nin Adana Özel Endüstri Bölgesi'ndeki ziyaretinde şirketin Yönetim Kurulu Üyesi ve Genel Müdürü Mete Bülgün'den  termik elektrik santrali yatırımında gelinen son durum konusunda görüştü.",,Varank: Türkiye'yi nükleer teknolojilerde de üreten ülke haline getirmek için çalışıyoruz,https://www.dunya.com/ekonomi/varank-turkiyeyi-nukleer-teknolojilerde-de-ureten-ulke-haline-getirmek-icin-calisiyoruz-haberi-607366,dunya_607366
3c1ea84ab625,TECNO-PENDIK-PHONES,2021-01-19,investment_evidence,investment announced,TECNO Mobile (Transsion),Mainland China,,electronics (smartphones),İstanbul,Pendik,local production,25,USD mn,,,Dünya,"Çinli telefon markaları, Türkiye pazarını üretim üssü yapıyor. … Tecno Mobile da 25 milyon dolar yatırımla üretime başlıyor. … Dünyanın önde gelen akıllı telefon üretici markalarından Tecno Mobile, Türkiye’de yerli üretim için 25 milyon dolardan fazla yatırım yapacak. … Tecno, üretim planlaması için gerekli adımları attı ve ilk yerli Tecno, mart ayı içinde üretilmiş olacak.",first phone in March,"Çinli Tecno Mobile, Türkiye'de üretime başlıyor",https://www.dunya.com/sirketler/cinli-tecno-mobile-turkiyede-uretime-basliyor-haberi-607516,dunya_607516
479a1e990792,OPPO-TURKEY-PLANT,2021-01-21,context_mention,preparing production,OPPO,Mainland China,,electronics (smartphones),,,production investment,,,,,Dünya,"Çinli akıllı telefon üreticisi Oppo, Türkiye'de akıllı telefon üretimi gerçekleştireceğini geçen ay açıklamıştı. 2020'nin üçüncü çeyreğinde gerçekleştirdiği 29,8 milyon satışla küresel akıllı telefon pazarında Apple'ın ardından 5'inci sırada yer alan şirketin, gelecek aylarda üretime başlaması bekleniyor. … Yapılacak yatırımla, Türkiye'nin şirketin Avrupa bölgesindeki üretim üssü olması planlanıyor.",Turkey to be OPPO's European production base,"Türkiye'ye yatırım yapan akıllı telefon şirketleri, üretime hazırlanıyor",https://www.dunya.com/sirketler/turkiyeye-yatirim-yapan-akilli-telefon-sirketleri-uretime-hazirlaniyor-haberi-607805,dunya_607805
03af6afe21e3,TECNO-PENDIK-PHONES,2021-01-21,investment_evidence,preparing production,TECNO Mobile,Mainland China,,electronics (smartphones),İstanbul,Pendik,local production,25,USD mn,,,Dünya,"Yatırımcılardan Çinli akıllı telefon üreticisi Tecno'nun Türkiye'de ilk akıllı telefonunu mart ayı içinde üretmesi bekleniyor. … Oppo'nun ardından bir diğer Çinli akıllı telefon üreticisi Tecno da Türkiye'ye yatırım yapma kararı aldı. 25 milyon dolardan fazla bir yatırımla üretim planlanması için gerekli adımları atan şirket, Türkiye'de ilk akıllı telefonunu mart ayı içinde üretecek. … Şirket açıklamasına göre, İstanbul Pendik'te yer alan fabrika, Türk tüketicisinin beklentilerine hizmet vermek ve Avrupa pazarına dağıtım sağlayacak bir üretim üssü olmak için kuruluyor.",,"Türkiye'ye yatırım yapan akıllı telefon şirketleri, üretime hazırlanıyor",https://www.dunya.com/sirketler/turkiyeye-yatirim-yapan-akilli-telefon-sirketleri-uretime-hazirlaniyor-haberi-607805,dunya_607805
d4926a2e5488,OPPO-TURKEY-PLANT,2021-01-22,context_mention,regulatory step,OPPO,Mainland China,,electronics (smartphones),,,production investment,,,,,Dünya,"Samsung ve Oppo’nun Türkiye’de cep telefonu yatırımlarını kolaylaştırmak için ithalat rejiminde değişiklikler devam ediyor. … Samsung ve Oppo’nun Türkiye’de cep telefonu üretim tesisi kurma yönündeki çalışmaları sürerken, bu yatırımları kolaylaştırmak için ithalat rejiminde de değişiklikler devam ediyor. … Öte yandan Türkiye’de üretim yapmaya hazırlanan Samsung ve Oppo’nun yatırım teşvik belgelerine ilişkin tebliğlerin de bu ay içinde yayınlanması bekleniyor.",import regime eased; incentive certificates pending,Devlerin Türkiye’de cep telefonu üretimi için ikinci adım da atıldı,https://www.dunya.com/ekonomi/devlerin-turkiyede-cep-telefonu-uretimi-icin-ikinci-adim-da-atildi-haberi-607962,dunya_607962
49abb454d264,OPPO-TURKEY-PLANT,2021-01-26,context_mention,regulatory step,OPPO,Mainland China,,electronics (smartphones),,,production investment,,,,,Dünya,"Samsung ve Oppo’nun Türkiye’de cep telefonu üretimi yatırımı öncesinde, üretim faaliyetlerini kolaylaştırmak üzere ithalat ikincil mevzuatında bir adım daha atıldı.",,Samsung ve Oppo’nun yatırımı öncesi üretimi kolaylaştıracak bir adım daha,https://www.dunya.com/ekonomi/samsung-ve-opponun-yatirimi-oncesi-uretimi-kolaylastiracak-bir-adim-daha-haberi-608431,dunya_608431
dd426409ecd5,OPPO-TURKEY-PLANT,2021-01-26,context_mention,regulatory step,OPPO,Mainland China,,electronics (smartphones),,,production investment,,,,,Dünya,"Samsung ve Oppo’nun Türkiye’de cep telefonu üretimi yatırımı öncesinde, üretim faaliyetlerini kolaylaştırmak üzere ithalat ikincil mevzuatında bir adım daha atıldı.",,Güne başlarken ekonomi ve piyasaların gündemi (26 Ocak 2021),https://www.dunya.com/ekonomi/gune-baslarken-ekonomi-ve-piyasalarin-gundemi-26-ocak-2021-haberi-608435,dunya_608435
296ed4370bca,ETI-MADEN-BORON-CARBIDE,2021-01-27,contractor_or_finance_only,under way,Chinese partners,Mainland China,Eti Maden,Chemicals,Balıkesir,Bandırma,EPC + technology transfer,,,,,Aydınlık,"Temizlik deterjanından, alt taraftan en üst tarafa kadar... Geçen haftalarda lityum tesisi vardı, şu an Çinlilerle beraber bor karbür tesisi yatırımı yapılıyor.",TVF: boron carbide plant being built with the Chinese (Jan 2021),Türkiye ve Çin birlikte Bor Karbür üretecek,https://www.aydinlik.com.tr/haber/turkiye-ve-cin-birlikte-bor-karbur-uretecek-230883,aydinlik_230883
3e9e567e9910,OPPO-TURKEY-PLANT,2021-01-28,investment_evidence,incentive certificate,OPPO (via Maxreal Telekomünikasyon Ltd. Şti.),Mainland China,,electronics (smartphones),İstanbul,Tuzla,production plant,121,TRY mn,250,3.5 million phones/yr,Dünya,"OPPO, yaklaşık 121 milyon liralık yatırımla yılda 3.5 milyon cep telefonu üretecek. … Bu kapsamda OPPO markası yıllık 3.5 milyon adet telefon üretimi kapasiteli tesis kurmak için 120 milyon 987 bin liralık yatırım teşvik belgesi aldı. … Bu amaçla kurulan Maxreal Telekomünikasyon Sanayi ve Ticaret Ltd. … Şti. için düzenlenen teşvik belgesi kapsamında 12 milyon 58 bin 239 dolarlık ithal makine ve teçhizat kullanılacak. … Yatırımda 250 kişi istihdam edilecek.",imported machinery 12.06m USD,Cep telefonu üretiminde ilk teşvik geldi,https://www.dunya.com/ekonomi/cep-telefonu-uretiminde-ilk-tesvik-geldi-haberi-608797,dunya_608797
6a8db48833f7,PIRELLI-CHEMCHINA,2021-01-28,investment_evidence,expansion announced,Prometeon Tyre Group (ChemChina-controlled),Chinese-owned foreign brand,,tyres (industrial),Kocaeli,İzmit plant,expansion,40,"USD mn (new, 2021-2023; >150m cumulative 2017-2023)",,,Dünya,"Gelecek üç yılda 40 milyon dolar daha yatırım hedeflediklerini belirten Prometeon Türkiye, Orta Doğu, Afrika, Rusya Bölge CEO'su Antonio Dolgetta, ""Böylece, 2017-2023 arasında Türkiye’ye toplam doğrudan yabancı yatırım tutarımız 150 milyon doların üzerine çıkmış olacak. … Şirket, gelecek 3 yıl içinde gerçekleştirmeyi hedeflediği 40 milyon dolarlık yeni yatırımla Türkiye'deki toplam yatırımını 150 milyon doların üzerine çıkaracak. … Açıklamada görüşlerine yer verilen Prometeon Türkiye, Orta Doğu, Afrika, Rusya Bölge CEO'su Antonio Dolgetta, 2017-2020 dönemi için açıkladıkları 115 milyon dolar yatırımı tamamladıklarını ve bu yatırım sonucunda yıllık üretim kapasitelerini 1,4 milyon adet lastiğe çıkardıklarını dile getirdi.",completed 115m USD 2017-2020,"Prometeon, Türkiye yatırımlarını 150 milyon dolara çıkaracak",https://www.dunya.com/sirketler/prometeon-turkiye-yatirimlarini-150-milyon-dolara-cikaracak-haberi-608835,dunya_608835
c2a74a8a9a8a,HUAWEI-ISTANBUL-RND,2021-02-02,investment_evidence,cumulative investment,Huawei Turkey,Mainland China,,telecom R&D,İstanbul,,R&D centre,520,TRY mn (10 years),,,Dünya,"Huawei, Türkiye'deki Ar-Ge merkezine 10 yılda 520 milyon TL yatırım yaptı. … Geçen 10 yılda Huawei Türkiye Ar-Ge Merkezi'ne 520 milyon TL yatırım yaptıklarını belirten Huawei Türkiye Genel Müdürü Jing Li, ""Huawei'nin Çin dışındaki en büyük ikinci Ar-Ge Merkezi olarak da Türkiye, Huawei için büyük bir öneme sahip.",second-largest R&D centre outside China,"Huawei, Türkiye'deki Ar-Ge merkezine 10 yılda 520 milyon TL yatırım yaptı",https://www.dunya.com/sirketler/huawei-turkiyedeki-ar-ge-merkezine-10-yilda-520-milyon-tl-yatirim-yapti-haberi-609432,dunya_609432
f56efbf46d03,XIAOMI-SALCOMP-AVCILAR,2021-02-04,investment_evidence,production start announced,Xiaomi,Mainland China,Salcomp (Luxshare),electronics (smartphones),İstanbul,"Avcılar (14,000 m2)",production plant (with Salcomp),30,USD mn,2000,5 million phones/yr,Dünya,"Xiaomi Türkiye Ülke Müdürü Usher Liu, ""Yaklaşık 14 bin metrekare arazi üzerine kurulu fabrikamızla Türkiye'de üretime başlayacak olmaktan duyduğumuz heyecanı paylaşmak isterim. … Dünyanın en büyük üçüncü akıllı telefon üreticisi Xiaomi,  30 milyon dolarlık yatırımıyla 2021 yılının ilk çeyreğinde Türkiye'de akıllı telefon üretimine başlayacağını duyurdu. … Xiaomi açıklamasına göre, şirketin İstanbul Avcılar'da açacağı fabrika ile Türkiye, markanın dünyada üretime geçtiği dördüncü ülke olacak. … Marka, bu yatırımıyla hem mavi yaka hem beyaz yaka olmak üzere yaklaşık 2 bin kişiye istihdam sağlayacak. … Salcomp iş birliği ile hayata geçirilecek fabrika, yıllık 5 milyon adet telefon üretim kapasitesine sahip olacak.",Turkey Xiaomi's 4th production country,"Xiaomi, 30 milyon dolarlık yatırımla Türkiye'de üretime başlıyor",https://www.dunya.com/sirketler/xiaomi-30-milyon-dolarlik-yatirimla-turkiyede-uretime-basliyor-haberi-609731,dunya_609731
8e6b1b5e9bf0,IGG-ISTANBUL-OFFICE,2021-02-09,other_news_source,operating,IGG,,,,,,,,,,,Mobidictum,Türkiye is listed among the countries where IGG has regional offices.,,IGG tüm çalışanlarına pandemi döneminde destek primi veriyor,https://mobidictum.com/tr/igg-tum-calisanlarina-pandemi-doneminde-destek-primi-veriyor/,
9c8768645a47,XIAOMI-SALCOMP-AVCILAR,2021-02-22,investment_evidence,site secured,Xiaomi; Salcomp,Mainland China,Sel Dış Ticaret (landlord),electronics (smartphones),İstanbul,"Avcılar Firuzköy (leased, 15,000 m2)",production plant (leased),,,,,Dünya,"Çinli cep telefonu devi Xiaomi, Türkiye’de üretim yapacağı üssü seçti. … Avcılar Firuzköy’de kiralanan fabrikaya yerleşmeye başlayan üretici firma Salcomp, yerli Xiaomi cep telefonu üretimine ay sonunda başlayacak. … Çinli teknoloji devi Xiaomi’nin Türkiye’de üretim yapacağı fabrikanın Avcılar Firuzköy’de olduğu öğrenildi. … Türkiye’nin en büyük silikon üreticilerinden Sel Dış Ticaret ve Kimya’ya ait olan fabrika, kasım ayında kiralanarak hazırlıklara başlandı.",production to start end-February,İşte Çinli Xiaomi'nin Türkiye'deki üretim üssü,https://www.dunya.com/sirketler/iste-cinli-xiaominin-turkiyedeki-uretim-ussu-haberi-611757,dunya_611757
0f83acabf068,OPPO-TURKEY-PLANT,2021-03-08,investment_evidence,test production,OPPO,Mainland China,,electronics (smartphones),İstanbul,"Tuzla (12,000 m2)",production plant,,,,,Dünya,"Bakan Varank, Oppo'nun İstanbul Tuzla'da yapımı devam eden fabrikasında test üretimine başladığını açıkladı. … Sanayi ve Teknoloji Bakanı Mustafa Varank, Çinli dev akıllı telefon markası OPPO’nun, İstanbul Tuzla’da yapımı devam eden fabrikasında test üretimine başladığını açıkladı. … Bakanlıktan yapılan açıklamaya göre, Tuzla’da 12 bin metrekare kapalı alana sahip bir fabrika, Çin menşeli cep telefonu markası OPPO tarafından akıllı telefon üretim tesisine dönüştürüldü. … Sanayi ve Teknoloji Bakanlığı tarafından yatırım teşviki ile desteklenen OPPO’nun üretim tesisinde kurulum çalışmalarına kasım ayı itibarıyla başlandı. … Fabrikada yaklaşık 3 ay içinde SMT üretim bandı ve tüm sistemler kuruldu.",SMT line installed in ~3 months,Bakan Varank: Oppo test üretimine başladı,https://www.dunya.com/ekonomi/bakan-varank-oppo-test-uretimine-basladi-haberi-613510,dunya_613510
fe9dff3c5b91,XIAOMI-SALCOMP-AVCILAR,2021-03-11,investment_evidence,ministerial visit,Xiaomi,Mainland China,Salcomp,electronics (smartphones),İstanbul,Avcılar,production plant,,,2000,,Dünya,"Bakan Varank, Xiaomi'nin Türkiye'deki fabrikası konusunda, ""Önümüzdeki aydan itibaren bu fabrikada üretilen telefonlar Türkiye'de satılmaya başlanacak. … Çinli teknoloji şirketi Xiaomi'nin Türkiye'deki fabrikasını ziyaret eden Sanayi ve Teknoloji Bakanı Mustafa Varank, fabrikanın tam kapasiteyle üretime geçtiğinde 2 bin vatandaşın istihdam imkanı bulacağına dikkat çekti. … Xiaomi telefonlarının üretildiği ve önümüzdeki dönemde üretileceği Avcılar'daki fabrikayı ziyaret ediyoruz. … İşte Xiaomi artık telefonlarını Türkiye'de üretmeye başlıyor.",phones on sale from April,Türkiye'de üretilen 'Xiaomi' akıllı telefonlar nisanda satışta olacak,https://www.dunya.com/sirketler/turkiyede-uretilen-xiaomi-akilli-telefonlar-nisanda-satista-olacak-haberi-613982,dunya_613982
996bac2f1e74,COSCO-KUMPORT,2021-03-27,context_mention,commentary,Chinese state shipping firms,Mainland China,,ports,,,,,,,,Dünya,21. yüzyılın soğuk savaşı başladı: ABD-Çin karşı karşıya.,opinion piece; generic reference to Chinese-operated ports in Turkey (Kumport),21. yüzyılın soğuk savaşı başladı: ABD-Çin karşı karşıya,https://www.dunya.com/kose-yazisi/21-yuzyilin-soguk-savasi-basladi-abd-cin-karsi-karsiya/615890,dunya_text216626
7dada95c3b36,XIAOMI-SALCOMP-AVCILAR,2021-03-29,investment_evidence,opened,Xiaomi; Salcomp,CN; CN-hidden,,electronics (smartphones),İstanbul,Avcılar,production plant,30,USD mn,2000,5 million phones/yr,Dünya,""" diyen Cumhurbaşkanı Erdoğan, ""Xiaomi ve iş ortağı Salcomp’un yaklaşık 30 milyon dolarlık yatırımla, 14 bin metrekare arazi üzerinde kurduğu bu fabrika, yıllık 5 milyon üretim kapasitesiyle 2 bin kişiye de istihdam sağlayacaktır. … Dünyanın öne çıkan teknoloji şirketlerinden Xiaomi ve partneri Salcomp'un, yıllık 5 milyon adet akıllı telefon üretim kapasitesine sahip İstanbul Avcılar'daki fabrikasının açılışı gerçekleştirildi.",opening with President Erdoğan,"Erdoğan: Türkiye, akıllı telefon üreticileri için üretim üssü olma yolunda ilerliyor",https://www.dunya.com/gundem/erdogan-turkiye-akilli-telefon-ureticileri-icin-uretim-ussu-olma-yolunda-ilerliyor-haberi-616076,dunya_616076
a84a4de9c334,XIAOMI-SALCOMP-AVCILAR,2021-03-29,context_mention,opened,Xiaomi; Salcomp,Mainland China,,electronics (smartphones),İstanbul,Avcılar,production plant,,,,,Dünya,"Yatırımcıların Türkiye'nin geleceğine güvendiğini belirten Ticaret Bakanı Ruhsar Pekcan, ""Xiaomi gibi önemli bir teknoloji şirketinin ülkemizi bir üretim üssü olarak seçmesi şaşırtıcı değildir. … Teknoloji şirketlerinden Xiaomi ve partneri Salcomp'un, yıllık 5 milyon adet akıllı telefon üretim kapasitesine sahip İstanbul Avcılar'daki fabrikasının açılışı gerçekleştirildi.",,Ticaret Bakanı Pekcan: Yatırımcı Türkiye'nin geleceğine güveniyor,https://www.dunya.com/ekonomi/ticaret-bakani-pekcan-yatirimci-turkiyenin-gelecegine-guveniyor-haberi-616089,dunya_616089
a3c6d96a2105,XIAOMI-SALCOMP-AVCILAR,2021-03-29,context_mention,opened,Xiaomi; Salcomp,Mainland China,,electronics (smartphones),İstanbul,Avcılar,production plant,,,,,Dünya,"Dünyanın öne çıkan teknoloji şirketlerinden Xiaomi ve partneri Salcomp'un, yıllık 5 milyon adet akıllı telefon üretim kapasitesine sahip İstanbul Avcılar'daki fabrikasının açılışı gerçekleştirildi. … Xiaomi ve Salcomp'un ortak yatırımından mutluluk duyduğunu belirten Sanayi ve Teknoloji Bakanı Varank, ""Yaklaşık 2 yıl önce Türkiye pazarına açılan Xiaomi, başarılı faaliyetlerini ülkemize yaptığı bu yatırımla taçlandırıyor. … Türkiye'nin, Xiaomi'nin dünyada üretim gerçekleştirdiği 4'üncü ülke olacağını aktaran Varank, bu yatırımın, Türkiye'nin küresel bir akıllı telefon üretim üssü olması yolunda bir köşe taşı olduğunu, firmanın yapacağı ihracat ve katma değerli üretimin ülke ekonomisine katkı sağlayacağını vurguladı.","minister: 12 smartphone investors got incentive certificates (971m TL, 3,500 jobs) — not all Chinese",Bakan Varank: Bugüne kadar 12 ayrı akıllı telefon yatırımcısına teşvik belgesi düzenledik,https://www.dunya.com/ekonomi/bakan-varank-bugune-kadar-12-ayri-akilli-telefon-yatirimcisina-tesvik-belgesi-duzenledik-haberi-616095,dunya_616095
5d4eb704eedc,CSR-MNG-ANKARA-RAIL-PLANT,2021-03-31,other_news_source,supplier agreement,CRRC-MNG,,,,,,,,,,,Xinhua (Belt and Road Portal),"CRRC-MNG, the joint venture set up in 2013 by CRRC and MNG Holding, signed a cooperation accord with 46 Turkish suppliers; it builds metro vehicles for Ankara and Istanbul.",,China-Turkey joint venture inks long-term strategic cooperation deal with local suppliers,https://eng.yidaiyilu.gov.cn/p/168901.html,
b462b49242e1,CN-GENERAL-INTEREST,2021-04-03,general_signal,commentary,PRC Foreign Minister,Mainland China,,general,,,,,,,,Dünya,"Çin bir yandan büyük ekonomik gücü, yatırım imkanları olan Orta Doğu politikasına girerken, bir yandan da “dürüst arabulucu” rolüne bürünmeye başladı.",opinion piece,"Türkiye'nin Orta Doğu’da yapamadığını, Çin yapıyor!",https://www.dunya.com/kose-yazisi/turkiyenin-ortadoguda-yapamadigini-cin-yapiyor/616666,dunya_text278368
94cc18faf471,ALIBABA-TRENDYOL,2021-04-21,investment_evidence,capital increase,Alibaba Group,Mainland China,Trendyol (DSM Group),e-commerce,İstanbul,Trendyol,capital increase,350,USD mn,,,Dünya,"Alibaba, Trendyol'un sermaye artırımına 350 milyon dolar ile katıldı. … E-ticaret platformu Trendyol, ana hissedarı Çinli Alibaba tarafından karşılanan sermaye artımı ile değerini 9,3 milyar dolara çıkardı. … Ticaret Sicil Gazetesi’ne göre yapılan son sermaye artımında Alibaba, Trendyol’a 350 milyon dolarlık öz sermaye finansmanı yaptı. … İşlem sonucunda Alibaba’nın Trendyol’daki (DSM Group) hisse oranı da 3 puanlık artışla yüzde 86.5’e çıktı.",Alibaba stake to 86.5%; valuation 9.3bn USD,"Alibaba sermaye artırdı, Trendyol'un değeri 9,3 milyar dolar oldu",https://www.dunya.com/sirketler/alibaba-sermaye-artirdi-trendyolun-degeri-93-milyar-dolar-oldu-haberi-618617,dunya_618617
85862794834c,H3C-TURKEY,2021-05-03,other_news_source,plan reported,H3C,,,,,,,50,USD mn (potential),,,Ekonomist,"A survey of Chinese manufacturers in Turkey puts H3C's potential investment with Boğaziçi Bilgisayar at about 50m USD, with 200 jobs at first and 1,200 targeted.",,Çinli devlerden Türkiye'de üretim atağı: Hangi alanlar ön planda?,https://www.ekonomist.com.tr/arastirmalar/cinli-devlerden-turkiyede-uretim-atagi.html,
a803e35618b6,HUAWEI-ISTANBUL-RND,2021-05-03,other_news_source,status,Huawei,,,,,,,309,USD mn (cumulative),,,Ekonomist,"Huawei is reported to have invested 309m USD in its R&D operations in Turkey since 2010, with more than 700 engineers.",,Çinli devlerden Türkiye'de üretim atağı: Hangi alanlar ön planda?,https://www.ekonomist.com.tr/arastirmalar/cinli-devlerden-turkiyede-uretim-atagi.html,
b082a3492838,HT-SOLAR-TURKEY,2021-05-11,company_news,operations,HT Solar,Mainland China,,solar manufacturing,,,"panel factory (1,200 MW/yr)",,,1200 MW/yr,,Dünya,"Yıllık bin 200 MW güneş paneli üretim kapasitesine sahip fabrikasında ürettiği güneş panellerini birçok ülkeye ihraç eden HT Solar, son olarak Ukrayna’da 19,65 MWp kapasiteli güneş enerji santraline güneş paneli tedariki sağladı. … Türkiye’de kurulduğu günden itibaren, global ölçekte 1 GW'dan fazla projeye güneş paneli tedarik eden HT Solar, son olarak Ukrayna’nın Berdyansk şehrinde 19,65 MWp’lik projenin çözüm ortağı oldu.",export supply news; factory location not stated in excerpt,HT Solar'dan Ukrayna'ya güneş paneli tedariki,https://www.dunya.com/sirketler/ht-solardan-ukraynaya-gunes-paneli-tedariki-haberi-620977,dunya_620977
eeb48bd777c8,TECNO-PENDIK-PHONES,2021-05-21,investment_evidence,production started,TECNO Mobile (Transsion),Mainland China,,electronics (smartphones),İstanbul,Pendik,production plant,35,USD mn,~1000 (target),,Dünya,"Çinli akıllı telefon devi TECNO, 35 milyon dolarlık yatırım ve ödüllü ürünlerle üretime başladı. … Türkiye Ülke Müdürü Hank Li, “İstanbul Pendik’teki üretim tesisimizde yaklaşık bin kişilik bir istihdam yaratmayı ve yüzde 10 pazar payı hedefimiz doğrultusunda Türkiye’deki yatırımlarımızı uzun vadede artırmayı planlıyoruz” şeklinde konuştu. … Dünyanın önde gelen akıllı telefon markalarından biri olan TECNO Mobile da İstanbul Pendik’te 35 milyon dolarlık yatırımla üretime başladı.",,"TECNO Türkiye Müdürü Hank Li: Türkiye'de kalıcıyız, 1000 kişi istihdam edeceğiz",https://www.dunya.com/sirketler/tecno-turkiye-muduru-hank-li-turkiyede-kaliciyiz-1000-kisi-istihdam-edecegiz-haberi-621974,dunya_621974
7721989a1c56,TCL-ARCELIK-PHONES,2021-05-26,investment_evidence,launch date set,TCL Communication,Mainland China,Arçelik,electronics (smartphones),Tekirdağ,Çerkezköy OSB (Arçelik),co-production with Arçelik (equity not stated),,,,,Dünya,"Çinli teknoloji üreticisi TCL, Arçelik ile üreteceği yerli akıllı telefon için tarih verdi. … Şirket, Arçelik ile birlikte yerli akıllı telefonunu kullanıcıların beğenisine sunmaya hazırlanıyor. … Üretim yeri olarak Çerkezköy’ü seçen TCL'nin ilk yerli akıllı telefonu 2 Haziran’da tanıtılacak. … “Dünyanın en hızlı büyüyen tüketici elektroniği firmaları arasında yer alan TCL, Arçelik ile birlikte yerli akıllı telefon üretimine başlıyor.",,"TCL, Arçelik ile birlikte üreteceği yerli telefon için tarih verdi",https://www.dunya.com/sirketler/tcl-arcelik-ile-birlikte-uretecegi-yerli-telefon-icin-tarih-verdi-haberi-622552,dunya_622552
58794a9dc2f6,TCL-ARCELIK-PHONES,2021-05-30,investment_evidence,production started,TCL,Mainland China,Arçelik,electronics (smartphones),Tekirdağ,Kapaklı / Çerkezköy OSB,co-production (SKD),,,"450,000 phones/yr",,Dünya,"Sanayi ve Teknoloji Bakanı Mustafa Varank, Arçelik ile güçlerini birleştiren TCL’nin Tekirdağ'da akıllı telefon üretimine başladığını açıkladı. … Arçelik ile güçlerini birleştiren TCL, akıllı telefon üretimine başladı. … Tekirdağ'ın Kapaklı ilçesinde bulunan Çerkezköy OSB'de TCL markasıyla üretime başlayan tesisi ziyaret eden Sanayi ve Teknoloji Bakanı Mustafa Varank, akıllı telefon pazarında global markaların yatırımlarını Türkiye'ye çekmeye başladıklarını, pazarın dünyada ve Türkiye'de gittikçe büyümeye devam ettiğini söyledi. … TCL'nin Arçelik ile bir iş birliğine giriştiğini ve birlikte üretim gerçekleştirdiklerini anlatan Varank, ""Buranın yıllık üretim kapasitesi 450 bin telefon.",,"TCL, Türkiye'de akıllı telefon üretimine başladı",https://www.dunya.com/sirketler/tcl-turkiyede-akilli-telefon-uretimine-basladi-haberi-622912,dunya_622912
21e7b65a8a4e,TCL-ARCELIK-PHONES,2021-06-02,context_mention,product launch,TCL Communication,Mainland China,Arçelik,electronics (smartphones),Tekirdağ,,co-production,,,"450,000 -> 1 million phones/yr (2022 target)",,Dünya,"Oppo, Xiaomi, Vivo ve Samsung gibi şirketlerden sonra, Arçelik ile güçlerini birleştiren TCL de Tekirdağ’da akıllı telefon üretimine başladı. … Serhan Tunca, Türkiye’deki tesisin yıllık üretim kapasitesi 450 bin adet olduğunu, 2022 yılında kapasitelerini 1 milyon telefona çıkarmayı hedeflediklerini belirtti.",,TCL-Arçelik Türkiye’de üretilen telefonu tanıttı,https://www.dunya.com/sirketler/tcl-arcelik-turkiyede-uretilen-telefonu-tanitti-haberi-623373,dunya_623373
9744b41af5d0,ALIBABA-TRENDYOL,2021-06-16,investment_evidence,talks reported,Trendyol (Alibaba-controlled),Mainland China,global investors,e-commerce,,,fundraising round,2000,USD mn,,,Dünya,"Reuters, e-ticaret platformu Trendyol'un 2 milyar dolarlık yatırım için küresel yatırımcılarla görüştüğünü bildirdi. … Çinli e-ticaret platformu Alibaba'nın ortak olduğu Trendyol'un, küresel yatırımcılardan 2 milyar dolar yatırım almak için görüşmeler yürüttüğü belirtildi. … Sermaye artışının haziranda tamamlanması ve şirketin 2023 yılı için planladığı halka arz öncesinde hissedar tabanının genişletilmesi hedefleniyor"" dedi.","new investors, not necessarily Chinese",Trendyol 2 milyar dolarlık yatırım için görüşüyor,https://www.dunya.com/sirketler/trendyol-2-milyar-dolarlik-yatirim-icin-gorusuyor-haberi-624875,dunya_624875
15ed5d0cad0d,H3C-TURKEY,2021-06-25,investment_evidence,decision stage,H3C,Mainland China,Boğaziçi Bilgisayar (Boğaziçi Holding),ICT hardware,,,factory with Turkish partner,,,200 (minimum),,Dünya,"Çin merkezli teknoloji şirketi H3C ile Boğaziçi Bilgisayar arasında imzalanan distribütörlük anlaşması fiziki yatırıma dönüşüyor. … Çinli teknoloji devi, Türkiye’deki partneriyle en az 200 kişinin istihdam edileceği fabrika yatırımında karar aşamasına geldi. … Philips, Dyson, Kyocera ve Corsair gibi küresel markaların Türkiye partneri olan Boğaziçi Holding iştiraki Boğaziçi Bilgisayar ile Çin merkezli router, modem ve switcher üreticisi H3C’nin imzaladıkları distribütörlük anlaşması fiziki yatırıma dönüşüyor. … Çinli teknoloji şirketi, Türkiye’deki partneriyle en az 200 kişinin istihdam edileceği fabrika yatırımında karar aşamasına geldi.",,Çinli teknoloji şirketinden Türkiye’ye fabrika kurma planı,https://www.dunya.com/sirketler/cinli-teknoloji-sirketinden-turkiyeye-fabrika-kurma-plani-haberi-625988,dunya_625988
85862794834c,H3C-TURKEY,2021-06-25,other_news_source,plan reported,H3C,,,,,,,,,,,Ekonomim (Dünya),"H3C plans a factory in the Marmara region with at least 200 jobs, to make Turkey its production hub for the region; the plan is at the decision stage.",,Çinli teknoloji şirketinden Türkiye'ye fabrika kurma planı,https://www.ekonomim.com/sirketler/cinli-teknoloji-sirketinden-turkiyeye-fabrika-kurma-plani-haberi-625988,
f6f762fcfc1d,ALIBABA-TRENDYOL,2021-07-29,investment_evidence,talks reported,Trendyol (Alibaba-backed),Mainland China,SoftBank and other investors,e-commerce,,,fundraising round,1500,USD mn (valuation 16.5bn),,,Dünya,"Trendyol, 1,5 milyar dolarlık kaynak sağlamak üzere yatırımcılarla görüşmeleri gelecek hafta tamamlayabilir. … Çinli Alibaba grup destekli Türk e-ticaret kuruluşu Trendyol, 16,5 milyar dolar değerleme ile kaynak sağlamak için görüşmeler yapıyor. … Bloomberg'in konuya yakın kaynaklara dayandırdığı habere göre, şirket 1,5 milyar dolarlık kaynak sağlamak üzere yatırımcılarla görüşmeleri gelecek hafta tamamlayabilir. … Kaynak için yatırım planlayan kuruluşlar arasında Softbank Group'un da olduğu belirtildi.",new money mainly non-Chinese investors,"Trendyol 1,5 milyar dolar için yatırımcılarla görüşüyor",https://www.dunya.com/sirketler/trendyol-15-milyar-dolar-icin-yatirimcilarla-gorusuyor-haberi-629104,dunya_629104
e4ea90d17929,NEW-HOPE-ADANA-FEED,2021-07-30,other_news_source,expansion plan,New Hope,,,,,,,13,USD mn,,,Ekonomim (Dünya),"New Hope's feed plant in the Adana Hacı Sabancı organised industrial zone, an investment of about 13m USD with 200,000 t annual capacity and 80 staff, is to be expanded to 500,000 t; the company plans new factories, first in Manisa (300,000 t), then Ankara, Bursa and Samsun.",,"Çinli New Hope Yem, Türkiye'de yeni fabrikalar kuracak",https://www.ekonomim.com/sehirler/cinli-new-hope-yem-turkiyede-yeni-fabrikalar-kuracak-haberi-629203,
71851953dfbf,YSS-BRIDGE-CN-STAKE,2021-08-02,investment_evidence,talks suspended,China Merchants Expressway Network & Technology (with 5 investors),Mainland China,IC Yatırım Holding,transport infrastructure,İstanbul,Yavuz Sultan Selim Bridge (51%),acquisition (51%),689,USD mn,,,Dünya,"3. köprüde 'refinansman düğümü'. İstanbul Yavuz Sultan Selim Köprüsü’nün 2027 yılına kadar işletme hakkını elinde bulunduran IC Yatırım Holding, bir grup Çinli yatırımcıyla görüşmeleri askıya aldı. … Bloomberg'e bilgi veren kaynaklar, Yavuz Sultan Selim Köprüsü’nün 2027 yılına kadar işletme hakkını elinde bulunduran IC Yatırım Holding’in bir grup Çinli yatırımcıyla görüşmeleri durdurduğunu belirtti. … China Merchants Group iştiraki China Merchants Expressway Network & Technology Holdings beş farklı yatırımcıyla birlikte köprünün yüzde 51’ini yaklaşık 689 milyon dolara satın almak için 2019’dan bu yana görüşme yürütüyordu. … Görüşmelerde düğümün çözülmesi köprünün finansmanı için 2013’te kullanılan kredinin 1,6 milyar dolarlık kısmının refinansmanında anlaşılmasına bağlı olacak. … Bloomberg'in haberine göre, Industrial & Commercial Bank of China, Bank of China ve China Merchants Bank’ın da aralarında bulunduğu bankalar tarafından desteklenmesi planlanan refinansmanın nihai şartlarında anlaşmazlıklar bulunuyor.","refinancing of 1.6bn loan (ICBC, BoC, CMB) key",3. köprüde 'refinansman düğümü',https://www.dunya.com/ekonomi/3-koprude-refinansman-dugumu-haberi-629477,dunya_629477
1996f6c018d7,ALIBABA-TRENDYOL,2021-08-10,context_mention,completed,Trendyol (majority Alibaba),Mainland China,SoftBank; Qatar (QIA) etc.,e-commerce,,,fundraising round,1500,USD mn,,,Dünya,"Trendyol Grubu Başkanı Çağlayan Çetin, 1,5 milyar dolarlık yeni yatırım ile şirketin değerlemesinin 16,5 milyar dolara ulaşmasına ilişkin olarak yaptığı açıklamada, Trendyol’un orta vadede halka arz planları olduğunu belirtti. … Trendyol Grubu Başkanı Çağlayan Çetin, Trendyol’un 1,5 milyar dolarlık yeni yatırım ile değerlemesini 16,5 milyar dolara çıkarması ve Türkiye’den çıkan ilk ""decacorn"" olması hakkında değerlendirmelerde bulundu. … Türkiye’den çıkan ilk decacorn olan Trendyol’un yatırım süreci hakkında Bloomberg HT’ye konuşan Çetin, bu süreçte istedikleri yatırımcıyı yatırım turuna davet edebildiklerini ve Softbank'ın Türkiye'ye ilk yatırımının Trendyol'a olduğunu aktardı. … Çoğunluk hissesi Çinli Alibaba'da olan Trendyol'un yeni yatırımcıları arasında, Katar Varlık Fonu, General Atlantic, Japonya merkezli SoftBank Vision Fund 2, Berlin merkezli Princeville Capital ve Abu Dhabi’nin ulusal varlık fonu ADQ yer aldı.",decacorn; IPO plans,"Trendyol, orta vadede halka arz planlıyor",https://www.dunya.com/finans/haberler/trendyol-orta-vadede-halka-arz-planliyor-haberi-630339,dunya_630339
e982127a6a97,VIVO-GEBZE-PLANT,2021-08-10,investment_evidence,production started,vivo,Mainland China,,electronics (smartphones),Kocaeli,"Gebze Güzeller OSB (12,000 m2)",production plant,20,USD mn,>2000 (3 yrs),5 million phones/yr,Dünya,"vivo, Türkiye’deki ilk yerli akıllı telefonlarını üretti. vivo, Kocaeli Gebze’de 20 milyon dolar yatırımla kurduğu tesiste Türkiye’deki ilk yerli akıllı telefonlarını üretti. … Akıllı telefon üreticisi vivo, Kocaeli Gebze Güzeller Organize Sanayi Bölgesi’nde (GGOSB) kurduğu fabrikada ilk üretimlerini gerçekleştirdi. … Toplam 20 milyon dolarlık yatırımla hayata geçirilen 12 bin metrekarelik vivo Türkiye fabrikasında, maksimum üretim kapasitesi ise yıllık 5 milyon adet olarak hedefleniyor. … Aynı zamanda vivo, bu yatırımıyla yapısal donanım dizaynı, elektronik, yazılım testi ve kalite kontrol gibi alanlarda 3 yıl içinde yerel olarak 2 binden fazla kişiye iş imkanı sağlamayı planlıyor.",,"vivo, Türkiye’deki ilk yerli akıllı telefonlarını üretti",https://www.dunya.com/sirketler/vivo-turkiyedeki-ilk-yerli-akilli-telefonlarini-uretti-haberi-630352,dunya_630352
e8e08fb8cf21,VIVO-GEBZE-PLANT,2021-08-20,other_news_source,production started,vivo,,,,,,,20,USD mn,,,TR Monitor,"vivo made its first smartphones in Turkey at a 12,000 m² facility in the Gebze Güzeller organised industrial zone, a 20m USD investment with capacity of up to 5m units a year and plans to employ over 2,000 people within three years.",,VIVO MANUFACTURES FIRST DOMESTIC SMARTPHONES IN TURKEY,https://www.trmonitor.net/vivo-manufactures-first-domestic-smartphones-in-turkey/,
92e8609d0fc5,SINOVAC-TURKEY-PRODUCTION,2021-09-02,investment_evidence,talks,Sinovac / PRC,Mainland China,Turkish Ministry of Health,pharmaceuticals (vaccines),,,investment & technology transfer for local production,,,,,Dünya,"Diğer aşılarında Türkiye'de üretilmesini istediklerini belirten Koca, ""Sinovac aşısı için Çin'le yatırım ve teknoloji transferini görüştük, uzun sürmeyeceğini söylediler.",health minister,Sağlık Bakanı Koca: Vefatların yüzde 90’ı tam aşılı değil,https://www.dunya.com/gundem/saglik-bakani-koca-vefatlarin-yuzde-90i-tam-asili-degil-haberi-632620,dunya_632620
428e33889d71,NUCTECH-TURKEY,2021-09-07,other_news_source,equipment in use,Nuctech,,,,,,,,,,,Yeni Akit,An X-ray CT scanner made by China's Nuctech is in use at the international business-class passage control at Istanbul Airport.,,İstanbul Havalimanı'nda hassas ve hızlı tarama,https://www.yeniakit.com.tr/haber/istanbul-havalimaninda-hassas-ve-hizli-tarama-1572960.html,
376538ec43c4,XIAOMI-SALCOMP-AVCILAR,2021-10-02,company_news,labour dispute resolved,Salcomp Xiaomi factory,Chinese-owned foreign brand,,electronics (smartphones),İstanbul,Avcılar,plant operations,,,,,Dünya,"Kavlak: Salcomp Xiaomi’de atılan işçiler geri alındı … Türk Metal Sendikası Başkanı Pevrul Kavlak, eylem yapmalarına neden olan Salcomp Xiaomi fabrikasında örgütlenme sonrası işten çıkarmalarla başlayan sorunun çözüldüğünü söyledi. … İşyerinde örgütlenerek yetki almalarının ardından işten çıkarmalar olduğunu söyleyen Kavlak, işten çıkarılanların tamamının işe alındığını belirterek, işçilerin karın tokluğuna çalıştırılmasına izin vermeyeceklerini, toplu sözleşme aşamasına geldiklerini söyledi.",union: dismissed workers rehired,Kavlak: Metal işkolunda toplu sözleşme süreci zor geçecek,https://www.dunya.com/ekonomi/kavlak-metal-iskolunda-toplu-sozlesme-sureci-zor-gececek-haberi-635453,dunya_635453
4621e78ad64b,CN-PHONE-MAKERS-TURKEY,2021-10-13,general_signal,status,OPPO; Xiaomi; vivo; TCL,Mainland China,,electronics (smartphones),,,,,,,,Dünya,"Samsung, Oppo, Xiaomi, Vivo, ve TCL gibi dünya pazarında önemli rol oynayan telefon üreticilerinin burada kendilerinin veya yerel ortaklarla iş birliği içerisinde akıllı telefon üretmeye başladıklarını, bazılarının ise başlayacağını belirten Valandova, bu durumun, Türkiye'nin hem altyapısı hem de konumunun getirdiği avantajın uluslararası yatırımcılar tarafından görüldüğünün en önemli kanıtı olduğunu vurguladı.",YASED roundup,YASED: Türkiye araç bataryası üretiminde üs olabilir,https://www.dunya.com/ekonomi/yased-turkiye-arac-bataryasi-uretiminde-us-olabilir-haberi-636467,dunya_636467
fe32212c41be,ZTE-NETAS,2021-10-13,investment_evidence,announced,ZTE (via Netaş),Mainland China,Netaş,telecom equipment,,,local production of infrastructure systems,,,,,Dünya,"Geçen ay Netaş'ın hissedarı ZTE'nin altyapı sistemlerini Türkiye'de üreteceğini açıkladığını kaydeden Uluslararası Yatırımcılar Derneği (YASED) Genel Sekreteri Serkan Valandova, bu sistemler için yerli malı sertifikası almasının ülke için önemli olduğunu ifade etti.",YASED: ZTE announced it will produce infrastructure systems in Turkey,YASED: Türkiye araç bataryası üretiminde üs olabilir,https://www.dunya.com/ekonomi/yased-turkiye-arac-bataryasi-uretiminde-us-olabilir-haberi-636467,dunya_636467
b1413bcafa7c,ALIBABA-TRENDYOL,2021-10-19,context_mention,reference,Alibaba,Mainland China,Trendyol,e-commerce,,,strategic investor,,,,,Dünya,Alibaba’yı stratejik yatırımcı alarak 4 kıtadan yatırım fonları akan yükselen yıldızımız.,opinion column,"Bırakın, on boynuzlu atlarımız yörüngeye çıksın",https://www.dunya.com/kose-yazisi/birakin-on-boynuzlu-atlarimiz-yorungeye-ciksin/636981,dunya_text104252
67bd68336472,HAIER-ESKISEHIR-PLANT,2021-10-23,investment_evidence,opened,Haier,Mainland China,,white goods,Eskişehir,Eskişehir OSB,factory,,,,,Dünya,"Eskişehir'de AK Parti İl Danışma Kurulu toplantısında Eskişehir teşkilatıyla buluştuktan sonra Çin HAİER firmasının şehirde kurduğu beyaz eşya fabrikası ile Organize Sanayi Bölgesi'nde yapılan 52 yeni fabrika ve altyapı tesislerinin açılış törenlerine katıldı. … Yatırım değeri 1,6 milyar lira olan bu fabrikaların hayırlı olmasını dileyen Erdoğan, HAİER firmasının dünya markalarını bünyesine katan, küresel çapta pazar payı olan bir firma olduğunu anlattı.","opened by President Erdoğan (with 52 other OSB factories, total 1.6bn TL)","Cumhurbaşkanı Erdoğan, Eskişehir'de 106 eserin toplu açılışını yaptı",https://www.dunya.com/gundem/cumhurbaskani-erdogan-eskisehirde-106-eserin-toplu-acilisini-yapti-haberi-637517,dunya_637517
c021434f3aa8,HAIER-ESKISEHIR-PLANT,2021-10-28,other_news_source,plant opened,Haier,,,,,,,85,EUR mn,,,Para Dergisi,"Haier's 85m EUR investment in Eskişehir: a 40m EUR dryer plant (1.5m units a year, operating since January 2021, about 900 staff) and a 45m EUR dishwasher plant (1m units a year, due June 2022, about 700 staff), opened with President Erdoğan attending.",,Eskişehir'e 85 milyon Euro'luk yatırım,https://www.paradergi.com.tr/is-dunyasi-kulis/2021/10/28/eskisehire-85-milyon-euroluk-yatirim,
373aa25258fb,PINEBRIDGE-ULUSAL-FAKTORING,2021-11-04,investment_evidence,partial exit ipo,PineBridge Financial Investments S.a.r.l,Hong Kong,Ulusal Faktoring,factoring,İstanbul,,minority stake,,,,,Dünya,"Sermayesinin yüzde 30,71’ine denk gelen 41 milyon TL nominal değerli payları SPK onayıyla halka arza eden Ulusal Faktoring’de talep toplama, bugün başladı. … Toplanan kesin talebin satışa sunulan pay miktarından fazla olması halinde PineBridge Financial Investments S.a.r.l’ye ait ve halka arz edilen payların yüzde 18,29’una denk gelen 7 milyon 500 bin TL nominal değerli paylar da ek satış kapsamında halka arz edilebilecek.",Ulusal Faktoring IPO; PineBridge shares offered in the additional sale,"Ulusal Faktoring, talep toplamaya başlıyor",https://www.dunya.com/finans/haberler/ulusal-faktoring-talep-toplamaya-basliyor-haberi-638692,dunya_638692
aee3f3ec590a,PINEBRIDGE-ULUSAL-FAKTORING,2021-11-08,investment_evidence,partial exit ipo,PineBridge Eurasia Financial Investments S.a.r.l,Hong Kong,Ulusal Faktoring,factoring,İstanbul,,minority stake,,,,,Dünya,"Ulusal Faktoring A.Ş.’nin sermayesinin 100.000.000,-TL’den 133.500.000,-TL’ye artırılması nedeniyle ihraç edilen 33.5000.000,-TL nominal değerli paylar ile ek satış dahil mevcut ortaklardan PineBridge Eurasia Financial Investments S.a.r.l.’nin sahibi olduğu toplam 15.000.000,-TL nominal değerli paylar olmak üzere toplam 48.500.000,-TL nominal değerli paylar Osmanlı Yatırım Menkul Değerler A.Ş. liderliğindeki Konsorsiyum tarafından sabit fiyatla talep toplama yöntemi kullanılmak suretiyle 4-5 Kasım 2021 tarihlerinde halka arz edildi.",PineBridge sold shares with a nominal value of 15m TRY in the November 2021 IPO,"Ulusal Faktoring'in halka arz büyüklüğü 120,8 milyon TL oldu",https://www.dunya.com/finans/haberler/ulusal-faktoringin-halka-arz-buyuklugu-1208-milyon-tl-oldu-haberi-639034,dunya_639034
2d7dca4b9960,SINOVAC-TURKEY-PRODUCTION,2021-11-09,investment_evidence,jv competition approval,Sinovac (Hainan) Life Sciences,Mainland China,Alagöz Holding,pharmaceuticals (vaccines),,,joint venture,,,,,Dünya,"Sinovac (Hainan) Life Sciences Co., Ltd. ile Alagöz Holding Anonim Şirketi tarafından ortak girişim kurulması işlemi uygun bulundu.",Turkish Competition Board cleared a Sinovac–Alagöz Holding JV (Nov 2021),Akköprü HES'in devrine onay,https://www.dunya.com/sirketler/akkopru-hesin-devrine-onay-haberi-639175,dunya_639175
67d30b80512e,HUAWEI-ISTANBUL-RND,2021-11-15,investment_evidence,investment reached,Huawei,Mainland China,,Telecom R&D,İstanbul,,R&D centre,184,USD mn,,,Aydınlık,"Huawei Türkiye Genel Müdürü Jing Li, ""11 yılı aşkın bir süredir kesintisiz olarak sürdürdüğümüz yatırımların ardından, bugün 184 milyon dolarlık yatırıma ulaşan Ar-Ge merkezimiz, Huawei'nin Çin dışındaki en büyük ikinci Ar-Ge Merkezi haline geldi.",Huawei Turkey R&D centre reached 184m USD investment; second-largest outside China (Nov 2021),Huawei'nin Çin dışındaki en büyük ikinci Ar-Ge Merkezi Türkiye'de,https://www.aydinlik.com.tr/haber/huaweinin-cin-disindaki-en-buyuk-ikinci-ar-ge-merkezi-turkiyede-264433,aydinlik_264433
b758056958ad,TOGG-FARASIS-BATTERY,2021-12-18,investment_evidence,state aid decree,Farasis Energy (JV Siro),Mainland China,TOGG,EV batteries (cells & modules),Bursa,Gemlik,JV battery cell & module plant,,,15 GWh,,Dünya,"Sanayi ve Teknoloji Bakanı Mustafa Varank, Türkiye'nin ilk otomobil batarya fabrikasının kurulmaya başlandığını belirterek, ""TOGG ve Farasis ortaklığında Siro, 15 gigavat saatlik batarya hücresi ve modül üretimi yapacak. … Varank, Twitter hesabından yaptığı paylaşımda, Resmi Gazete'nin bugünkü sayısında yayımlanan ""Bursa İlinde Yapılacak Olan Batarya Hücresi ve Modül Üretim Tesisi Yatırımına Proje Bazlı Devlet Yardımı Verilmesine İlişkin Cumhurbaşkanı Kararı""nı değerlendirdi. … Paylaşımında, Siro Silkroad Temiz Enerji Depolama Teknolojileri Sanayi ve Ticaret AŞ'nin Bursa'nın Gemlik ilçesinde gerçekleştireceği batarya hücresi ve modül üretim tesisi yapımına proje bazlı devlet yardımı verilmesini kapsayan karara yer veren Varank, şunları kaydetti:",project-based state aid decree,Varank: Türkiye'nin ilk otomobil batarya fabrikası kuruluyor,https://www.dunya.com/ekonomi/varank-turkiyenin-ilk-otomobil-batarya-fabrikasi-kuruluyor-haberi-643270,dunya_643270
7d417f808e15,TOGG-FARASIS-BATTERY,2021-12-18,context_mention,state aid decree,Siro (Togg–Farasis JV),Mainland China,Togg,EV batteries,Bursa,Bursa,"JV (cells, modules)",30000,TRY mn,2200,15 GWh,Dünya,"Resmi Gazete’de yayınlanan Cumhurbaşkanı Kararına göre, TOGG'un elektrikli otomobiller için batarya üretmek amacıyla gerçekleştireceği yatırım, Proje Bazlı Devlet Yardımı kapsamında desteklenecek. … TOGG söz konusu yatırım için Eylül ayında SIRO Silk Road Temiz Enerji Çözümleri San. ve Tic. … Buna göre Bursa’da gerçekleştirilecek yatırım kapsamında 15 GWs kapasiteli batarya hücresi ile 19.8 GWs kapasiteli batarya modül paketi üretimi gerçekleştirilecek. … Toplam 30 milyar lira büyüklüğündeki yatırım kapsamında 2 bin 200 ilave personel çalıştırılacak ve unların 400 tanesi nitelikli personel olacak.",Route C find: duplicate of state-aid decree story; Farasis not named in article,TOGG’un batarya yatırımına proje bazlı devlet desteği,https://www.dunya.com/ekonomi/toggun-batarya-yatirimina-proje-bazli-devlet-destegi-haberi-643258,dunya_643258
aaac5f92a271,TOGG-FARASIS-BATTERY,2021-12-27,investment_evidence,established,Farasis Energy (JV Siro Silk Road),Mainland China,TOGG,EV batteries,Bursa,,JV,30000,"TRY (incentive package, mn)",,15 GWh cells / 20 GWh packs by 2031,Dünya,"‘2022 sonunda bataryamız yerli olacak’ dedik, Farasis ortaklığında Siro’yu kurduk. … Hızlı ve yaygın alt yapı oluşumuna destek için Togg Akıllı ve Hızlı Şarj Çözümleri A.Ş. ile hazırlıklara başladık.” “Siro bölgenin lider oyuncularından biri olacak” Togg ve Farasis Energy ortaklığında enerji depolama çözümleri geliştirmek üzere kurulan ve ‘Rekabetçiliği destekleyecek stratejik teşvikler’ kapsamında 30 milyar TL’lik teşvik alan Siro Silk Road Temiz Enerji Çözümleri’nin 2031 itibarıyla yıllık 15 GWs hücre, 20 GWs batarya paketi üretim kapasitesine ulaşacağına dikkat çeken Karakaş, Siro’nun yerli batarya hücresi, modülü ve paketi üretilmesinde öncü olacağını kaydetti.",Siro founded with Farasis; 30bn TL incentives,Togg CEO’su Karakaş: Sözlerimizi tuttuk,https://www.dunya.com/sirketler/togg-ceosu-karakas-sozlerimizi-tuttuk-haberi-644133,dunya_644133
4ac72eb7a99a,ALIBABA-TRENDYOL,2022-01-01,context_mention,roundup,Alibaba,Mainland China,Trendyol,e-commerce,,,capital increase,350,USD mn,,,Dünya,"Asya Pasifik menşeili yatırımcıların işlem değerine katkısı Avrupalı ve Kuzey Amerikalı yatırımcılara kıyasla düşük olmakla birlikte, Alibaba tarafından Trendyol'a yapılan 350 milyon dolar büyüklüğündeki işlem Asya Pasifik bölgesini de öne çıkardı.",,Birleşme ve satın almalara yatırımcı dalgası,https://www.dunya.com/sektorler/birlesme-ve-satin-almalara-yatirimci-dalgasi-haberi-644659,dunya_644659
8d3078122220,POWERCHINA-EURASIA-HQ-ISTANBUL,2022-01-24,other_news_source,projects reported,PowerChina,,,,,,,,,,,China Daily,"PowerChina has nine projects under construction in Turkey, five hydropower stations and four thermal power projects, with a cumulative contract value of up to 3bn USD.",,Chinese companies employ a green trend in Turkey,https://www.chinadaily.com.cn/a/202201/24/WS61edebdfa310cdd39bc82b25.html,
3d9098f074b8,SPIC-ADIYAMAN-SOLAR,2022-01-24,other_news_source,operating,SPIC,,,,,,,,,,,China Daily,"SPIC's first solar energy investment in Turkey, the Adıyaman photovoltaic project, has generated 71.6 GWh since it was connected to the grid in December 2017.",,Chinese companies employ a green trend in Turkey,https://www.chinadaily.com.cn/a/202201/24/WS61edebdfa310cdd39bc82b25.html,
952c2b6b3344,ALIBABA-TRENDYOL,2022-02-08,company_news,announced,Trendyol (Alibaba-controlled),Mainland China,Birleşmiş Markalar Derneği,e-commerce / e-export,,,"technology, logistics & marketing spend",500,USD mn (3 years),,,Dünya,"BMD ve Trendyol’dan e-ihracat hamlesi: 3 yılda 500 milyon dolar yatırım yapılacak. … Trendyol, Birleşmiş Markalar Derneği (BMD) işbirliği ile BMD üyesi 452 markayı global pazarlarla buluşturmaya hazırlanıyor. … Bu kapsamda teknoloji, lojistik ve pazarlama odağında önümüzdeki 3 yılda 500 milyon dolar yatırım yapılacak.",investment by Chinese-controlled subsidiary (company programme),BMD ve Trendyol’dan e-ihracat hamlesi: 3 yılda 500 milyon dolar yatırım yapılacak,https://www.dunya.com/sirketler/bmd-ve-trendyoldan-e-ihracat-hamlesi-3-yilda-500-milyon-dolar-yatirim-yapilacak-haberi-648243,dunya_648243
0ed14b74d654,H3C-TURKEY,2022-02-20,company_news,company news,H3C,Mainland China,Boğaziçi Holding,ICT hardware,İstanbul,,Office + JV factory (plan),,,,,Aydınlık,"Boğaziçi Holding ve Çin merkezli teknoloji şirketi H3C sektör temsilcileriyle İstanbul’da buluştu. … Etkinliğe video ile katılım gösteren H3C Uluslararası Ticaret Başkan Yardımcısı Wang Chen Türkiye’nin en önemli pazarları olduğunu, gelecek dönemde yeni iş birliktelikleri için Türkiye’de daha fazla çalışacaklarını vurguladı.  20 ÜLKEDEN KATILIM  Boğaziçi Bilgisayar Yönetici Ortağı Ümit Önder, etkinliğe ilişkin yaptığı açıklamada, “20 ülkeden sektör temsilcileriyle burada bir araya geldik.",H3C channel event in Istanbul with partner Boğaziçi (Feb 2022),Çinli ortağı ile yerli ve milli ürün geliştirecek,https://www.aydinlik.com.tr/haber/cinli-ortagi-ile-yerli-ve-milli-urun-gelistirecek-301888,aydinlik_301888
de109bfbff5c,ZTE-NETAS,2022-03-01,company_news,product launch,Netaş (ZTE-controlled),Mainland China,ZTE,ICT hardware,,,localised server,,,,,Dünya,"Netaş, ZTE'nin dünya performans şampiyonu sunucusunu yerlileştirdi. … Ömer Fatih Sayan, BTK Başkanı Ömer Abdullah Karagözoğlu, ZTE Corporation Avrupa ve Amerika Bölgesi Başkanı ve Netaş Yönetim Kurulu Başkanı Aiguang Peng ile Netaş Telekom İş Birimi Genel Müdürü Bülent Elönü katıldı. … Ulaştırma ve Altyapı Bakan Yardımcısı Ömer Fatih Sayan,  2016'da Netaş'ın çoğunluk hissesini aldığında ZTE'ye koydukları şartlardan birinin, Netaş'ın bir Türk firması olarak kalması ve misyonuna yakışır şekilde yerli üretimi desteklemesi olduğunu vurguladı.",deputy minister recalls conditions set when ZTE bought majority in 2016,Netaş’tan ilk Türkçe arayüzlü yerli sunucu,https://www.dunya.com/sirketler/netastan-ilk-turkce-arayuzlu-yerli-sunucu-haberi-650464,dunya_650464
2376f5016ad2,ALIBABA-TRENDYOL,2022-03-03,context_mention,history,Alibaba,Mainland China,Trendyol,e-commerce,,,acquisition,,,,,Dünya,"Bu dönemde Digitürk, Trendyol, Gram Games, Peak Games firmalarında dikkate değer satın alma işlemleri olmuştur.",FDI history article,Türkiye’nin UDY hikayesi,https://www.dunya.com/ekonomi/turkiyenin-udy-hikayesi-haberi-650673,dunya_650673
75cac24600ab,HUNUTLU-EMBA-SHANGHAI-ELECTRIC,2022-03-03,investment_evidence,acquired (reference),Shanghai Electric,Mainland China,EMBA Elektrik,energy (imported coal),Adana,,acquisition of EMBA Elektrik,,,,,Dünya,"İşlem bazında Akkuyu Nükleer’in kurulması, Socar ve Tanap’taki sermaye transferleri, Petrol Ofisi’nin Avusturya’lı OMV tarafından, Emba Elektrik firmasının Çin’li Shangai Electric tarafından, Entek Elektrik firmasının AES tarafından satın alınması dikkat çekmiştir.",FDI history: Emba Elektrik acquired by China's Shanghai Electric,Türkiye’nin UDY hikayesi,https://www.dunya.com/ekonomi/turkiyenin-udy-hikayesi-haberi-650673,dunya_650673
b60319300059,CN-MARBLE-QUARRIES,2022-06-01,context_mention,failed,Chinese investors,Mainland China,,mining (marble),,,,,,,,Dünya,Çin'den yabancı yatırımcılar geldi fakat Türkiye'nin şartlarında çok başarılı olamadılar.,İMİB: Chinese investors came but were not very successful under Turkish conditions,Victoria's Secret mağazalarını Türk mermeri süsleyecek,https://www.dunya.com/sektorler/victorias-secret-magazalarini-turk-mermeri-susleyecek-haberi-659535,dunya_659535
e8c4e3142359,NIGDE-OSB-CN-LYCRA-YARN,2022-06-10,other_news_source,factory announced by zone management,Unnamed firm of Chinese origin operating in Vietnam,,,,,,,,,,,Sanayi Gazetesi,"Niğde OSB regional manager Mahmut Peşin said a firm of Chinese origin that operates in Vietnam would build a factory in the zone to make lycra yarn, with 170,000 m² of covered space and 2,000 jobs; the firm is not named. He said 29 plots in the 230-hectare extension had been allocated, some to foreign investors.",,NİĞDE OSB'DE 16 MİLYAR LİRALIK YATIRIM!,https://sanayigazetesi.com.tr/nigde-osbde-16-milyar-liralik-yatirim/,
9cbfeeb4f29c,JA-SOLAR-HSA-OEM,2022-06-16,company_news,operating,JA Solar,Mainland China,HSA Enerji,solar manufacturing,Manisa,Manisa OSB,OEM production (non-equity),,,500 MW (1 GW planned),,Dünya,"Manisa Organize Sanayi Bölgesi'nde (OSB) üretim faaliyetlerini sürdüren HSA Enerji, geçen yıl eylülde ilk fazı yıllık 250 megavat olan kapasiteyle üretime başlamıştı. … “İkinci fabrikamızın inşaatına başladık” Yeni yatırıma ilişkin bilgi veren HSA Enerji Satış ve Pazarlama Direktörü Mehmet Aybaş, “Ulusal ölçekte geniş üretim kapasitesine sahip olan, güneş enerji sektöründe kalitesi ve teknolojisi ile öne çıkan HSA Enerji, ürettiği Mavi Çam Güneş Panelleri ve JA Solar panellerini daha fazla güneş enerji santrali çözümlerine sunmak için mevcut kapasitesini arttırdı.",HSA Enerji makes its own brand and JA Solar panels in Manisa and is building a second factory,HSA Enerji’den Manisa'ya ikinci güneş paneli fabrikası,https://www.dunya.com/sirketler/hsa-enerjiden-manisaya-ikinci-gunes-paneli-fabrikasi-haberi-661138,dunya_661138
2fa5d39245bd,GATEIO-TURKEY,2022-06-21,investment_evidence,operations started,Gate.io,Mainland China,,crypto exchange,İstanbul,,country office / operations,,,,,Dünya,"Çinli kripto para borsası Gate io, Türkiye’de faaliyetlerine başladı. … Çinli spot işlem borsası Gate io, Türkiye’de resmi olarak faaliyetlerine başladı. 190'dan fazla ülkede 10 milyon kullanıcıya hizmet veren Gate io, Türkiye’deki yatırım ve ofisini bu yıl itibarıyla büyütmeyi amaçlıyor. … Bin 400'ün üzerinde kripto para biriminde hizmet veren borsa, geçen hafta itibarıyla Türkiye Genel Müdürü olarak Kafkas Sönmez’i atadı. … Gate.io, Türkiye’deki yatırım ve ofisini bu yıl itibarıyla büyütmeyi amaçlıyor.",plans to grow Turkey investment and office,"Çinli kripto para borsası Gate io, Türkiye’de faaliyetlerine başladı",https://www.dunya.com/finans/kripto-para/cinli-kripto-para-borsasi-gate-io-turkiyede-faaliyetlerine-basladi-haberi-661525,dunya_661525
d961e4ccaf49,CHINA-SOUTHERN-ISTANBUL,2022-06-29,company_news,operations,China Southern Airlines,Mainland China,,aviation,İstanbul,,airline routes,,,,,Dünya,"Çin Halk Cumhuriyeti'nin hava yolu şirketlerinden China Southern Airlines, COVID-19 salgını nedeniyle ara verdiği İstanbul uçuşlarına yeniden başladı. … İstanbul Havalimanı İşletmecisi İGA'nın sosyal medya hesaplarından yapılan paylaşımda, ""China Southern Airlines bugün itibarıyla yeniden Wuhan-İstanbul seferlerine başladı.",Wuhan–Istanbul flights resumed after the pandemic (June 2022),"China Southern Airlines, İstanbul uçuşlarına yeniden başladı",https://www.dunya.com/sirketler/china-southern-airlines-istanbul-ucuslarina-yeniden-basladi-haberi-662427,dunya_662427
c4bd3784af10,PIRELLI-CHEMCHINA,2022-07-11,other_news_source,CNRC acquires remaining 38% of Prometeon,Sinochem Holdings (CNRC / Aeolus Tyre) via Prometeon Tyre Group,,,,,,,,,,,Tyrepress,"CNRC, a Sinochem Holdings unit, bought 38% of Prometeon Tyre Group from High Grade (HK) Investment Management on 28 June 2022 and will transfer it to Aeolus Tyre; TP Industrial Holding, controlled by CNRC, holds 52% and Aeolus 10%.",,Aeolus gains additional 38% stake in Prometeon,https://tyrepress.com/2022/07/aeolus-gains-additional-38-stake-in-prometeon,
c021434f3aa8,HAIER-ESKISEHIR-PLANT,2022-08-01,other_news_source,dishwasher factory about to start,Haier,,,,,,,,,,,Sanayi Gazetesi,"Haier Europe's head of production Mehmet Ali Karasu told the visiting governor that the dishwasher factory about to start in the Eskişehir OSB would make 1 million dishwashers a year, with a EUR 45 million investment and 700 employees.",A later company release gives EUR 40 million.,VALİ AYYILDIZ VE BAŞKAN KÜPELİ HAİER FABRİKASI’NI ZİYARET ETTİ,https://sanayigazetesi.com.tr/vali-ayyildiz-ve-baskan-kupeli-haier-fabrikasini-ziyaret-etti/,
d6014666e630,CHERY-SAMSUN-PLANT,2022-09-12,other_news_source,production plan stated,Chery Automobile,,,,,,,,,,,Sanayi Gazetesi,"At an online press meeting on Chery's entry into the Turkish market, a Chery executive said the company believed it would set up a production facility in Turkey step by step and export to Europe, as part of its five-year strategy; sales were expected to start in the last quarter.",,Çin Otomobil Devi ‘CHERY’ Türkiye’de Fabrika Kuruyor,https://sanayigazetesi.com.tr/cin-otomobil-devi-chery-turkiyede-fabrika-kuruyor/,
b289f4dcd3f0,TCL-BILKOM-TV,2022-09-14,other_news_source,First Mini LED TVs 'produced in Turkey' launched,TCL Electronics,,,,,,,,,,,LOG,C835 and C935 presented as the first Mini LED TVs made in Turkey; Bilkom GM Fikret Ballıkaya says local production was announced two years ago; range almost entirely locally produced; factory not named.,,Türkiye'de üretilen ilk Mini LED TV'ler: TCL C835 ve C935,https://www.log.com.tr/?p=780089,
5b667d0004bc,CN-PROMO-PRODUCTS-2022,2022-09-24,other_news_source,plan announced by sector association,Unnamed Chinese promotional-products companies,,,,,,,,,,,İstiklal,"PROMOTÜRK chairman Mehmet Yücetürk says Chinese promotional-products firms, after a visit by about 100 executives, will establish three factories in 5th and 6th incentive-region provinces from early 2023 with at least 10,000 jobs, making thermoses, steel pens, USB drives and power banks.",,Çin'den Türkiye kararı! Pazar Türklere kaldı,https://www.istiklal.com.tr/ekonomi/cinden-turkiye-karari-pazar-turklere-kaldi-713583h,
b21ef4a7a1a8,HUNUTLU-EMBA-SHANGHAI-ELECTRIC,2022-10-10,other_news_source,second unit in commercial operation,"Shanghai Electric Power (SPIC group), via EMBA Elektrik Üretim",,,,,,,,,,,Belt and Road Portal (yidaiyilu.gov.cn),"The second 660 MW ultra-supercritical unit of the Hunutlu plant in Adana started commercial operation; the first was put into operation in June. The page gives total investment of USD 1.7 billion, mainly by Shanghai Electric Power, and annual output of 9 billion kWh.",,2nd power generation unit of China-financed thermal power plant in Türkiye starts commercial operation,https://eng.yidaiyilu.gov.cn/p/283073.html,
de897c83e1ea,KAISHAN-GULPINAR-GEOTHERMAL,2022-10-18,other_news_source,joint venture agreed,Kaishan Group (via OME Eurasia),,,,,,,,,,,ThinkGeoEnergy,"Kaishan's subsidiary OME Eurasia will put up to USD 21 million of equity into Transmark Turkey Gülpınar in stages for 49% of its shares, subject to conditions precedent. The 15.8 MWe expansion in Çanakkale, with five production and three injection wells, is budgeted at USD 58 million and expected in commercial operation in 2024; Kaishan designs and supplies the ORC plants.",,"Transmark Renewables and Kaishan form JV for expansion of Gulpinar geothermal project, Turkiye",https://www.thinkgeoenergy.com/transmark-renewables-and-kaishan-form-jv-for-expansion-of-gulpinar-geothermal-project-turkiye/,
dbfa5b3865bb,PENINSULA-GALATAPORT-HOTEL,2022-11-09,other_news_source,opening date announced,"The Hongkong and Shanghai Hotels, Limited",,,,,,,,,,,Hospitality Net,"The Hongkong and Shanghai Hotels, owner and operator, with local partners Doğuş and Bilgili, will open the 177-room Peninsula Istanbul at Galataport, Karaköy, on 14 February 2023.",,The Peninsula Istanbul Hotel To Open February 2023,https://www.hospitalitynet.org/announcement/41008761/the-peninsula-istanbul-hotel-to-open-february-2023.html,
c021434f3aa8,HAIER-ESKISEHIR-PLANT,2022-11-17,other_news_source,dishwasher factory announced as opened,Haier (Haier Europe),,,,,,,,,,,Haier Europe (PR Newswire),"Haier Europe announces a new EUR 40 million dishwasher factory in Eskişehir with capacity of 1 million units a year for the Candy, Hoover and Haier brands, equipped with solar panels and automated quality checks; Turkey becomes its largest production and export hub in Europe.",,Haier Europe Further Expands Its Production Capacity with a New Dishwasher Factory in Turkey,https://prnewswire.co.uk/news-releases/haier-europe-further-expands-its-production-capacity-with-a-new-dishwasher-factory-in-turkey-301681150.html,
c021434f3aa8,HAIER-ESKISEHIR-PLANT,2022-11-24,other_news_source,earlier plants reported operating,Haier (Haier Europe),,,,,,,,,,,Yicai Global,"Says Haier has invested over EUR 85 million (USD 88.7 million) in a tumble-dryer factory and a dishwasher plant in Turkey, both operating, with annual capacity of 1.5 million dryers and 1 million dishwashers.",,"Chinese Home Appliance Giants Hike Investment in Middle East, Africa to Open Up Markets",https://yicaiglobal.com/news/chinese-home-appliance-giants-hike-investment-in-middle-east-africa-to-open-up-markets,
c021434f3aa8,HAIER-ESKISEHIR-PLANT,2022-11-30,other_news_source,dishwasher factory reported,Haier (Haier Europe),,,,,,,,,,,kbbreview,"Haier has invested EUR 40 million in a new dishwasher plant on its existing 190,000 m2 site in Eskişehir, with capacity of 1 million units a year, following the tumble-dryer factory opened in 2021.",,Haier invests €40m in new dishwasher plant,https://www.kbbreview.com/50935/news/haier-invests-e40m-in-new-dishwasher-plant/,
1441417dd489,HUNUTLU-EMBA-SHANGHAI-ELECTRIC,2022-12-07,context_mention,reference,SPIC,Mainland China,,Energy – imported coal,Adana,,Acquisition + greenfield plant,,,,,Aydınlık,"Çin Halk Cumhuriyeti'nin Ankara Büyükelçiliği ve Pekin Yunus Emre Türk Kültür Merkezi'nin destek verdiği etkinlikte, SPIC'in, Adana'da inşa ettiği Hunutlu Termik Santrali başta olmak üzere, Türkiye'deki projeleri ve iki ülke arasındaki sürdürülebilir enerji işbirliği ele alındı.",SPIC event presenting the Hunutlu plant it built in Adana (Dec 2022),Türkiye ve Çin sürdürülebilir enerji işbirliğini geleceğe taşıyor,https://www.aydinlik.com.tr/haber/turkiye-ve-cin-surdurulebilir-enerji-isbirligini-gelecege-tasiyor-354619,aydinlik_354619
717893f4d2cf,KONTROLMATIK-BOZHON,2022-12-20,other_news_source,strategic cooperation agreement disclosed,"Bozhon (Bozhon Precision Industry Technology, as reported 'Çinli Bozhon')",,,,,,,,,,,Bloomberg HT,"Kontrolmatik disclosed to KAP a strategic cooperation agreement with China's Bozhon to produce in Turkey machinery, machine tools, production lines and automation systems for consumer electronics and lithium batteries, aimed at European and American markets.",,"Kontrolmatik, Çinli Bozhon ile iş birliği anlaşması imzaladı",https://www.bloomberght.com/kontrolmatik-cinli-bozhon-ile-is-birligi-anlasmasi-imzaladi-2321551,
97ec80faa8af,JA-SOLAR-HSA-OEM,2022-12-31,other_news_source,operating,JA Solar,,,,,,,,,,,PVTIME,"JA Solar is described as the only top-five PV supplier with local OEM manufacturing in Turkey, with a 12.4% module share in the first three quarters of 2022.",,JA Solar Makes Progress in Turkish Market with Local OEM Strength,https://www.pvtime.org/?p=16856,
03de61b1d613,ALIBABA-DATACENTRE-LOGISTICS-PLAN,2023-01-08,other_news_source,investment plan announced (interview),Alibaba Group,,,,,,,,,,,Sabah,"Alibaba's Michael Evans says the group will invest more than USD 1 billion in logistics and cloud in Turkey: a logistics hub at Istanbul Airport and a 200,000 m2 data centre at Temelli, Ankara, described as Turkey's largest.",,Dev şirketten dev yatırım,https://www.sabah.com.tr/yazarlar/dilek-gungor/2023/01/08/dev-sirketten-dev-yatirim/amp,
03de61b1d613,ALIBABA-DATACENTRE-LOGISTICS-PLAN,2023-01-09,other_news_source,investment plan reported,Alibaba Group,,,,,,,,,,,Data Center Knowledge (Bloomberg News),"Bloomberg reports that Alibaba plans to invest more than USD 1 billion in a logistics hub at Istanbul Airport and a data centre at Temelli near Ankara, quoting president Michael Evans; Evans also urged Turkey to fix shortcomings in e-commerce regulation.",,"Alibaba Plans Logistics Hub at Istanbul Airport, Data Center Near Ankara",https://www.datacenterknowledge.com/cloud/alibaba-plans-logistics-hub-at-istanbul-airport-data-center-near-ankara,
03de61b1d613,ALIBABA-DATACENTRE-LOGISTICS-PLAN,2023-01-09,other_news_source,investment plan reported,Alibaba Group,,,,,,,,,,,Medyascope,"Alibaba plans to invest over USD 1 billion in Turkey in a logistics hub at Istanbul Airport and a data centre near Ankara, according to Michael Evans, who met Treasury and Finance Minister Nureddin Nebati; Alibaba holds 86.5% of Trendyol after buying 75% for USD 728 million in 2018.",,Alibaba Türkiye’ye 1 milyar dolarlık yatırım yapacak,https://medyascope.tv/2023/01/09/alibaba-turkiyeye-1-milyar-dolarlik-yatirim-yapacak/,
0bc917c661a8,ALIBABA-TRENDYOL,2023-01-09,other_news_source,USD 1 billion+ plan announced,Alibaba Group,,,,,,,,,,,Medyascope,"Citing Sabah, reports Alibaba chairman Michael Evans saying the group plans over USD 1 billion of investment including a logistics hub at Istanbul Airport and a data centre near Ankara, after meeting Minister Nebati.",,Alibaba Türkiye'ye 1 milyar dolarlık yatırım yapacak,https://medyascope.tv/2023/01/09/alibaba-turkiyeye-1-milyar-dolarlik-yatirim-yapacak/,
0bc917c661a8,ALIBABA-TRENDYOL,2023-01-09,other_news_source,USD 1 billion+ plan announced,Alibaba Group,,,,,,,,,,,Maritime Gateway,"Alibaba president Michael Evans says the company plans a logistics hub at Istanbul Airport and a data centre near Ankara with investment of more than USD 1 billion, to serve e-export to Europe, the Middle East and the Far East.",,Alibaba plans logistics hub in Istanbul,https://www.maritimegateway.com/alibaba-plans-logistics-hub-in-istanbul/,
fbadba834378,CHERY-TURKEY-SALES,2023-01-10,other_news_source,financing partnership signed; dealer plan announced,Chery Automobile,,,,,,,,,,,arabam.com,"Chery Türkiye signs a customer-financing partnership with Quick Finans (Maher Holding); it plans 25 sales-and-service dealers in 2023 and more than 40 in 2024, with sales to start in spring 2023 and electric and hybrid models in 2024.",,Chery Türkiye Yeni İş Ortaklığını Açıkladı!,https://www.arabam.com/blog/haberler/chery-turkiye-yeni-is-ortakligini-acikladi/,
dbfa5b3865bb,PENINSULA-GALATAPORT-HOTEL,2023-01-18,other_news_source,investment size and opening reported,"The Hongkong and Shanghai Hotels, Limited",,,,,,,,,,,Posta,"The Peninsula Istanbul, a EUR 300 million (about TRY 6.1 billion) investment of The Hongkong and Shanghai Hotels, Doğuş Group and Bilgili Holding, opens officially on 14 February 2023; it employs 400 people, rising to 700 at full capacity.",,İstanbul'a 300 milyon Euro'luk lüks otel yatırımı,https://www.posta.com.tr/ekonomi/istanbula-300-milyon-euroluk-luks-otel-yatirimi-2602393,
03de61b1d613,ALIBABA-DATACENTRE-LOGISTICS-PLAN,2023-01-19,other_news_source,plan relayed by Turkey's investment office,Alibaba Group,,,,,,,,,,,Investment Office of the Presidency of Türkiye,"The Investment Office reports Alibaba's plan to invest over USD 1 billion in a logistics hub next to Istanbul Airport and a data centre in Ankara, quoting Michael Evans; Alibaba holds 86.5% of Trendyol.",,Alibaba Plans to Invest USD 1 Billion in Türkiye,https://www.invest.gov.tr/en/News/News-from-Turkey/Pages/alibaba-plans-invest-usd-1-billion-turkiye.aspx,
5d4eb704eedc,CSR-MNG-ANKARA-RAIL-PLANT,2023-01-23,other_news_source,trains entered service; local production stated,CRRC Zhuzhou Locomotive (CRRC ZELC),,,,,,,,,,,CGTN,"CRRC Zhuzhou's driverless trains entered service on the 34 km Kağıthane-Istanbul Airport line; of 176 cars, 40 were delivered and 136 are to be manufactured at the company's factory in Ankara, with a 60% localisation requirement.",,China-made driverless trains enter service in Istanbul's new metro line,https://news.cgtn.com/news/2023-01-23/China-made-driverless-trains-debut-on-Istanbul-s-new-metro-line-1gPorg1xdgA/index.html,
c4a00d64894d,OPPO-TURKEY-PLANT,2023-01-23,other_news_source,production reported suspended,OPPO,,,,,,,,,,,LOG,"Says production at OPPO's Tuzla plant stopped about a month earlier and is not expected for at least six months, with about 500 workers affected; OPPO support is quoted confirming that only the production facility has been suspended while sales and service continue.",,Birçok iddia var: OPPO Türkiye macerası sona mı erdi?,https://www.log.com.tr/bircok-iddia-var-oppo-turkiye-macerasi-sona-mi-erdi/,
e8e08fb8cf21,VIVO-GEBZE-PLANT,2023-03-15,other_news_source,"third line active, fourth planned",vivo,,,,,,,,,,,LOG,"vivo's Gebze plant (USD 20 million, 5 million units a year) employs 300+; a third production line activated at the end of 2022 raised active capacity by 35% and a fourth is planned for 2023, adding about 100 jobs.",,"Vivo, Türkiye fabrikasının kapılarını açtı, güncelleme sözü verdi",https://www.log.com.tr/?p=812166,
e8e08fb8cf21,VIVO-GEBZE-PLANT,2023-03-15,other_news_source,fourth line planned,vivo,,,,,,,,,,,Sanayi Gazetesi,"vivo Turkey's general manager Ted Dai said work had begun on a fourth production line at the Gebze plant, to be launched in 2023 with about 100 jobs. A third line added at the end of 2022 raised active capacity by 35%. The plant, a USD 20 million investment with capacity of 5 million devices a year, employs over 300 people.",,Dünya Markası Türkiye'de Üretim Gerçekleştirecek,https://sanayigazetesi.com.tr/dunya-markasi-turkiyede-uretim-gerceklestirecek/,
fbadba834378,CHERY-TURKEY-SALES,2023-03-22,other_news_source,sales started,Chery Automobile,,,,,,,,,,,Habertürk,"Chery put the Omoda 5, Tiggo 7 Pro and Tiggo 8 Pro on sale in Turkey through 25 authorised dealers in 18 provinces; Turkey president Si Fenghuo said Turkey is a bridge for Chery's entry into the European market. No local production is mentioned.",,Çinli Chery'nin 3 SUV modeli Türkiye'de satışa çıktı,https://www.haberturk.com/cinli-chery-nin-3-suv-modeli-turkiye-de-satisa-cikti-3575788-ekonomi,
fbadba834378,CHERY-TURKEY-SALES,2023-03-22,other_news_source,sales started,Chery Automobile,,,,,,,,,,,CHIP Online,"Three Chery SUV models went on sale in Turkey in March 2023 through 25 dealers in 18 provinces, with more than 20,000 customer enquiries before prices were announced; the page gives no production or investment plan.",,Çinli Chery Türkiye'de satışa çıktı: Fiyat listesi nasıl?,https://chip.com.tr/galeri/cheryin-modelleri-turkiyede-satisa-cikti-fiyat-listesi-nasil-fiyat-listesi-ve-ozellikleri_156653.html,
1b8c103354fd,TOGG-FARASIS-BATTERY,2023-04-21,other_news_source,module and pack production started,Farasis Energy,,,,,,,,,,,electrive,"Siro began series production in Gemlik on 31 March 2023 in a 26,000 m2 plant built in about 18 months, with 3 GWh initial capacity, 300 employees and an R&D centre being built at Bilişim Vadisi.",,Turkey: Siro kicks off series production of battery modules and packs,https://www.electrive.com/2023/04/21/turkey-siro-kicks-off-series-production-of-battery-modules-and-packs,
3926c1e11d5a,ATLAS-ISKENDERUN-CPI-AVIC-EPC,2023-04-23,other_news_source,operating,CPI Power Engineering; AVIC International,,,,,,,,,,,Energy Monitor,A plant profile names China National Aero-Technology I&E and CPI Power Engineering as EPC contractors and CPI Power Engineering as operation and maintenance contractor since 2015.,,"Power plant profile: Iskenderun Coal Fired Power Plant, Turkey",https://www.energymonitor.ai/?p=116442,
b13229ab0b2b,TOGG-FARASIS-BATTERY,2023-04-24,investment_evidence,construction started,Farasis Energy; Togg (Siro),Mainland China,Togg,EV batteries,Bursa,Gemlik,"JV (cells, modules)",,,,,Aydınlık,Türkiye’nin ilk batarya fabrikasının inşasına başlanıyor. … Türkiye’nin ilk batarya fabrikasının inşasına Bursa’nın Gemlik ilçesinde başlanıyor. … Türkiye'nin küresel mobilite markası Togg ile Çinli enerji devi Farasis ortaklığında enerji depolama çözümleri geliştirmek üzere kurulan Siro Silk Road Temiz Enerji Depolama Teknolojileri’nin Batarya Geliştirme ve Üretim Kampüsü için bugün inşaat başlangıç töreni düzenlenecek.,Groundbreaking of the Togg–Farasis Siro battery campus in Gemlik (Apr 2023),Türk-Çin ortaklığında Togg için dev yatırım,https://www.aydinlik.com.tr/haber/turk-cin-ortakliginda-togg-icin-dev-yatirim-383971,aydinlik_383971
1b8c103354fd,TOGG-FARASIS-BATTERY,2023-04-26,other_news_source,cell factory foundation laid,Farasis Energy,,,,,,,,,,,electrive,Siro laid the foundation for a battery cell factory on 60 hectares in Gemlik; cell production is scheduled for 2026 and capacity is to reach 20 GWh a year by 2031.,,Siro lays foundation for battery cell factory in Turkey,https://www.electrive.com/2023/04/26/siro-lays-foundation-for-battery-cell-factory-in-turkey,
041d55c3aac3,SAIC-MG-TURKEY-PLANT,2023-05-01,other_news_source,plan shelved after additional tariff,SAIC Motor (MG),,,,,,,,,,,Ekonomi Gazetesi,"Doğan Trend CEO Kağan Dağtekin said SAIC had given preliminary approval and talks were advanced, but the 40% additional customs duty on Chinese EVs (March 2023) made SAIC suspend the plan.",,"Çinli SAIC'in fabrika planı, ek vergiye takıldı",https://www.ekonomigazetesi.com/sektor-haberleri/otomotiv/cinli-saicin-fabrika-plani-ek-vergiye-takildi-13684,
c4a00d64894d,OPPO-TURKEY-PLANT,2023-05-24,other_news_source,factory reported closed; Egypt plant planned,OPPO,,,,,,,,,,,LOG,"OPPO, which closed its USD 50 million Turkish factory in 2022 and laid off about 500 workers citing global economic conditions, is negotiating a USD 20 million phone plant in Egypt; it says sales, service and parts support continue in Turkey.",,"Türkiye fabrikasını kapatan OPPO, Mısır'a fabrika kuruyor",https://www.log.com.tr/turkiye-fabrikasini-kapatan-oppo-misira-fabrika-kuruyor/,
c4a00d64894d,OPPO-TURKEY-PLANT,2023-05-25,other_news_source,"plant reported closed, production moved to Egypt",OPPO,,,,,,,,,,,ShiftDelete.Net,"Reports, citing Dünya, that OPPO's Tuzla plant (opened 2021 with USD 50 million) has closed and production is being moved to Egypt, where about USD 20 million will be invested for 4.5 million phones a year.",,Oppo'dan şaşırtan Türkiye kararı!,https://shiftdelete.net/oppo-tuzla-uretim-tesisi-karari?amp=1,
5d4eb704eedc,CSR-MNG-ANKARA-RAIL-PLANT,2023-06-09,other_news_source,local production reported,CRRC Zhuzhou Locomotive (CRRC ZELC),,,,,,,,,,,Cumhuriyet,"Citing Global Times, the page says CRRC Zhuzhou's Istanbul Airport metro vehicles are being made locally with a 60% localisation rate, 13 Turkish partner firms and over 200 jobs, according to CRRC Turkey general manager Li Yangyang.",,"Global Times: Çin'in, sürücüsüz yüksek hızlı metro projesi Türkiye'de başlıyor",https://www.cumhuriyet.com.tr/dunya/global-times-cinin-surucusuz-yuksek-hizli-metro-projesi-turkiyede-basliyor-2089090,
bc8e6eb0c750,SKYWELL-ULU-BATTERY,2023-06-19,other_news_source,battery plant agreement,Skyworth (Skywell),,,,,,,,,,,Cumhuriyet,"Skyworth and Ulubaşlar Group announced an agreement to invest USD 25m in total in a battery module and pack plant in Turkey, to open by Q1 2024; founder and CEO Wu Longba also plans a vehicle production line and bringing the parts supply system and some parts production to Turkey. The site is not finalised; a plot close to a port is preferred.",,Yeni batarya yatırımı,https://www.cumhuriyet.com.tr/ekonomi/yeni-batarya-yatirimi-2091808,
bc8e6eb0c750,SKYWELL-ULU-BATTERY,2023-06-19,other_news_source,battery plant agreement,Skyworth (Skywell),,,,,,,,,,,Türkgün,"Skyworth and Ulu Motor agreed to develop batteries and open a production factory in Turkey; feasibility studies are to start as soon as possible, and a vehicle production line, a spare-parts supply system in Turkey and local production of some parts are also planned.",,İki ülke arasında dönüm noktası olacak anlaşma! Türkiye'de üretecekler,https://www.turkgun.com/ekonomi/iki-ulke-arasinda-donum-noktasi-olacak-anlasma-turkiyede-uretecekler/212410,
b8c66036786e,SMART-GUNES-SUMEC,2023-06-21,other_news_source,equipment supply and credit-line agreement announced,"SUMEC Energy Holdings (SUMEC Group, Sinomach)",,,,,,,,,,,Midas (Midas'ın Kulakları),"Smart Güneş agreed with SUMEC Energy Holdings on equipment for panel and cell production lines up to 2.5 GW with a USD 50 million credit line, distribution of its panels in Bulgaria, the Balkans and some European markets, and cooperation on large EPC and solar plant projects.",,Smart Güneş Teknolojileri'nden Çinli Şirketle Dev Anlaşma,https://www.getmidas.com/midasin-kulaklari/smart-gunes-teknolojilerinden-cinli-sirketle-dev-anlasma-p-22820,
3ac38f8cd396,THIRD-NPP-SNPTC,2023-06-21,investment_evidence,talks ongoing,Chinese government; SPIC,Mainland China,,Nuclear energy,Kırklareli,Thrace,Intergovernmental nuclear project,,,,,Aydınlık,"Türkiye'den ""Nükleer"" atağı!. Akkuyu Nükleer Güç Santrali'nin birinci ünitesinde sona yaklaşılırken, Sinop'ta yapılacak ikinci nükleer santral için Rusya ve Güney Kore ile, Trakya Bölgesi'nde yapılacak üçüncü nükleer santral için ise Çin ile görüşülüyor. … ""Dördüncü bir nükleer santrale yönelik saha araştırmalarımız devam ediyor""  Trakya bölgesinde yapılacak üçüncü nükleer santralle ilgili çalışmalara ilişkin de bilgi veren Sarı, ""Ayrıca Trakya bölgesinde üçüncü bir santralin kurulumuna yönelik de Çin hükümetiyle görüşmelerimiz devam ediyor. … ""Türkiye'nin önemli bir nükleer enerji ülkesi olacağına inanıyoruz""  Çin Devlet Enerji Yatırım Şirketi Türkiye Projesi Başkanı Wang Xiaohang ise Çin ve Türkiye'nin ortak çabasıyla Türk firmalarla enerji alanında geniş çaplı iş birlikleri yürüttükleri söyledi.",Energy ministry: talks with the Chinese government on a third plant in Thrace continue (June 2023),"O iki ile Nükleer Santral yapılacak! Türkiye'den ""Nükleer"" atağı!",https://www.aydinlik.com.tr/haber/o-iki-ile-nukleer-santral-yapilacak-turkiyeden-nukleer-atagi-398441,aydinlik_398441
4e5644c04288,HUAWEI-CLOUD-TURKEY,2023-07-13,other_news_source,Localised cloud service launched,Huawei (Huawei Cloud),,,,,,,,,,,Belt and Road Portal (Xinhua),Huawei launched its first localised cloud service in Türkiye in Istanbul on 12 July 2023 with 78 cloud services and a new disaster-recovery site in Ankara; Deputy Minister Ömer Fatih Sayan said he hoped the data centre would set an example for the industry.,,China's tech giant Huawei launches localized cloud in Türkiye,https://eng.yidaiyilu.gov.cn/p/0LL638LV.html,
98a1a3d09943,DONGFENG-VOYAH-TURKEY,2023-07-25,other_news_source,Market entry via distributor,Dongfeng Motor (Voyah),,,,,,,,,,,Hürriyet Daily News,"Voyah, a Dongfeng brand, entered the Turkish market with distributor Marcar Otomotiv as the sixth Chinese carmaker; the Free model was priced at TRY 4.55 million and no production plan is mentioned.",,One more Chinese carmaker enters Turkish market,https://www.hurriyetdailynews.com/one-more-chinese-carmaker-enters-turkish-market-184975,
c450eb99c932,GWM-TURKEY-PLANT,2023-07-27,other_news_source,advanced talks reported,Great Wall Motor,,,,,,,,,,,LOG,Great Wall is in advanced talks with the Investment Office and the Manisa land once allocated to Volkswagen is proposed; Minister Kacır expects at least one maker to announce a decision before year-end.,,"Çinli Great Wall ve Skywell, olası Türkiye yatırımları ile gündemde",https://www.log.com.tr/?p=836283,
c4a00d64894d,OPPO-TURKEY-PLANT,2023-08-31,other_news_source,"company confirms factory closed, sales continue",OPPO,,,,,,,,,,,LOG,"OPPO states that its Turkey operation has not ended: sales, technical service and parts support continue, although the Turkish manufacturing facility has been closed.",,"OPPO: ""Türkiye operasyonu sona ermedi""",https://www.log.com.tr/oppo-turkiye-operasyonu-sona-ermedi/,
9ed859469dd8,REEDER-SAMSUN-CN-PARTNER,2023-09-13,other_news_source,Chinese partnership mentioned,Unnamed Chinese phone maker,,,,,,,,,,,Sanayi Gazetesi,Reeder chairman Uygar Saral said the company expanded its business in 2018 by partnering with a Chinese firm.,,Reeder Talep Toplamaya Başladı,https://sanayigazetesi.com.tr/reeder-talep-toplamaya-basladi/,
bc8e6eb0c750,SKYWELL-ULU-BATTERY,2023-09-13,other_news_source,plan detailed,Skyworth (Skywell),,,,,,,,,,,Ekonomi Gazetesi,"Ulu Motor CEO Mahmut Ulubaş said the Ulu Motor–Skyworth battery plant is a USD 25m investment with 3 GW initial annual capacity, planned to start in Q1 2024.",,"Skywell, Türkiye'de 'vites yükseltti'",https://www.ekonomigazetesi.com/sektor-haberleri/otomotiv/skywell-turkiyede-vites-yukseltti-19768,
1e8dcf695622,THIRD-NPP-SNPTC,2023-09-15,investment_evidence,talks advanced,Chinese government,Mainland China,,Nuclear energy,Kırklareli,,Intergovernmental nuclear project,,,,,Aydınlık,"Enerji ve Tabii Kaynaklar Bakanlığının sosyal medya hesabından yapılan paylaşımda, Bayraktar'ın şu ifadelerine yer verildi:  ""Çin ile yürütülen nükleer santral görüşmelerinde çok önemli bir noktaya geldik, önümüzdeki birkaç ay içerisinde bunu sonuçlandırmamız gerekiyor.","Minister Bayraktar: nuclear talks with China at a very important point, to conclude within months (Sept 2023)",Çin ile nükleer görüşmeler hangi aşamada? Bakan Bayraktar'dan açıkladı,https://www.aydinlik.com.tr/haber/cin-ile-nukleer-gorusmeler-hangi-asamada-bakan-bayraktardan-acikladi-418328,aydinlik_418328
b6dec86814e8,THIRD-NPP-SNPTC,2023-09-16,other_news_source,Minister: agreement with China close,PRC (China National Energy Administration named as counterpart; no company named,,,,,,,,,,,Hürriyet,Energy Minister Bayraktar said talks with China on the third nuclear plant had reached an advanced stage and the agreement could be finalised within the next few months; some differences remain but are not major.,,‘3. nükleer santralde Çin’le anlaşma yakın,https://www.hurriyet.com.tr/ekonomi/3-nukleer-santralde-cinle-anlasma-yakin-42331157,
03de61b1d613,ALIBABA-DATACENTRE-LOGISTICS-PLAN,2023-09-18,other_news_source,USD 2 billion investment plan reported (meeting of 15 September 2023),Alibaba Group,,,,,,,,,,,Turkish Minute,"Citing Bloomberg, reports that Alibaba president Michael Evans said after meeting Erdoğan in Istanbul on 15 September that Alibaba plans to invest USD 2 billion on top of USD 1.4 billion invested via Trendyol, including a data centre and a logistics centre in Ankara and an export operations centre at Istanbul Airport; no timeline given.",,Alibaba unveils $2 billion Turkey investment at Erdoğan meeting: report,https://www.turkishminute.com/2023/09/18/alibaba-unveil-2-billion-turkey-investment-erdogan-meeting-report/,
03de61b1d613,ALIBABA-DATACENTRE-LOGISTICS-PLAN,2023-09-18,other_news_source,USD 2 billion plan announced,Alibaba Group; Trendyol,,,,,,,,,,,Sanayi Gazetesi,"Alibaba Group president Michael Evans said the group plans to invest USD 2 billion in Turkey in the coming period; President Erdoğan received Evans and Trendyol's chairman, according to a Trendyol statement.",,Çinli e- Ticaret Devinden Türkiye'ye Yatırım Hamlesi,https://sanayigazetesi.com.tr/cinli-e-ticaret-devinden-turkiyeye-yatirim-hamlesi/,
03de61b1d613,ALIBABA-DATACENTRE-LOGISTICS-PLAN,2023-09-19,other_news_source,USD 2 billion investment pledge announced,Alibaba Group,,,,,,,,,,,Medyascope,"Alibaba's Michael Evans announced a USD 2 billion investment in Turkey at a meeting with President Erdoğan, adding to USD 1.4 billion invested through Trendyol; plans include a data centre in Ankara and an export operations hub at Istanbul Airport.",,"Alibaba, Türkiye’ye 2 milyar dolarlık yatırım yapacak",https://medyascope.tv/2023/09/19/alibaba-turkiyeye-2-milyar-dolarlik-yatirim-yapacak/,
0bc917c661a8,ALIBABA-TRENDYOL,2023-09-19,other_news_source,USD 2 billion investment announced,Alibaba Group,,,,,,,,,,,Medyascope,"Citing Reuters, says Michael Evans told President Erdoğan that Alibaba, which has invested USD 1.4 billion through Trendyol, will invest USD 2 billion; a data centre in Ankara and an export operations centre at Istanbul Airport are planned.",,"Alibaba, Türkiye'ye 2 milyar dolarlık yatırım yapacak",https://medyascope.tv/2023/09/19/alibaba-turkiyeye-2-milyar-dolarlik-yatirim-yapacak/,
0bc917c661a8,ALIBABA-TRENDYOL,2023-09-19,other_news_source,USD 2 billion investment announced,Alibaba Group,,,,,,,,,,,TechNode,"Alibaba will put USD 2 billion into Trendyol 'in the near future' according to Evans, with a data and logistics centre in Ankara and an export operations centre at Istanbul airport; total invested so far is USD 1.4 billion.",,Alibaba to inject $2 billion into its Turkish unit as it doubles down on overseas plans,https://technode.com/2023/09/19/alibaba-to-inject-2-billion-into-its-turkish-unit-as-it-doubles-down-on-overseas-plans/,
69dd88fe475d,CHINA-EASTERN-ISTANBUL,2023-09-29,other_news_source,first flight,China Eastern Airlines,,,,,,,,,,,İGA Istanbul Airport,"China Eastern's first Shanghai Pudong–Istanbul flight landed with an A330-200; the route runs three times a week (Tue, Thu, Sat) and makes China Eastern the third Chinese airline at the airport after Sichuan Airlines and China Southern.",,China Eastern İstanbul'a İlk Uçuşunu Yaptı | Istanbul Airport,https://www.istairport.com/duyurular/china-eastern-airlines-iga-istanbul-havalimani-na-ilk-ucusunu-gerceklestirdi,
2d36c408cf43,BASBAS-CN-FIRMS-TALKS,2023-10-08,other_news_source,Zone says it is in talks with about 10 Chinese investors,Unnamed Chinese investors (about 10),,,,,,,,,,,RayHaber,"BASBAŞ management said it was talking with close to 10 Chinese investors, especially in electric vehicles and automotive supply, and that roughly half could become investments; the zone was to start production in 2024.",,Batı Anadolu Serbest Bölgesi 2024'te Üretime Başlıyor,https://rayhaber.com/2023/10/bati-anadolu-serbest-bolgesi-2024te-uretime-basliyor/,
2d36c408cf43,BASBAS-CN-FIRMS-TALKS,2023-10-09,other_news_source,About 10 Chinese investors in talks,Unnamed Chinese firms,,,,,,,,,,,Ekonomi Gazetesi,"Zone in Bergama, İzmir (2.5 million m²): 'we are talking to close to 10 Chinese investors', mainly EVs and auto parts; half could become investments; no names.",,Çinli firmaların Batı Anadolu Serbest Bölgesi'ne ilgisi yüksek,https://www.ekonomigazetesi.com/sehirler/cinli-firmalarin-bati-anadolu-serbest-bolgesine-ilgisi-yuksek-21265,
2d36c408cf43,BASBAS-CN-FIRMS-TALKS,2023-10-10,other_news_source,Investment Office: strong Chinese interest,Unnamed Chinese firms,,,,,,,,,,,Sanayi Gazetesi,"Investment Office official Zahid Tuncel said that in talks with foreign investors, Chinese firms showed strong interest in the Western Anatolia Free Zone.",,BASBAŞ'a Yoğun Yatırımcı Talebi,https://sanayigazetesi.com.tr/basbasa-yogun-yatirimci-talebi/,
6709254cd60d,HAITIAN-TURKEY-CENTRES,2023-10-17,other_news_source,facility opened,Haitian Precision,,,,,,,,,,,Haitian Group (company release),"Haitian Precision Turkey inaugurated an application centre of about 1,000 m² in Gebze on 14 September 2023, with machine display, spare parts, spindle maintenance and training.",,Haitian Precision Turkey Application Center Completed and Inaugurated,https://newsroom.haitian.com/?p=81973,
428e33889d71,NUCTECH-TURKEY,2023-10-21,other_news_source,contract signed,Nuctech,,,,,,,,,,,Haber7,"Sabiha Gökçen Airport signed with Nuctech for new CT-based explosive detection systems; staff from Nuctech's Beijing headquarters and its Turkey office attended, and the firm said it has served Turkey for 21 years.",,Sabiha Gökçen Havalimanı'nda EDS cihazları yenileniyor,https://www.haber7.com/ekonomi/haber/3361212-sabiha-gokcen-havalimaninda-eds-cihazlari-yenileniyor,
603fd99fb19c,DFSK-SERES-TURKEY,2023-10-23,other_news_source,production base in Europe considered,Seres Group (DFSK),,,,,,,,,,,Sanayi Gazetesi,"At DFSK's Turkish sales launch through distributor SHS Filo, deputy general manager Du Xianjun said one of the group's plans was a production base in the European region and that Turkey stood out among the leading candidate countries.",,"Çin, Türkiye'yi Üretim İçin Radarına Aldı",https://sanayigazetesi.com.tr/cin-turkiyeyi-uretim-icin-radarina-aldi/,
d6014666e630,CHERY-SAMSUN-PLANT,2023-10-24,other_news_source,Chery says it plans production and an R&D centre,Chery Automobile (Omoda & Jaecoo),,,,,,,,,,,LOG,"Chery International president Zhang Guibing said Chery is in talks with the Trade Ministry, would first set up an R&D centre and then a plant, needs 150,000–200,000 units a year to justify it, and that nothing is final.",,"Çinli otomobil üreticisi Chery, Türkiye'de üretim planlıyor",https://www.log.com.tr/?p=854147,
b5482138be9a,COSCO-KUMPORT,2023-10-26,other_news_source,capacity increase reported; new investments under evaluation,COSCO Shipping Ports; China Merchants Port; CIC,,,,,,,,,,,Ekonomi Gazetesi,COSCO Shipping Lines Turkey GM Song Shuqing says Kumport's capacity rose from 1.7 to 2.1 million TEU and that COSCO and its partners are evaluating port investment opportunities around Istanbul and İskenderun and looking at e-commerce warehousing.,,Kumport'un Çinli ortakları yeni yatırım fırsatları kolluyor,https://www.ekonomigazetesi.com/sektor-haberleri/kumportun-cinli-ortaklari-yeni-yatirim-firsatlari-kolluyor-22669,
d113e8be72ec,SINOVAC-TURKEY-PRODUCTION,2023-10-31,other_news_source,plant opened,"Sinovac (per 2021 report, equal partner with Keymen İlaç)",,,,,,,,,,,T.C. Sağlık Bakanlığı,"President Erdoğan opened the KeyVac Vaccine Production Centre in Başkent OSB, Ankara (29,500 m2 site, 14,000 m2 enclosed), which will produce hepatitis A vaccine and later others.",,Hepatit A Aşısı Artık Ülkemizde Üretilecek,https://saglik.gov.tr/TR-100405/hepatit-a-asisi-artik-ulkemizde-uretilecek.html,
f328871a0038,GLOBELINK-UNIMAR,2023-11-02,other_news_source,operating,Globelink Ünimar,,,,,,,,,,,Ekonomi Gazetesi,"The 2011 partnership of Ünimar with Singapore-based CWT Globelink has warehouses in Istanbul and Bursa, will invest in Gebze this year, plans four more Turkish cities and will open Globelink's first German and US offices.",,"Globelink, Avrupa ve ABD'de ilk ofisleri Türk ortakla açacak",https://www.ekonomigazetesi.com/lojistik/globelink-avrupa-ve-abdde-ilk-ofisleri-turk-ortakla-acacak-23069,
d113e8be72ec,SINOVAC-TURKEY-PRODUCTION,2023-11-02,other_news_source,plant opened,Sinovac; Alagöz Holding,,,,,,,,,,,China Daily,"The KeyVac Vaccine Production Center, a joint venture of Alagöz Holding and Sinovac located in Ankara with a factory area of 29,500 m², will produce hepatitis A vaccine in Turkey.",,Joint jabbing efforts,https://mobile.chinadaily.com.cn/html5/2023-11/02/content_012_6542bd0aed50d203d2ca1bc7.htm,
d113e8be72ec,SINOVAC-TURKEY-PRODUCTION,2023-11-03,other_news_source,plant opened,Sinovac; Alagöz Holding,,,,,,,100,USD mn,,,Diario Financiero,"Sinovac opened in Ankara its first plant outside China, the KeyVac joint venture with Alagöz Holding: a 100m USD investment with 29,000 m² and capacity for 30 million doses a year, built from November 2022.",,"Sinovac lanzó en Turquía su primera planta fuera de China y marca la pauta para los proyectos internacionales, incluido Chile",https://www.df.cl/empresas/salud/sinovac-lanzo-en-turquia-su-primera-planta-fuera-de-china-y-marca-la,
d3d9930784d8,HUNUTLU-EMBA-SHANGHAI-ELECTRIC,2023-11-04,context_mention,reference,SPIC,Mainland China,,Energy – imported coal,Adana,,Acquisition + greenfield plant,,,,,Aydınlık,"Yine Çin’in Türkiye’deki en büyük yatırımı olan Adana Hunutlu termik santralinde de yapacaklarımız, ilişkilerimizi 10 yıllara taşıyacak bir şekilde güçlendirecektir.”    ‘ÜÇÜNCÜ BÜYÜK ORTAĞIMIZ’  Ankara Büyükelçiliği Ticaret ve Ekonomi Müsteşarı Liu Yuhua da yaptığı konuşmada Türkiye-Çin enerji iş birliğinin Kuşak Yol projesindeki alanlardan biri olduğunu söyledi.",ambassador calls Hunutlu China's largest investment in Turkey (Nov 2023),Türkiye-Çin Enerji Diyaloğu Forumu! İlişkilerimizi 10 yıllara taşıyacağız,https://www.aydinlik.com.tr/haber/turkiye-cin-enerji-diyalogu-forumu-iliskilerimizi-10-yillara-tasiyacagiz-431233,aydinlik_431233
e07fe1a09650,HUAWEI-PARTNER-EGS-INVERTER,2023-11-09,other_news_source,strategic partnership signed,"Huawei (Huawei Türkiye Digital Power) – technology partner, no equity reported",,,,,,,,,,,Teknoblog,"Huawei Türkiye and EGS signed a strategic partnership for inverter production in Turkey: EGS will manufacture under the Partner EGS brand with Huawei's technical support. No amount, capacity or site is given.",,"Huawei Türkiye, yerli inverter üretimine adım atıyor",https://www.teknoblog.com/huawei-turkiye-egs-ile-inverter-uretimi/,
1d838e7aebce,GEELY-HORSE-BURSA,2023-11-23,other_news_source,Competition Board approved Renault–Geely joint venture (decision 23-54/1030-369),Zhejiang Geely Holding Group (50% of Horse Powertrain Limited),,,,,,,,,,,Rekabet Kurumu (Competition Authority),"Short decision of 23.11.2023 (no. 23-54/1030-369): the establishment of a full-function joint venture by Renault S.A.S. and Zhejiang Geely Holding Group Co., Ltd. was permitted. No Turkish asset is named.",,"Rekabet Kurumu - Zhejiang Geely Holding Group Co., Ltd.-Renault S.A.S.",https://www.rekabet.gov.tr/tr/SonKurulKarari/22b11bc7-9a8e-ee11-8eca-00505685da39,
1d838e7aebce,GEELY-HORSE-BURSA,2023-11-29,other_news_source,Approval reported in weekly round-up,Zhejiang Geely Holding Group (50% of Horse Powertrain Limited),,,,,,,,,,,Ekonomim,"Round-up of Board decisions; says the Board allowed Renault S.A.S. and Zhejiang Geely Holding Group to set up a full-function joint venture (also lists a China National Medical Device–GE Healthcare JV, abroad).",,Rekabet'ten bazı devralma ve ortak girişi kurulması işlemlerine onay,https://www.ekonomim.com/sirketler/rekabetten-bazi-devralma-ve-ortak-girisi-kurulmasi-islemlerine-onay-haberi-718083,
bc8e6eb0c750,SKYWELL-ULU-BATTERY,2023-11-30,other_news_source,USD 1.6bn plan stated; application in progress,Skyworth (Skywell),,,,,,,,,,,LOG,"Ulubaş said they plan to bring a USD 1.6bn investment to Turkey, opening a battery plant in Q1 2024 and later making vehicles; talks with the ministry and Investment Office, application expected to conclude within three months.",,Çinli Skywell Türkiye'de fabrika kurmak adına ilerliyor,https://www.log.com.tr/?p=861571,
aa33b03ce54e,YALOVA-MAKINE-OSB-CN-EV-TALKS,2023-12-19,other_news_source,talks reported,Unnamed Chinese electric-car maker,,,,,,,,,,,Sanayi Gazetesi,The report says the Yalova Machinery Specialised OSB in Çiftlikköy most recently held talks with a Chinese electric-car maker about a production facility; the maker is not named.,,Yalova Makine İhtisas OSB'de Fabrikalar Yükseliyor,https://sanayigazetesi.com.tr/yalova-makine-ihtisas-osbde-fabrikalar-yukseliyor/,
1b8c103354fd,TOGG-FARASIS-BATTERY,2023-12-21,other_news_source,minister visits Farasis,Farasis Energy,,,,,,,,,,,Sanayi Gazetesi,Minister Kacır visited Farasis Energy in Zhenjiang and said he expected Farasis and Togg to carry out the Siro investment in Gemlik as quickly as possible.,,Çin İle Batarya Yatırımı Görüşüldü,https://sanayigazetesi.com.tr/cin-ile-batarya-yatirimi-gorusuldu/,
d6014666e630,CHERY-SAMSUN-PLANT,2023-12-23,other_news_source,Minister invites Chery to invest,Chery Automobile,,,,,,,,,,,Hürriyet Daily News,Minister Kacır visited Chery's plants in Wuhu and said he invited the brand to invest in Türkiye; he also discussed EV and battery investment cooperation with Chinese ministers in Beijing.,,Minister urges Chinese carmaker Chery to invest in Türkiye,https://www.hurriyetdailynews.com/minister-urges-chinese-carmaker-chery-to-invest-in-turkiye-188933,
4322634fad2b,ZEEKR-TURKEY-TALKS,2023-12-25,other_news_source,minister meets Chinese makers,Zeekr (Geely group),,,,,,,,,,,Sanayi Gazetesi,"Minister Kacır met the heads of GAC Aion, Chery, Zeekr, BYD, SAIC, Farasis and Huawei during a visit to eight Chinese cities and called on Chinese investors to invest in Turkey.",,Bakan Kacır'dan Üreticilere Çağrı,https://sanayigazetesi.com.tr/bakan-kacirdan-ureticilere-cagri/,
19ae07d39355,AIR-CHINA-ISTANBUL,2023-12-26,other_news_source,route launch,Air China,,,,,,,,,,,haber.aero,"Air China becomes the fourth Chinese airline flying to Istanbul Airport, with its first Beijing–Istanbul flight on 29 December 2023; it will fly three times a week with Airbus A330-200s, about 17.7% of seats on the route from January.",,İstanbul Havalimanı uçan Çinli havayolu sayısı 4'e çıkacak,https://mail.haber.aero/?p=113803,
d6014666e630,CHERY-SAMSUN-PLANT,2023-12-26,other_news_source,Minister: aim is to turn Chinese interest into investments,Chery Automobile,,,,,,,,,,,Hürriyet Daily News,"After his China visit Kacır said there was strong interest in Türkiye and the aim was to turn it into investments; the page mentions Huawei, GAC Aion, Chery, Zeekr, BYD, SAIC and Farasis but gives no amounts or sites.",,Türkiye can become innovation hub: Minister,https://www.hurriyetdailynews.com/turkiye-can-become-innovation-hub-minister-189026,
c048c54230e5,EVE-AKSA-STORAGE-JV,2024-01-16,other_news_source,MoU for joint venture,EVE Energy (via Hubei EVE Power),,,,,,,,,,,CnEVPost,Hubei Eve Power and Aksa Jeneratör signed an MoU on 12 January 2024 for a joint venture in Turkey to make and sell battery modules and outdoor battery cabinets and build storage projects. Eve's announcement left shareholding and financing to the final agreement.,,Eve Energy to set up JV in Turkey to produce batteries,https://cnevpost.com/2024/01/16/eve-energy-to-set-up-jv-turkey-batteries/,
1b8c103354fd,TOGG-FARASIS-BATTERY,2024-01-18,other_news_source,loan signed with ICBC Turkey,Farasis Energy,,,,,,,,,,,Sanayi Gazetesi,"Siro, the 50-50 venture of Togg and Farasis Energy, signed a CNY 400 million (about EUR 50 million) five-year loan with ICBC Turkey, with two years' grace, for construction, machinery and equipment at its new campus for R&D and production including battery cells.",,Togg'un Batarya Üreticisi SİRO'dan Dev Anlaşma,https://sanayigazetesi.com.tr/toggun-batarya-ureticisi-sirodan-dev-anlasma/,
c048c54230e5,EVE-AKSA-STORAGE-JV,2024-01-20,other_news_source,MoU for joint venture,EVE Energy (via Hubei EVE Power),,,,,,,,,,,Energy-Storage.News,"EVE Power and Aksa Jeneratör signed an MoU to establish a joint venture in Turkey for the manufacture, marketing and sale of battery modules, cabinets and containers; the venture will also be an EPC contractor for storage projects. Terms were not disclosed.",,EVE Energy expands global partnership with Turkey's Aksa,https://www.energy-storage.news/industry-updates/eve-energy-expands-global-partnership-with-turkeys-aksa/,
c4a00d64894d,OPPO-TURKEY-PLANT,2024-01-26,other_news_source,partnership with AGM signed; AGM to manufacture at Tuzla,OPPO,,,,,,,,,,,DonanımHaber,"OPPO signed a strategic partnership with AGM A.Ş. of Mıstaçoğlu Holding covering sales, service and local manufacturing; production continues at the Tuzla facility with AGM responsible for making OPPO products.",,"Oppo, AGM ile iş birliği yaptı: Türkiye'de üretim devam edecek",https://www.donanimhaber.com/oppo-agm-ile-is-birligi-yapti-turkiye-de-uretim-devam-edecek--173491,
bc8e6eb0c750,SKYWELL-ULU-BATTERY,2024-01-29,other_news_source,supplier association reports plant talks,"Skywell; SAIC Motor (MG); Chery; others named in passing (DFSK, SWM)",,,,,,,,,,,DonanımHaber,"TAYSAD chairman Albert Saydam says the association is in talks with more than one Chinese firm including factory investments, with Skywell at the forefront and Chery and MG among the candidates; no amounts, sites or dates.",,"Skywell, Chery ve MG Türkiye'de fabrika yatırımı yapabilir",https://www.donanimhaber.com/skywell-chery-ve-mg-turkiye-de-fabrika-yatirimi-yapabilir--173572,
c450eb99c932,GWM-TURKEY-PLANT,2024-02-12,other_news_source,plan suspended,Great Wall Motor,,,,,,,,,,,Ekonomi Gazetesi,"Great Wall Motors told Turkish officials it was suspending its factory investment plan in Turkey, with rising costs and frequently changing regulations cited as factors; Chery, Skywell and MG continue talks.",,Çinli otomotiv devinden sürpriz karar,https://www.ekonomigazetesi.com/ekonomi/cinli-otomotiv-devinden-surpriz-karar-31107,
041d55c3aac3,SAIC-MG-TURKEY-PLANT,2024-02-12,other_news_source,talks revived; delegation visited Bursa,SAIC Motor (MG),,,,,,,,,,,Habertürk,Dağtekin said SAIC will sooner or later build a plant in Turkey; a senior Chinese delegation met the industry minister and the Investment Office and toured plants and suppliers around Bursa two weeks earlier.,,'SAIC er ya da geç Türkiye'de tesis kuracak',https://www.haberturk.com/cinli-saic-icin-turkiye-de-yatirim-aciklamasi-3660573-ekonomi,
2d36c408cf43,BASBAS-CN-FIRMS-TALKS,2024-02-13,other_news_source,Zone CEO: Chinese firms show strongest interest,Unnamed Chinese investors (about 10),,,,,,,,,,,RayHaber,BASBAŞ CEO Faruk Güler said Chinese companies in particular showed high interest in talks with foreign investors; four companies were to start production in the Bergama zone in 2024. No Chinese firm is named.,,Batı Anadolu Serbest Bölgesi Egeli İhracatçılarla Buluştu!,https://rayhaber.com/2024/02/bati-anadolu-serbest-bolgesi-egeli-ihracatcilarla-bulustu/,
041d55c3aac3,SAIC-MG-TURKEY-PLANT,2024-02-13,other_news_source,SAIC delegation visit reported; plant under consideration,SAIC Motor (MG),,,,,,,,,,,Hürriyet Daily News,"Doğan Trend Otomotiv's CEO said a high-level SAIC delegation had visited Türkiye two weeks earlier, meeting ministries and touring factories and suppliers, and that he believed SAIC would eventually build a plant in Türkiye; MG sold about 15,000 cars in Türkiye in 2023.",,Chinese carmaker weighing investment in Türkiye,https://www.hurriyetdailynews.com/chinese-carmaker-weighing-investment-in-turkiye-190653,
7aa6c7b24cea,KONTROLMATIK-HARBIN-STORAGE,2024-02-21,other_news_source,contract signed,Harbin Electric International (EPC contractor and arranger of Chinese finance),,,,,,,,,,,Daily Sabah,"Progresiva and Harbin Electric International signed a USD 600 million deal to build and finance a 1,000 MWh storage facility and a 250 MW wind farm in Tekirdağ; USD 300 million comes from China through Harbin, the rest from Progresiva's equity. Harbin is main EPC contractor; storage is due in 2025 and the wind farm in 2027.",,"Turkish, Chinese firms ink $600M energy storage, wind plant deal",https://www.dailysabah.com/business/energy/turkish-chinese-firms-ink-600m-energy-storage-wind-plant-deal/amp,
7aa6c7b24cea,KONTROLMATIK-HARBIN-STORAGE,2024-02-21,other_news_source,contract signed,Harbin Electric International (EPC contractor and arranger of Chinese finance),,,,,,,,,,,Paratic,"Kontrolmatik's Progressiva and Harbin Electric International (HEI) signed an agreement for a 1 GWh storage plant and a 250 MW wind farm (50 x 5 MW turbines) in Tekirdağ, with HEI as main EPC contractor and Kontrolmatik as electrical and construction subcontractor; USD 300 million financing is to come from China through HEI.",,Borsadaki Şirket Enerji Yatırımını Duyurdu: Hisse Tavan Oldu!,https://paratic.com/borsadaki-sirket-enerji-yatirimini-duyurdu-hisse-tavan-oldu/,
7aa6c7b24cea,KONTROLMATIK-HARBIN-STORAGE,2024-02-22,other_news_source,agreement signed,Harbin Electric International,,,,,,,300,USD mn,,,Power Technology,Harbin Electric International agreed about $300m for a Kontrolmatik 1 GWh storage facility paired with a 250 MW wind farm.,Targeted 2025–2027.,Turkey's Kontrolmatik signs 1GWh energy deal with China's Harbin,https://power-technology.com/news/kontrolmatik-1gwh-energy-deal-harbin,
7aa6c7b24cea,KONTROLMATIK-HARBIN-STORAGE,2024-02-22,other_news_source,Agreement signed (21 February 2024),Harbin Electric International,,,,,,,,,,,Hürriyet Daily News,"Reports that Harbin Electric International signed an agreement with Progresiva on 21 February for a 1,000 MWh storage facility and 250 MW wind farm, a USD 600 million investment with USD 300 million of financing from China; Vice President Yılmaz called for more direct investment from China.",,VP Yılmaz urges for more investments from China,https://www.hurriyetdailynews.com/vp-yilmaz-urges-for-more-investments-from-china-190970,
c021434f3aa8,HAIER-ESKISEHIR-PLANT,2024-02-28,other_news_source,Opening ceremony with industry minister,Haier (Haier Europe),,,,,,,,,,,RayHaber,"Minister Kacır, China's ambassador Liu Shaobin and Haier Europe CEO Yannick Fierling attended the opening of Haier's cooking-appliance factory in the Eskişehir Organised Industrial Zone, given as a USD 70 million investment; Haier's total investment in Turkey is put at about EUR 200 million with 95% of output exported.",,Akıllı Ev Aletlerinde Siber Güvenlik Standartları Belirlenecek,https://rayhaber.com/2024/02/akilli-ev-aletlerinde-siber-guvenlik-standartlari-belirlenecek/,
c021434f3aa8,HAIER-ESKISEHIR-PLANT,2024-02-29,other_news_source,new factory,Haier,,,,,,,70,EUR mn,,,Para Dergisi,"Haier invested 70m EUR in a new 56,000 m² cooking-appliance factory in Eskişehir with capacity for 1.2m units a year and over 500 new jobs, bringing Haier's employment in Turkey to 2,500.",,Haier'den Türkiye'ye 70 milyon euroluk yeni fabrika yatırımı,https://www.paradergi.com.tr/is-dunyasi-kulis/2024/03/01/haierden-turkiyeye-70-milyon-euroluk-yeni-fabrika-yatirimi,
c021434f3aa8,HAIER-ESKISEHIR-PLANT,2024-02-29,other_news_source,cooking factory and R&D centre opened,Haier (Haier Europe),,,,,,,,,,,LOG,"Reports the EUR 70 million cooking-appliance factory and R&D centre in Eskişehir (56,000 m2, 1.2 million units a year, 500+ jobs), following the dryer and dishwasher production launched in 2021; output is for Turkey and export.",,"Beyaz eşya markası Haier, Türkiye'ye 70 milyon euroluk fabrika yatırımı yapıyor",https://www.log.com.tr/?p=877598,
4b04cd7b9080,VESTEL-DESAY-STORAGE,2024-03-14,other_news_source,non-binding MoU disclosed,"Shenzhen Desay Battery Technology (via Huizhou Desay ESS Co., Ltd.)",,,,,,,,,,,Halk TV,"Vestel Komünikasyon signed a non-binding MoU on 12 March 2024 with Huizhou Desay ESS, a 100% indirect subsidiary of Shenzhen Desay Battery Technology, valid three months and renewable for three, on design, assembly, manufacture and sale of lithium battery energy storage systems in Turkey and other markets.",,"Vestel, Çinli şirketle imzaları attı!",https://halktv.com.tr/ekonomi/vestel-cinli-sirketle-imzalari-atti-815102h,
68d287923495,VEGA-MAKINA-SIVAS-CN-PARTNER,2024-03-20,other_news_source,plan announced,Unnamed Chinese welding-machine maker; with Vega Makina,,,,,,,,,,,Sanayi Gazetesi,"Vega Makina decided to manufacture in Turkey with its Chinese producer partner: a plant in Sivas for about TRY 100 million, with the first machine planned for the third quarter of 2024 using technical support from the partner abroad, and 5,000 units in the first year. The partner is not named and no shareholding is mentioned.",The page credits Yeniçağ as its source.,Yerli üretim için 100 milyon TL’lik yatırım,https://sanayigazetesi.com.tr/yerli-uretim-icin-100-milyon-tllik-yatirim/,
30cf77f5d474,TURK-TELEKOM-CEXIM-LOANS,2024-03-29,other_news_source,EUR 200 million Sinosure-covered loan signed,Export-Import Bank of China; Bank of China; Sinosure (insurer),,,,,,,,,,,KAP (company disclosure),"Türk Telekom signed a EUR 200 million long-term loan with Bank of China and the Export-Import Bank of China under Sinosure insurance cover, maturing March 2029, at EURIBOR+150 bps (EURIBOR+337 bps all-in), to finance the group's investments, strategic initiatives and growth plans.",,Long Term Loan Agreement,https://kap.org.tr/en/Bildirim/1264471,
30cf77f5d474,TURK-TELEKOM-CEXIM-LOANS,2024-03-29,other_news_source,EUR 200 million loan reported,Export-Import Bank of China; Bank of China; Sinosure (insurer),,,,,,,,,,,Bengütürk,"Türk Telekom obtained EUR 200 million from Bank of China and the Export-Import Bank of China, maturing March 2029, at EURIBOR+1.50% (EURIBOR+3.37% including insurance premium and upfront fees), for the group's investments, strategic initiatives and growth plans.",,"Türk Telekom, Çin'den 200 milyon avroluk finansman sağladı",https://www.benguturk.com/ekonomi/turk-telekom-cinden-200-milyon-avroluk-finansman-sagladi-150006h,
4b04cd7b9080,VESTEL-DESAY-STORAGE,2024-04-04,other_news_source,joint venture plan stated (51% Vestel),"Shenzhen Desay Battery Technology (via Huizhou Desay ESS Co., Ltd.)",,,,,,,,,,,Rota Borsa,"Vestel said that under the letter of intent with Desay the parties aim to set up a joint venture within three months with Vestel holding 51%, covering design, manufacture and sale of large-scale storage systems, with an initial target of 2 GW.",,Vestel Elektronik'ten (VESTL) basın toplantısı bülteni,https://rotaborsa.com/?p=158507,
4b04cd7b9080,VESTEL-DESAY-STORAGE,2024-04-04,other_news_source,Vestel says partnership agreement with Desay signed two weeks earlier,"Shenzhen Desay Battery Technology (via Huizhou Desay ESS Co., Ltd.)",,,,,,,,,,,Midas (Midas'ın Kulakları),"Vestel management said a business partnership agreement was signed with Desay two weeks earlier concerning LFP-type batteries; no shareholding, capacity or site is given.",,Vestel'den 1 Milyar Dolarlık Mobilite Şirketi Hedefi,https://www.getmidas.com/midasin-kulaklari/vestelden-1-milyar-dolarlik-mobilite-sirketi-hedefi-p-37532,
97caffcb785e,LIMAK-DOGU-SINOMA-POWER,2024-04-23,other_news_source,solar plant contract signed (22 April 2024),Sinoma Overseas Development Co. Ltd. (Sinoma / CNBM),,,,,,,,,,,Finansopia,"LMKDC signed a contract on 22 April 2024 with Sinoma Overseas Development Co. Ltd. to build solar power plants for its Ergani and Şanlıurfa plants, to cut electricity costs; no amount or capacity is given.",,Limak Çimento (LMKDC) yeni yatırım için sözleşme imzaladı,https://www.finansopia.com/kap-bildirimleri/limak-cimento-lmkdc-yeni-yatirim-icin-sozlesme-imzaladi/,
a45e414611c2,HITHIUM-STORAGE-PARTNERSHIPS,2024-04-26,other_news_source,letter of intent with Hithium disclosed,Hithium (cell supplier and partner); CETC (production line supplier) – no Chines,,,,,,,,,,,KAP (Hedef Girişim Sermayesi disclosure),"Norm Yeşil Enerji signed a comprehensive letter of intent with the Chinese lithium-ion cell maker Hithium on cooperation, full-service supply, technical design, training, after-sales service and joint projects for a 1 GWh container storage plant in Velimeşe OSB, Ergene, Tekirdağ, due to be completed at the end of 2024. It also mentions a 2022 turnkey production-line contract with the Chinese state firm CETC.",,Norm Yeşil Enerji A.Ş. yatırımı hk.,https://kap.org.tr/tr/api/BildirimPdf/1277916,
4e5644c04288,HUAWEI-CLOUD-TURKEY,2024-05-02,other_news_source,minister on Huawei cloud data centre,Huawei (Huawei Cloud),,,,,,,,,,,Sanayi Gazetesi,"At a meeting with Huawei executives, Minister Kacır said Huawei's cloud data centre adds value to local businesses; Huawei's Jim Lu said the company has operated in Turkey for 22 years.",,Bakan Kacır Huawei heyeti ile görüştü! Çin teknoloji devinden yeni yatırım mı geliyor,https://sanayigazetesi.com.tr/bakan-kacir-huawei-heyeti-ile-gorustu-cin-teknoloji-devinden-yeni-yatirim-mi-geliyor/,
01c9a963398c,KELIN-KARACADAG-EBUS,2024-05-17,other_news_source,talks reported,Qingdao Kelin Motor Technology Group,,,,,,,,,,,Sanayi Gazetesi,"Karacadağ OSB deputy chairman Mehmet Beşir Yılmaz said the zone was in talks with Qingdao Kelin Motor Technology Group about an electric-bus assembly plant and awaited the firm's final decision; the firm asked for 100 dönüm at first, and 1,500 jobs are expected if it invests. Its representatives met the Diyarbakır chamber president on 1 May, and the chamber spoke with the Investment Office about a special incentive.",,Çinli şirketler Türkiye'de elektrikli otobüs üretmek istiyor!,https://sanayigazetesi.com.tr/cinli-sirketler-turkiyede-elektrikli-otobus-uretmek-istiyor/,
e8e08fb8cf21,VIVO-GEBZE-PLANT,2024-05-17,other_news_source,capacity increase announced,vivo,,,,,,,,,,,Bloomberg HT,vivo Turkey's marketing manager says the company will raise capacity at Gebze by opening a new smartphone production line in 2024; the plant has 5 million units of annual capacity.,,"Vivo, Türkiye'de kapasite artışına gidiyor",https://www.bloomberght.com/vivo-turkiyede-kapasite-artisina-gidiyor-2353147,
d7cc95cdd914,GOTION-ALARKO-BATTERY,2024-05-20,other_news_source,joint venture agreement signed,"Gotion (via Gotion Singapore Pte Ltd), 40%",,,,,,,,,,,Bloomberg HT,"Under a joint venture agreement, Altek Alarko will contribute 60% and Gotion Singapore Pte Ltd 40% of the capital of a new company in Turkey that will first build a storage-system assembly factory and then a lithium-ion prismatic battery plant. No amount or site is given.",,Alarko'dan pil fabrikası,https://www.bloomberght.com/alarko-dan-fabrika-yatirimi-2353272,
6a4a8dd363f4,BEYLIKOVA-REE-CHINA,2024-05-21,other_news_source,natural resources agreement targeted for October 2024,PRC government / unnamed Chinese parties,,,,,,,,,,,Capital,"The minister said a natural resources agreement with China, covering rare earth elements, was targeted for October 2024 and referred to the Beylikova reserve.",,Bakan Bayraktar: Çin'le nükleer işbirliğine devam,https://www.capital.com.tr/haberler/tum-haberler/bakan-bayraktar-cinle-nukleer-isbirligine-devam,
d7cc95cdd914,GOTION-ALARKO-BATTERY,2024-05-21,other_news_source,joint venture agreement signed,"Gotion (via Gotion Singapore Pte Ltd), 40%",,,,,,,,,,,Ekonomist,"Altek Alarko (60%) and Gotion Singapore (40%) will set up a venture for storage-system assembly and, in a second phase, lithium-ion prismatic cells, with exports planned to Europe, Central Asia and Africa.",,Altek Alarko dünya deviyle ortak batarya üretecek,https://www.ekonomist.com.tr/enerji/altek-alarko-dunya-deviyle-ortak-batarya-uretecek-50130,
b6dec86814e8,THIRD-NPP-SNPTC,2024-05-21,other_news_source,minister: talks with SPIC speeded up,SPIC (State Power Investment Corp.) / State Nuclear Power Technology,,,,,,,,,,,Capital,"Bayraktar said talks with the Chinese company SPIC on the Thrace project had continued for many years, slowed during the pandemic and were now being accelerated. He said Chinese firms have small modular reactor technology and that a natural resources agreement covering rare earths was targeted for October 2024.",,Bakan Bayraktar: Çin'le nükleer işbirliğine devam,https://www.capital.com.tr/haberler/tum-haberler/bakan-bayraktar-cinle-nukleer-isbirligine-devam,
b6dec86814e8,THIRD-NPP-SNPTC,2024-05-21,other_news_source,energy transition MoU signed in Beijing,SPIC (State Power Investment Corp.) / State Nuclear Power Technology,,,,,,,,,,,Ensonhaber,"Bayraktar and China's National Energy Administration signed a memorandum on energy transition cooperation in Beijing covering nuclear, renewables, storage and hydrogen. He met SPIC, its nuclear technology subsidiary, PowerChina, China Energy Engineering, CMEC, an overseas nuclear company and CATL.",,"Türkiye ve Çin, enerji dönüşümü alanında iş birliğine vardı",https://www.ensonhaber.com/ekonomi/turkiye-ve-cin-enerji-donusumu-alaninda-is-birligine-vardi,
a45e414611c2,HITHIUM-STORAGE-PARTNERSHIPS,2024-05-27,other_news_source,exclusive partnership signed,"Hithium – partner and brand licensor, equity not stated",,,,,,,,,,,ETN News,"Hithium and Maxxen, a Kontek Energy subsidiary, signed an exclusive strategic partnership covering battery storage system manufacturing and Hithium trademark rights in Turkey, hinting at making Turkey a production base for regional exports. No site, capacity or equity terms are given.",,"Hithium, Maxxen partner on battery energy storage manufacturing in Turkey",https://etn.news/energy-storage/hithium-maxxen-strategic-partnership-battery-storage-turkey?format=amp,
e07fe1a09650,HUAWEI-PARTNER-EGS-INVERTER,2024-05-29,other_news_source,factory plan and start date announced,"Huawei (Huawei Türkiye Digital Power) – technology partner, no equity reported",,,,,,,,,,,Halk TV,"Partner Elektronik Güç Sistemleri, with Huawei as partner, plans to start making 800-volt grid-scale solar inverters in Ankara's 2nd OSB in October 2024: 2 GW a year, about USD 17 million and about 100 staff in phase 1. A second phase of USD 40–50 million would add storage systems and EV chargers.",,Türkiye'de Bir İlk Olacak! Ekimde Ankara'da Üretime Başlamaya Hazırlanıyor,https://halktv.com.tr/finans/turkiyede-bir-ilk-olacak-ekimde-ankarada-uretime-baslamaya-hazirlaniyor-838485h,
d113e8be72ec,SINOVAC-TURKEY-PRODUCTION,2024-05-31,other_news_source,vaccine supply tender won,Sinovac; with Alagöz Holding,,,,,,,,,,,Sanayi Gazetesi,"Sinovac announced it had won Turkey's long-term supply tender for hepatitis A and varicella vaccines, launched in December 2023 with the aim of localising production of human vaccines; the winner was announced on 24 May.",,"Kovid aşısını üreten Sinovac, Türkiye'deki o ihaleyi kazandı! Hepatit ve su çiçeği aşıları…",https://sanayigazetesi.com.tr/kovid-asisini-ureten-sinovac-turkiyedeki-o-ihaleyi-kazandi-hepatit-ve-su-cicegi-asilari/,
1db93044b319,CHINA-SOUTHERN-ISTANBUL,2024-06-29,other_news_source,route launched,China Southern Airlines,,,,,,,,,,,haber.aero,China Southern inaugurated a three-times-weekly service between Istanbul Airport and Guangzhou.,,Southern Airlines İstanbul seferlerine başladı,https://haber.aero/sivil-havacilik/southern-airlines-istanbul-seferlerine-basladi,
c4a00d64894d,OPPO-TURKEY-PLANT,2024-07-04,other_news_source,capacity and jobs target announced,OPPO,,,,,,,,,,,Tamindir,"Mıstaçoğlu Holding's CEO says the Tuzla operation has 4.5 million units of annual capacity and aims to exceed 1,000 employees by the end of 2024; OPPO cites its strategic partnership with AGM.",,"OPPO, Türkiye'de Yüksek Teknolojili Üretim Kapasitesini Artırıyor",https://www.tamindir.com/haber/oppo-turkiye-fabrika-yatirim_89167/,
7f02096e4f08,BYD-MANISA-PLANT,2024-07-05,other_news_source,agreement reported,BYD,,,,,,,1000,USD mn,,,Dünya,"Turkey reached an agreement with BYD for a 1bn USD factory in Manisa, to be announced by President Erdoğan at a ceremony on 8 July 2024.",,SON DAKİKA: Çinli otomotiv devi BYD'den Türkiye'ye dev yatırım: Manisa'ya 1 milyar dolarlık fabrika,https://www.dunya.com/ekonomi/son-dakika-cinli-otomotiv-devi-bydden-turkiyeye-dev-yatirim-manisaya-1-milyar-dolarlik-fabrika-haberi-735420,
bc8e6eb0c750,SKYWELL-ULU-BATTERY,2024-07-06,other_news_source,Skywell executives visit,Skyworth (Skywell); with Ulu Motor,,,,,,,,,,,Sanayi Gazetesi,Skywell's founders and executives visited Turkey and met distributor Ulu Motor in Ankara to discuss new investments in Turkey and their existing partnership.,,BYD'den sonra bir Çin otomotiv devi daha Türkiye'ye yatırıma geliyor! İşte o otomotiv devi...,https://sanayigazetesi.com.tr/bydden-sonra-bir-cin-otomotiv-devi-daha-turkiyeye-yatirima-geliyor-iste-o-otomotiv-devi/,
7f02096e4f08,BYD-MANISA-PLANT,2024-07-08,other_news_source,investment reported ahead of signing,BYD,,,,,,,,,,,Hürriyet,"Citing Bloomberg and Turkish officials, the page says BYD will build a USD 1 billion plant in Manisa OSB on land once reserved for Volkswagen, with tariff and tax incentives prepared in advance.",,27 yıl sonra ilk yatırım Çin'den,https://www.hurriyet.com.tr/ekonomi/27-yil-sonra-ilk-yatirim-cinden-42486429,
407a710be6e3,GAC-AION-TOGG-TALKS,2024-07-08,other_news_source,joint production talks reported,GAC Aion (GAC Group),,,,,,,,,,,Sanayi Gazetesi,"The page says Togg and GAC Aion may produce electric vehicles together: GAC Group's chief executive Feng Xingya, who held investment talks in Turkey the previous year, was to return to meet Togg.",,"Togg, Çinli firma için elektrikli otomobil mi üretecek?",https://sanayigazetesi.com.tr/togg-cinli-firma-icin-elektrikli-otomobil-mi-uretecek/,
2547df1383aa,URZAT-ESKISEHIR-SWM-JAC,2024-07-08,other_news_source,"production plan announced, application filed",SWM Motors (Shineray Group),,,,,,,,,,,Capital,"ATMO Group CEO Anton Chernov said work is under way on a plant of more than 50,000 vehicles a year for SWM, for Turkey and exports to the Balkans and EU; applications made, decision depends on government support.",,Çinli otomotiv devinin Türkiye'de üretim planı,https://www.capital.com.tr/haberler/tum-haberler/cinli-otomotiv-devinin-turkiyede-uretim-plani,
fbadba834378,CHERY-TURKEY-SALES,2024-07-09,other_news_source,subsidiary reported (established September 2022),Chery Automobile,,,,,,,,,,,Capital,"Chery set up its own subsidiary Chery Türkiye in September 2022, fully self-funded; its president Si Fenghuo said feasibility work for a plant is under way.",,Çinli otomobil markaları Türkiye'de yatırım atağına kalktı,https://www.capital.com.tr/haberler/tum-haberler/cinli-otomobil-markalari-turkiyede-yatirim-atagina-kalkti,
603fd99fb19c,DFSK-SERES-TURKEY,2024-07-09,other_news_source,interest stated,Seres Group (DFSK),,,,,,,,,,,Capital,Seres Group overseas president Zhang Xingyan said the Turkish market is strategically important for DFSK and that Turkey is the most important candidate country in its plans for production facilities in Europe; he also said comprehensive after-sales training would start from July and a strong sales and service network would be built. SHS Otomotiv is named as the distributor.,,Çinli otomobil markaları Türkiye'de yatırım atağına kalktı,https://www.capital.com.tr/haberler/tum-haberler/cinli-otomobil-markalari-turkiyede-yatirim-atagina-kalkti,
7f02096e4f08,BYD-MANISA-PLANT,2024-07-11,other_news_source,site visit and feasibility after agreement,BYD,,,,,,,,,,,Milliyet,"After BYD's USD 1bn investment agreement, BYD officials and deputy industry ministers Zekeriya Coştu and Oruç Baba İnan visited the governor and inspected the OSB; part of the investment is to use the roughly 1,000-decare Muradiye Forest Nursery land inside the 4,000-dönüm area once planned for Volkswagen, and a feasibility study of about two weeks is foreseen.",,Manisa OSB dev fabrika için geri sayımda,https://www.milliyet.com.tr/ekonomi/manisa-osb-dev-fabrika-icin-geri-sayimda-7154145,
603fd99fb19c,DFSK-SERES-TURKEY,2024-07-13,other_news_source,listed among six candidates,Seres Group (DFSK),,,,,,,,,,,Milliyet,"DFSK (Seres) is among the Chinese makers discussed as considering Turkish production; Seres Group Overseas President Zhang Xingyan said Turkey, one of its plans for production plants in Europe, is the most important candidate country.",,"6 üretici sırada, favori Çinli MG",https://www.milliyet.com.tr/ekonomi/6-uretici-sirada-favori-cinli-mg-7155337,
407a710be6e3,GAC-AION-TOGG-TALKS,2024-07-13,other_news_source,GAC Aion reported to have discussed joint production with Togg,GAC Aion (GAC Group),,,,,,,,,,,Milliyet,"Round-up after the BYD deal: lists MG, Skywell, SWM, Seres/DFSK, Chery and GAC Aion as Chinese makers in the queue; says GAC Aion's name appeared in reports of talks with Togg on joint production opportunities.",,"6 üretici sırada, favori Çinli MG",https://www.milliyet.com.tr/ekonomi/6-uretici-sirada-favori-cinli-mg-7155337,
041d55c3aac3,SAIC-MG-TURKEY-PLANT,2024-07-13,other_news_source,letter-of-intent stage reported,SAIC Motor (MG),,,,,,,,,,,Milliyet,"MG is described as the front-runner among six Chinese makers seeking Turkish production; its distributor says talks have reached the letter-of-intent stage. Minister Kacır: one signed, another may sign soon.",,"6 üretici sırada, favori Çinli MG",https://www.milliyet.com.tr/ekonomi/6-uretici-sirada-favori-cinli-mg-7155337,
b6dec86814e8,THIRD-NPP-SNPTC,2024-07-16,other_news_source,minister: China has the advantage for Thrace,SPIC (State Power Investment Corp.) / State Nuclear Power Technology,,,,,,,,,,,NTV,"Bayraktar said China is in the advantageous position for the third nuclear project in Thrace, that negotiations with China have long been under way and that the subject was on the agenda of the presidents' meeting in Astana.",,"Bayraktar'dan nükleer santral açıklaması: Sinop'ta Rusya, Trakya'da Çin avantaj sahibi","https://www.ntv.com.tr/ntvpara/bayraktardan-nukleer-santral-aciklamasi-sinopta-rusya-trakyada-cin-avantaj-sahibi,Jhd_GF0k8ku5805PPRz-gA",
b6dec86814e8,THIRD-NPP-SNPTC,2024-07-17,other_news_source,minister: China favoured for Thrace plant,SNPTC (with Westinghouse),,,,,,,,,,,Sanayi Gazetesi,"The page reports Minister Bayraktar as saying China is in the advantageous position for the Thrace nuclear plant, and says the İğneada plant would be built by China's SPIC with four reactors planned and capacity not yet set.",,"Türkiye, Rusya ve Çin ile nükleer santral kuruyor!",https://sanayigazetesi.com.tr/turkiye-rusya-ve-cin-ile-nukleer-santral-kuruyor/,
b8ad49ec2f97,YEO-GREATPOWER-TUZLA,2024-07-31,other_news_source,joint venture announced (51/49),"Great Power (Guangzhou Great Power Energy & Technology), 49%",,,,,,,,,,,Para Dergi,"YEO Teknoloji's wholly owned Reap Battery and Great Power will set up a new company, 51% Reap Battery and 49% Great Power, to produce energy storage systems in Tuzla, Istanbul, with 1 GWh first-year single-shift capacity; they also aim at the HIT-30 programme for cell manufacturing.",,Batarya pazarı için dev ortaklık,https://www.paradergi.com.tr/is-dunyasi-kulis/2024/07/31/batarya-pazari-icin-dev-ortaklik,
d6014666e630,CHERY-SAMSUN-PLANT,2024-08-07,other_news_source,feasibility across three candidate provinces,Chery Automobile (Omoda & Jaecoo),,,,,,,,,,,Sanayi Gazetesi,"Chery is said to be evaluating city alternatives such as Samsun and Manisa (Sakarya had also put itself forward), with a decision expected in September; Samsun's mayor Halit Doğan had said Chery came to Samsun for inspections. Talks were reported prolonged by site selection and Chery's request for privileges covering internal-combustion vehicles too.",,BYD'den sonra Çinli otomobil devi de yatırım için Türkiye'yi seçmek üzere!,https://sanayigazetesi.com.tr/?p=221066,
fbadba834378,CHERY-TURKEY-SALES,2024-08-07,other_news_source,subsidiary reported,Chery Automobile,,,,,,,,,,,Sanayi Gazetesi,"Chery Turkey president Si Fenghuo said the company operates as a wholly owned subsidiary established in September 2022; Chery sold 6,638 cars in July 2024, third in the market.",,BYD'den sonra Çinli otomobil devi de yatırım için Türkiye'yi seçmek üzere!,https://sanayigazetesi.com.tr/?p=221066,
6e36cc0f64ea,VESTEL-HICONICS-HOME-BATTERY,2024-08-09,other_news_source,cooperation agreement signed,Hiconics Eco-energy Technology; with Vestel Mobilite,,,,,,,,,,,Sanayi Gazetesi,"Vestel Mobilite signed a cooperation agreement with China's Hiconics Eco-energy Technology covering design, production, marketing and sale of home battery products for the Turkish and European markets.",,"Türkiye'nin teknoloji devi, Çin'in önde gelen enerji şirketiyle anlaşma imzaladı!",https://sanayigazetesi.com.tr/turkiyenin-teknoloji-devi-cinin-onde-gelen-enerji-sirketiyle-anlasma-imzaladi/,
2a4cb64fa91e,CHINT-TOPCON-CELL-FACTORY,2024-08-14,other_news_source,company news,Chint Türkiye,,,,,,,,,,,Ekonomist,"Chint Türkiye, active in Turkey for about 17 years, signed a low-voltage panel contract worth approximately 2m EUR for hospital projects abroad.",,Chint Türkiye'den 2 milyon euro'luk proje anlaşması,https://www.ekonomist.com.tr/haberler/chint-turkiye-den-2-milyon-euro-luk-proje-anlasmasi-52312,
4312bcebe61e,GANFENG-YIGIT-AKU,2024-08-16,other_news_source,JV announced,Ganfeng Lithium,,,,,,,500,USD mn (JV),,,CnEVPost,Ganfeng's battery arm and Yiğit Akü plan a 500m USD joint venture in Turkey with lithium cell and pack lines of 5 GWh and research centres; the location is not given.,,Chinese lithium producer Ganfeng plans $500 million battery plant in Turkey,https://cnevpost.com/2024/08/16/ganfeng-plans-usd-500-m-battery-plant-turkey/,
4312bcebe61e,GANFENG-YIGIT-AKU,2024-08-17,other_news_source,framework agreement disclosed to KAP,Ganfeng Lithium (Ganfeng LiEnergy),,,,,,,,,,,Karar,"Yiğit Akü disclosed to KAP a joint venture with Ganfeng LiEnergy for a USD 500m, 5 GWh a year plant with R&D centres and about 400 employees; the city was not announced.",,Çinli dünya devinden Türkiye'ye yatırım: KAP'a bildirildi,https://www.karar.com/ekonomi-haberleri/cinli-dunya-devinden-turkiyeye-yatirim-kapa-bildirildi-1886340,
4312bcebe61e,GANFENG-YIGIT-AKU,2024-08-17,other_news_source,Joint venture for 5 GWh battery plant reported,Ganfeng Lithium,,,,,,,,,,,İşçi Haber,"Ganfeng Lithium and Yiğit Akü JV: 5 GWh/yr cells and packs, 132,200 m², 400 jobs; scope includes modules, storage systems and recycling; city not yet announced; source is Yiğit Akü's KAP statement.",,Türkiye'ye dev yatırım: Çinli fabrika 500 milyon dolarlık pil üretim tesisi açacak,https://www.iscihaber.net/genel/turkiyeye-dev-yatirim-cinli-fabrika-500-milyon-dolarlik-pil-uretim-tesisi-acacak/119439,
4312bcebe61e,GANFENG-YIGIT-AKU,2024-08-19,other_news_source,JV agreed,Jiangxi Ganfeng Lithium,,,,,,,500,USD mn (JV),,,electrive,Ganfeng Lithium agreed a $500m joint venture with Yiğit Akü for a 5 GWh lithium cell and pack plant with an R&D centre.,Announced 2024; after the end of the Dünya archive.,Ganfeng Lithium wants to build batteries in Turkey,https://electrive.com/2024/08/19/ganfeng-lithium-wants-to-build-batteries-in-turkey,
4312bcebe61e,GANFENG-YIGIT-AKU,2024-08-19,other_news_source,JV plan reported,Ganfeng Lithium (Ganfeng LiEnergy),,,,,,,,,,,Gasgoo,Ganfeng plans a joint venture with Yiğit Akü investing USD 500m (about CNY 3.57bn) in a 5 GWh lithium battery and pack plant with an R&D centre in Turkey; site and shares not given.,,Ganfeng Lithium plans to build joint venture in Turkey for lithium battery project,https://autonews.gasgoo.com/articles/ev/70034216,
041d55c3aac3,SAIC-MG-TURKEY-PLANT,2024-08-20,other_news_source,Investment Office confirms talks with Chinese EV makers,"Skywell; SAIC Motor (MG); Chery; others named in passing (DFSK, SWM)",,,,,,,,,,,KrASIA (Nikkei Asia),Investment Office head Burak Dağlıoğlu says talks with several Chinese EV companies are going positively after BYD's USD 1 billion decision; Chery's Turkish unit and the local MG distributor owned by SAIC have announced investment talks.,,Turkey expects more investments from Chinese EV makers,https://kr-asia.com/turkey-expects-more-investments-from-chinese-ev-makers,
4312bcebe61e,GANFENG-YIGIT-AKU,2024-08-27,other_news_source,land size and HIT-30 application,Ganfeng Lithium (Ganfeng LiEnergy),,,,,,,,,,,LOG,"The two firms will build on 132,000 m2 with USD 500m in total, 5 GWh and 400 staff; the venture will apply under HIT-30 and is said to be in line for a USD 125m state grant.",,Yiğit Akü ve Çinli Ganfeng LiEnergy Türkiye'de lityum iyon batarya ve pil fabrikası kuracak,https://www.log.com.tr/?p=907858,
ab787cae58e9,WETOWN-DENIZLI-ADANA,2024-08-31,other_news_source,feasibility visit reported,Wetown Electric Group Co.,,,,,,,,,,,Gazete Vatan,"Says Wetown Electric Group is at the feasibility stage for factories in Denizli and Adana; chairman Jiang Wengong visited the Denizli Chamber of Industry and was briefed on OSB investment opportunities; no amount, capacity or jobs given.",,Çin devinden Türkiye'ye yatırım çıkarması: Denizli ve Adana'da fabrika kurulacak,https://www.gazetevatan.com/ekonomi/cin-devinden-turkiyeye-yatirim-cikarmasi-denizli-ve-adanada-fabrika-kurulacak-2168094,
ab787cae58e9,WETOWN-DENIZLI-ADANA,2024-09-03,other_news_source,priority provinces named,Wetown Electric Group,,,,,,,,,,,Sanayi Gazetesi,Wetown Electric Group executives met the Denizli Chamber of Industry; Denizli and Adana were named as the priority provinces for the planned investment.,,"Çinli dev şirket, Türkiye'de yatırım yapacak!",https://sanayigazetesi.com.tr/cinli-dev-sirket-turkiyede-yatirim-yapacak/,
7f02096e4f08,BYD-MANISA-PLANT,2024-10-05,other_news_source,EIA (ÇED) application filed,BYD,,,,,,,,,,,Capital,"BYD submitted its ÇED file for a plant in Manisa OSB (Yunusemre) on 962,958 m2: about USD 1bn, 200,000 PHEVs/EVs a year, 12,000 operating staff, construction to start in 2025 and production in Q1 2026.",,BYD'nin Manisa fabrikası için yeni süreç başladı,https://www.capital.com.tr/haberler/tum-haberler/bydnin-manisa-fabrikasi-icin-yeni-surec-basladi,
d0e6219f3aa5,CHINA-RAILWAY-PASIFIK-EURASIA,2024-10-07,other_news_source,framework cooperation agreements disclosed,Chongqing Logistics Group Co. Ltd.; Eurasia Link Global Limited; Zhejiang Ouhua ,,,,,,,,,,,KAP (company disclosure),"Pasifik Eurasia's subsidiary Pasifik Global Logistics Group signed strategic cooperation framework agreements with Chongqing Logistics Group, Eurasia Link Global, Zhejiang Ouhua Supply Chain and Zhejiang Shenglian Logistics Technologies, and partnered with the Yiwu cross-border e-commerce association, for China–Turkey transport via the Middle Corridor.",,Özel Durum Açıklaması (Genel),https://kap.org.tr/tr/api/BildirimPdf/1344081,
c4bd3784af10,PIRELLI-CHEMCHINA,2024-10-07,other_news_source,brand launch from Turkey; cumulative investment stated,Sinochem Holdings (CNRC / Aeolus Tyre) via Prometeon Tyre Group,,,,,,,,,,,Ekonomi Gazetesi,"Prometeon held the global launch of its own-brand Serie 02 tyres in Turkey; its CEO says it has invested about EUR 200m in Turkey over seven years, and the Kocaeli plant (1.85 million units a year) has Turkey's highest commercial tyre capacity.",,"Prometeon, marka bağımsızlığını dünyaya Türkiye'den duyurdu",https://www.ekonomigazetesi.com/sirket-haberleri/prometeon-marka-bagimsizligini-dunyaya-turkiyeden-duyurdu-33486,
1d838e7aebce,GEELY-HORSE-BURSA,2024-10-09,other_news_source,"Oyak Horse Bursa plant: 7.5 millionth engine, third shift",Zhejiang Geely Holding Group (50% of Horse Powertrain Limited),,,,,,,,,,,Automotive Manufacturing Solutions,"Says Oyak Horse is a division of Horse Powertrain, the equal Geely–Renault joint venture set up in May 2024; the Bursa plant (81,000 m2, about 1,000 staff, over 1,500 engines a day, 75% exported) built its 7.5 millionth engine and added about 100 jobs for a third shift.",,Oyak Horse celebrates production of 7.5 million engines at its Türkiye plant while expanding its workforce with 100 new jobs and scaling output to meet rising hybrid demand,https://www.automotivemanufacturingsolutions.com/powertrain/oyak-horse-hits-75-million-engine-milestone-adds-100-new-jobs/46193.article,
d7cc95cdd914,GOTION-ALARKO-BATTERY,2024-10-10,other_news_source,Competition Board approved JV (decision 24-41/960-416),Gotion (Gotion Singapore Pte. Ltd.; Hefei Gotion High-Tech / Nanjing Gotion Hold,,,,,,,,,,,Rekabet Kurumu (Competition Authority),"Board decision of 10.10.2024 allowing Altek Alarko (Alarko Holding) and Gotion Singapore Pte. Ltd. (controlled by Nanjing Gotion / Hefei Gotion, China) to set up a jointly controlled venture in Turkey for energy-storage system assembly and battery cell, module and pack production; approved unanimously.",,"Rekabet Kurulu Kararı – Dosya 2024-4-033, Karar 24-41/960-416",https://www.rekabet.gov.tr/Karar?kararId=1292b86d-0617-47be-9264-ee75e9bcaf65,
d6014666e630,CHERY-SAMSUN-PLANT,2024-10-15,other_news_source,land provision in tax bill reported,Chery Automobile,,,,,,,,,,,Sanayi Gazetesi,"A provision for Chery was reported in the tax bill before parliament: Chery is to be given land in a new 317.5-hectare OSB planned in Samsun. The page says Chery was offered 1,500 dönüm, that its officials visited the area, and that a 'Chinese village' for 500 people is among the plans.",,BYD'den sonra Çinli otomotiv devi Chery'nin yatırım yapacağı yer belli oldu!,https://sanayigazetesi.com.tr/bydden-sonra-cinli-otomotiv-devi-cherynin-yatirim-yapacagi-yer-belli-oldu/,
bc8e6eb0c750,SKYWELL-ULU-BATTERY,2024-10-16,other_news_source,still at planning stage,Skyworth (Skywell),,,,,,,,,,,LOG,"Skywell's founder Stephen Wong, CEO Wu Longba and regional director Chen Quanrong visited Ankara and met Ulu Motor; brand officials said work continues on plans for a vehicle production line in Turkey, bringing the spare-parts supply system to Turkey and making some parts there.",,Elektrikli model Skywell Q Paris'te görücüye çıkarıldı,https://www.log.com.tr/?p=917099,
7f02096e4f08,BYD-MANISA-PLANT,2024-10-21,other_news_source,French supplier Forvia announces supply plant in Turkey for Chinese makers (BYD),BYD,,,,,,,,,,,Borsa Gündem,"Says French parts supplier Forvia announced a supply plant in Turkey under new agreements with Chinese makers, its second for BYD in Europe after Hungary; no site, amount or jobs given.",,"Dünya devi, BYD ile Türkiye'de tedarik fabrikası kurmak için anlaştı",https://www.borsagundem.com.tr/dunya-devi-byd-ile-turkiyede-tedarik-fabrikasi-kurmak-icin-anlasti,
e18f1c1546b4,TURKCELL-CDB-LOAN,2024-10-22,other_news_source,first part of financing put into effect,China Development Bank,,,,,,,,,,,Sanayi Gazetesi,"Turkcell put into effect the first part of a 10-year, EUR 300 million financing agreement with China Development Bank for purchases of new-generation infrastructure products; a deputy head of the bank's Shenzhen branch spoke at the signing.",,Turkcell'den geleceğin teknolojilerine yatırım,https://sanayigazetesi.com.tr/turkcellden-gelecegin-teknolojilerine-yatirim/,
55a633af75d1,KAISHAN-IZMIR-COMPRESSOR,2024-11-18,other_news_source,investment announced,Kaishan Group,,,,,,,,,,,Capital,"China-based Kaishan Group will make a USD 1 billion investment on 20,000 m² in the İzmir Free Zone to produce industrial compressors for factories, geothermal plants and heavy industry. The foundation is to be laid in the first quarter of 2025; the zone's chairman called it İzmir's largest investment since the STAR refinery.",,Çinli kompresör üreticisi İzmir'de yatırıma hazırlanıyor,https://www.capital.com.tr/haberler/tum-haberler/cinli-kompresor-ureticisi-izmirde-yatirima-hazirlaniyor,
55a633af75d1,KAISHAN-IZMIR-COMPRESSOR,2024-11-18,other_news_source,investment announced,Kaishan Group,,,,,,,,,,,Ekonomi Gazetesi,"Kaishan Group will invest USD 1 billion in a 20,000 m² compressor plant in the İzmir Free Zone, with groundbreaking in the first quarter of 2025 and completion within a year. The page calls it Kaishan's first investment in Turkey.",,"Çinli Kaishan, İzmir'e 1 milyar dolarlık yatırım yapacak",https://www.ekonomigazetesi.com/sirket-haberleri/cinli-kaishan-grouptan-izmire-1-milyar-dolarlik-yatirim-hazirligi-39730,
55a633af75d1,KAISHAN-IZMIR-COMPRESSOR,2024-11-18,other_news_source,investment announced by zone,Kaishan Group,,,,,,,,,,,Sanayi Gazetesi,"İzmir Free Zone (İZBAŞ) chairman Eyüp Sevimli said Kaishan Group would make compressors, mainly for geothermal plants, at a factory on 20,000 m² in the zone, its first investment in Turkey; the page gives the cost as USD 1 billion.",Other reports give the investment as USD 20 million.,Çinli kompresör üreticisi İZBAŞ'a geliyor!,https://sanayigazetesi.com.tr/cinli-kompresor-ureticisi-izbasa-geliyor/,
7f02096e4f08,BYD-MANISA-PLANT,2024-11-22,other_news_source,municipality plans housing for Chinese staff,BYD,,,,,,,,,,,İşçi Haber,"Manisa mayor Ferdi Zeyrek describes plans for residential areas and a 'Chinese street' for about 2,500 Chinese workers and families expected with BYD's roughly USD 1 billion, 150,000-vehicle plant due by end-2026.",,Manisa'ya Çin mahallesi kuruluyor!,https://www.iscihaber.net/genel/manisaya-cin-mahallesi-kuruluyor/128429,
7f02096e4f08,BYD-MANISA-PLANT,2024-11-23,other_news_source,housing for Chinese staff planned,BYD,,,,,,,,,,,Sanayi Gazetesi,"Manisa mayor Ferdi Zeyrek said 2,500 Chinese employees and their families were expected for the BYD plant and that a new residential area including a 'Chinese street' was being prepared.",,"BYD, Manisa'da kuracağı fabrikası için 2500 kişilik Çin mahallesi kurma hazırlığında!",https://sanayigazetesi.com.tr/byd-manisada-kuracagi-fabrikasi-icin-2500-kisilik-cin-mahallesi-kurma-hazirliginda/,
7f02096e4f08,BYD-MANISA-PLANT,2024-11-26,other_news_source,municipal 'China Street' plan for BYD workers,BYD,,,,,,,,,,,Cumhuriyet,"Manisa metropolitan mayor Ferdi Zeyrek said a passage in Laleli district will be designed as a 'China Street' for the 2,500-3,000 Chinese workers BYD is expected to bring.",,Manisa'da kurulacak: 'Çin Sokağı'nın yeri belli oldu,https://www.cumhuriyet.com.tr/turkiye/manisada-kurulacak-cin-sokaginin-yeri-belli-oldu-2273095,
e611f1a62f7e,CN-PLASTICS-MACHINERY-DELEGATION,2024-12-04,other_news_source,exploratory visit,22 Chinese plastics-machinery makers (delegation led by Borche Machinery's chief,,,,,,,,,,,Sanayi Gazetesi,"Senior managers of 22 Chinese plastics-processing machinery makers, with combined turnover of about USD 20 billion, attended PAGEV's congress in Istanbul and held three days of meetings to study the market and investment options. The delegation's leader, who heads a Chinese plastics-machinery association and a BYD supplier, said BYD's decision made them look at Turkey. No decision is reported.",,BYD’nin yatırımı Çin rüzgarı yarattı,https://sanayigazetesi.com.tr/bydnin-yatirimi-cin-ruzgari-yaratti/,
d567428a8d4e,MIDEA-TEKA-TURKEY,2024-12-05,other_news_source,Competition Board approved acquisition (decision 24-52/1153-499),Midea Group (Midea Electrics Netherlands B.V.),,,,,,,,,,,Rekabet Kurumu (Competition Authority),"Board decision of 05.12.2024 permitting Midea Electrics Netherlands B.V. (Midea Group Co. Ltd.) to take sole control of Teka Industrial S.A., whose Turkish subsidiaries are Teka Teknik Mutfak Aletleri and SiMeCo; approval tied to narrowing the non-solicitation clause to three years.",,"Rekabet Kurulu Kararı – Dosya 2024-4-037, Karar 24-52/1153-499",https://www.rekabet.gov.tr/Karar?kararId=3b4e031b-e3ee-44ab-b785-d617cc10c3f1,
6395480e5139,LUXSHARE-LEONI-TURKEY,2024-12-12,other_news_source,Competition Board approved Luxshare–Leoni transactions (decision 24-53/1176-508),Luxshare (Luxshare Precision Singapore Pte. Ltd.; Time Interconnect Singapore Pt,,,,,,,,,,,Rekabet Kurumu (Competition Authority),Board decision of 12.12.2024 allowing Luxshare group companies to take sole control of Leoni Kabel GmbH and joint control of Leoni AG; Leoni's Turkish unit is Leoni Kablo ve Teknolojileri San. ve Tic. Ltd. Şti.,,"Rekabet Kurulu Kararı – Dosya 2024-6-037, Karar 24-53/1176-508",https://www.rekabet.gov.tr/Karar?kararId=1ca74f7d-3fb5-480f-b317-30198c7e5219,
2d36c408cf43,BASBAS-CN-FIRMS-TALKS,2024-12-15,other_news_source,Zone official: unprecedented Chinese interest after BYD,Unnamed Chinese firms,,,,,,,,,,,Cumhuriyet (AA),"Faruk Güler: Chinese firms in various sectors are seriously researching investments, for the first time in 20 years; three investors ready for the enclosed space, production next year; a 6,500 m² building is let to an auto-parts exporter with 350 staff (nationality not stated).",,BYD'nin Türkiye yatırımı Çinli firmaların ilgisini artırdı,https://www.cumhuriyet.com.tr/otomotiv/bydnin-turkiye-yatirimi-cinli-firmalarin-ilgisini-artirdi-2279375,
d6014666e630,CHERY-SAMSUN-PLANT,2024-12-16,other_news_source,"minister: talks in final stage, site Samsun",Chery Automobile (Omoda & Jaecoo),,,,,,,,,,,Ekonomi Gazetesi,Minister Kacır said 'we are in the final chapters with Chery'; the newspaper itself adds that Samsun is being talked about as the investment site.,,"Bakan Kacır: Chery'le görüşmelerde son fasıldayız, Togg'u çok güçlü destekliyoruz",https://www.ekonomigazetesi.com/sektor-haberleri/cheryle-gorusmelerde-son-fasildayiz-toggu-cok-guclu-destekliyoruz-44542,
91401805cfd4,ERKPORT-YANTAI-TWO-PORTS,2024-12-17,other_news_source,agreement reported,Yantai Port Group; with Erkport,,,,,,,,,,,Sanayi Gazetesi,"Under the 'Two Ports, One Road' agreement, finished vehicles, construction machinery, project cargo and Ro-Ro freight are to move between China's Yantai Port and Haydarpaşa Port, which becomes a transhipment port. Erkport's chairman met Shandong's vice-governor and Yantai Port Group's general manager.",,İki liman bir yol anlaşması ile İstanbul lojistik bir üs haline geliyor!,https://sanayigazetesi.com.tr/iki-liman-bir-yol-anlasmasi-ile-istanbul-lojistik-bir-us-haline-geliyor/,
693db32a8479,ALIPAY-TURKEY,2024-12-20,other_news_source,partnership extended,Alipay (Ant Group),,,,,,,,,,,Türkiye İş Bankası (press release),"İş Bankası extended its Alipay cooperation (virtual POS since 2016, physical POS since 2019) to the Alipay+ multi-wallet network.",,İş Bankası ile Alipay iş birliğinde yeni dönem,https://www.isbank.com.tr/bankamizi-taniyin/isbankasi-ile-alipay-is-birliginde-yeni-donem,
55a633af75d1,KAISHAN-IZMIR-COMPRESSOR,2024-12-23,other_news_source,production target and jobs stated,Kaishan Group,,,,,,,,,,,Ekonomi Gazetesi,"Kaishan chairman Cao Ke Jian said the 20,000 m2 İZBAŞ plant, the group's third outside China, would employ over 200 people at first and 500 later, with the first order coming from its US facilities; geothermal investments in Manisa and Çanakkale are also planned.",,"Çinli Kaishan, İzmir'deki fabrikada 2025'te üretime başlamayı hedefliyor",https://www.ekonomigazetesi.com/sirket-haberleri/cinli-kaishan-izmirdeki-fabrikada-2025te-uretime-baslamayi-hedefliyor-46054,
465b61ac48e9,TERMOMUG-SANLIURFA-YONGHENG,2024-12-23,other_news_source,joint plant announced,Zhejiang Yongheng Household; with Termosan Çelik,,,,,,,,,,,Sanayi Gazetesi,"Termosan Çelik's second plant in Şanlıurfa, Termomug Çelik, is being set up jointly with a Chinese flask maker: USD 25 million, 35,000 m², 40,000 flasks a day, production planned for May 2025. Chairman Mehmet Nuri Yılmaz said the Chinese firm, their machinery supplier, proposed the partnership; its chairman Zhou Yichao said they had also looked at Taiwan and Vietnam. Shareholdings are not given.",The page writes the firm's name as 'Zhejiyang Yongheng HouseHold' and credits Ekonomim as its source.,Avrupa'nın tek çelik termos üreticisinden Şanlıurfa'ya 25 milyon dolar yatırım!,https://sanayigazetesi.com.tr/avrupanin-tek-celik-termos-ureticisinden-sanliurfaya-25-milyon-dolar-yatirim/,
d7cc95cdd914,GOTION-ALARKO-BATTERY,2024-12-30,other_news_source,listed in round-up,"Gotion (via Gotion Singapore Pte Ltd), 40%",,,,,,,,,,,İstiklal,The round-up says Gotion partnered with Alarko Holding for storage systems and battery production with about USD 300 million expected and 400 jobs.,,Uzak Doğulu yatırımcıların Türkiye'ye ilgisi artıyor,https://www.istiklal.com.tr/ekonomi/uzak-dogulu-yatirimcilarin-turkiye-ilgisi-artiyor-864785h,
55a633af75d1,KAISHAN-IZMIR-COMPRESSOR,2024-12-30,other_news_source,listed in round-up of Far Eastern investors,Kaishan Group,,,,,,,,,,,İstiklal,"The round-up lists Kaishan's USD 1 billion compressor plant in İzmir, to be commissioned before 2026 with over 200 jobs at first and 500 with spare-parts units. It also lists Ganfeng–Yiğit Akü, Gotion–Alarko and EVE Energy–Aksa Jeneratör.",,Uzak Doğulu yatırımcıların Türkiye'ye ilgisi artıyor,https://www.istiklal.com.tr/ekonomi/uzak-dogulu-yatirimcilarin-turkiye-ilgisi-artiyor-864785h,
4b04cd7b9080,VESTEL-DESAY-STORAGE,2025-01-21,other_news_source,Zorlu CEO: cooperation with Chinese on cells may come up,"Shenzhen Desay Battery Technology (via Huizhou Desay ESS Co., Ltd.)",,,,,,,,,,,Ekonomist,"Zorlu Holding CEO Cem Köksal said battery cell technology is in China, that cooperation with Chinese firms may come onto the agenda and that it requires a certain market size; no agreement is reported.",,Batarya işinde Çin'le iş birliği gündemde,https://www.ekonomist.com.tr/makale/batarya-isinde-cin-le-is-birligi-gundemde-56396,
7f02096e4f08,BYD-MANISA-PLANT,2025-02-14,other_news_source,president restates plan,BYD,,,,,,,,,,,ShiftDelete.Net,Reports President Erdoğan saying BYD will build its plant in Manisa with production starting in 2026 and that Chery is in talks for Samsun; the page cites an investment of over USD 2 billion for BYD.,,Çinli otomobil devleri Manisa ve Samsun'da fabrika kuruyor!,https://shiftdelete.net/?p=1151527,
7f02096e4f08,BYD-MANISA-PLANT,2025-02-16,other_news_source,Minister says BYD investment in Manisa has started,BYD,,,,,,,,,,,Milliyet,"Kacır: 'Manisa'da BYD yerini aldı, yatırım başladı'; USD 1 billion, 150,000-vehicle plant and an R&D facility.",,Bir Çinli de Samsun'a geliyor,https://www.milliyet.com.tr/ekonomi/bir-cinli-de-samsuna-geliyor-7308780,
d6014666e630,CHERY-SAMSUN-PLANT,2025-02-16,other_news_source,minister: amount close to BYD's,Chery Automobile (Omoda & Jaecoo),,,,,,,,,,,Milliyet,Kacır said on CNN Türk that serious talks with Chery for Samsun continue and the investment would be close to BYD's in size; no amount confirmed.,,Bir Çinli de Samsun’a geliyor,https://www.milliyet.com.tr/ekonomi/bir-cinli-de-samsuna-geliyor-7308780,
041d55c3aac3,SAIC-MG-TURKEY-PLANT,2025-02-16,other_news_source,Minister lists MG among Chinese makers in talks,SAIC Motor (MG),,,,,,,,,,,Milliyet,"Minister Kacır, on CNN Türk, says 'we held talks with BYD, MG, Chery and Zeekr'; no MG details given.",,Bir Çinli de Samsun'a geliyor,https://www.milliyet.com.tr/ekonomi/bir-cinli-de-samsuna-geliyor-7308780,
4322634fad2b,ZEEKR-TURKEY-TALKS,2025-02-16,other_news_source,Minister says talks were held with Zeekr,Zeekr (Geely),,,,,,,,,,,Milliyet,"Minister Kacır: 'BYD, MG, Chery ve Zeeker'la görüşmeler yaptık.' No details on Zeekr.",,Bir Çinli de Samsun'a geliyor,https://www.milliyet.com.tr/ekonomi/bir-cinli-de-samsuna-geliyor-7308780,
294239b3aacb,MIA-DYNALION-EBIKE,2025-02-19,other_news_source,MoU signed (KAP disclosure),Suzhou Dynalion Technology Co. Ltd,,,,,,,,,,,Dünya,MİA Teknoloji told KAP that its subsidiary Tripy Mobility signed an MoU with Suzhou Dynalion Technology Co. Ltd for a joint investment in Turkey in shared e-bike solutions and battery production and began feasibility studies for a plant; amount and site not disclosed.,,MİA Teknoloji Çinli ortağı ile Türkiye'de yatırıma gidecek,https://www.dunya.com/ekonomi/mia-teknoloji-cinli-ortagi-ile-turkiyede-yatirima-gidecek-haberi-765194,
b8ad49ec2f97,YEO-GREATPOWER-TUZLA,2025-02-28,other_news_source,"joint venture described; 5 GWh target, launch in 2025","Great Power (Guangzhou Great Power Energy & Technology), 49%",,,,,,,,,,,Para Dergi,"The Reap Battery (51%)–Great Power (49%) company is to produce energy storage systems in Tuzla, Istanbul, under the ReapG and Great Power brands, with a 5 GWh production target and launch planned for 2025.",,Enerji depolamada dev ortaklık,https://www.paradergi.com.tr/is-dunyasi-kulis/2025/02/28/enerji-depolamada-dev-ortaklik,
7f02096e4f08,BYD-MANISA-PLANT,2025-03-17,other_news_source,BYD Manisa plant described as due in 2026,BYD,,,,,,,,,,,Ekonomist,"Describes BYD's planned Manisa plant as a USD 1 billion pledge that will employ 5,000 people, expected to be completed in 2026.",,Çin'den Trump engeline karşı yatırım rüzgarı,https://www.ekonomist.com.tr/makale/cin-den-trump-engeline-karsi-yatirim-ruzgari-58422,
d6014666e630,CHERY-SAMSUN-PLANT,2025-03-17,other_news_source,Chery Samsun still at dialogue stage,Chery Automobile,,,,,,,,,,,Ekonomist,Round-up quoting the minister's Samsun statement on Chery; puts cumulative Chinese investment in Turkey at over USD 7 billion; names only BYD and Chery as concrete cases.,,Çin'den Trump engeline karşı yatırım rüzgarı,https://www.ekonomist.com.tr/makale/cin-den-trump-engeline-karsi-yatirim-ruzgari-58422,
cf1afbe3f61e,YONGJIN-YALOVA-STAINLESS,2025-03-24,other_news_source,investment announced,Yongjin Technology Group (80%); two unnamed Chinese partners (15% and 5%),,,,,,,,,,,Yicai Global,"Yongjin Technology Group will invest CNY 1.9 billion (USD 257 million) in a 400,000 t/yr cold-rolled stainless steel plant in the Yalova Machinery Specialised OSB via a JV in which it holds 80% and two Chinese partners 15% and 5%; construction to take 24 months.",,China’s Yongjin to Build USD257 Million Steel Plant in Türkiye to Supply Europe,https://www.yicaiglobal.com/news/chinas-yongjin-to-build-usd257-million-plant-in-trkiye-to-export-steel-to-europe,
d6014666e630,CHERY-SAMSUN-PLANT,2025-03-26,other_news_source,announced,Chery,,,,,,,1000,USD mn (announced),,,Ekonomist,"At a HIT-30 ceremony at the Presidential Complex a Chery plant in Samsun was announced: about 1bn USD, 200,000 vehicles a year, an R&D centre and over 5,000 jobs.",,Chery Samsun'da 1 milyar dolarlık yatırımla fabrika kuracak,https://www.ekonomist.com.tr/otomotiv/chery-samsun-da-1-milyar-dolarlik-yatirimla-fabrika-kuracak-58678,
d6014666e630,CHERY-SAMSUN-PLANT,2025-03-26,other_news_source,Samsun plant reported,Chery Automobile,,,,,,,,,,,CNN Türk,"Citing TRT Haber, the page says Chery will invest about USD 1 billion in Samsun in a plant for 200,000 new-generation electric vehicles a year with an R&D centre and over 5,000 jobs.",,Çin'den Türkiye'ye dev bir yatırım daha,https://www.cnnturk.com/ekonomi/cinden-turkiyeye-dev-bir-yatirim-daha-2261290,
d5f00258ee7f,IC-ENTERRA-GOLDWIND,2025-03-26,other_news_source,letter of intent signed,Goldwind International,,,,,,,,,,,KAP (company disclosure),IC Enterra signed a letter of intent with China-based Goldwind International; the two will evaluate cooperation opportunities in developing wind power plant projects in Turkey and abroad.,,Niyet Mektubu İmzalanması,https://kap.org.tr/tr/api/BildirimPdf/1411857,
d6014666e630,CHERY-SAMSUN-PLANT,2025-03-27,other_news_source,plant announced by Samsun mayor,Chery Automobile (Omoda & Jaecoo),,,,,,,,,,,NTV,"Samsun mayor Halit Doğan said Chery will invest USD 1bn in the new OSB in Tekkeköy for 200,000 vehicles a year and more than 5,000 jobs.",,Samsun'a iki büyük yatırım! Chery ile MKE üretim tesisi kuruyor,"https://www.ntv.com.tr/ntvpara/samsuna-iki-buyuk-yatirim-chery-ile-mke-uretim-tesisi-kuruyor,V2c7y-me506mkImMkjU9hA",
d6014666e630,CHERY-SAMSUN-PLANT,2025-03-27,other_news_source,Chery denies plant plan,Chery Automobile (Omoda & Jaecoo),,,,,,,,,,,Forbes Türkiye,"The Presidency listed a USD 1bn, 200,000-unit Chery plant with an R&D centre in Samsun among 19 investments; Chery stated it has no plan to build a factory in Turkey and seeks a third-party partnership to grow its business.",,Chery'nin Türkiye'ye yatırım planı hakkında neler biliniyor?,https://www.forbes.com.tr/otomobil/chery-nin-turkiye-ye-yatirim-plani-hakkinda-neler-biliniyor,
d6014666e630,CHERY-SAMSUN-PLANT,2025-03-28,other_news_source,Chery says no direct plant plan,Chery Automobile,,,,,,,,,,,Sanayi Gazetesi,"After reports of a USD 1 billion electric-vehicle plant in Samsun with capacity of 200,000 cars a year, Chery told Reuters it had no plan to build a factory in Turkey directly and was only looking for partners for production facilities.",,Chery Türkiye'de fabrika mı kuracak ortak mı bulacak? İşte detaylar...,https://sanayigazetesi.com.tr/chery-turkiyede-fabrika-mi-kuracak-ortak-mi-bulacak-iste-detaylar/,
2a4cb64fa91e,CHINT-TOPCON-CELL-FACTORY,2025-04-02,other_news_source,factory announced,Astronergy (Chint),,,,,,,500,USD mn,,,pv magazine,"Astronergy is to build a TOPCon 4.0 cell factory with an R&D centre in Turkey for at least 500m USD under the HIT-30 programme, exporting at least 80% of output; it already has a module assembly facility there of at least 850 MW.",,Astronergy to build $500 million solar cell factory in Turkey,http://www.pv-magazine.com/2025/04/02/astronergy-to-build-500-million-solar-cell-factory-in-turkey/,
2a4cb64fa91e,CHINT-TOPCON-CELL-FACTORY,2025-04-03,other_news_source,factory announced,Chint,,,,,,,,,,,Directorate of Communications (digest of Jiemian News),Digest of a Chinese media report: Chint is to set up Turkey's first wholly foreign-owned solar cell factory under the HIT-30 programme.,,CHINT to establish Türkiye's first wholly foreign-owned solar cell factory (China),https://www.iletisim.gov.tr/english/dis_basinda_turkiye/detay/chint-to-establish-turkiyes-first-wholly-foreign-owned-solar-cell-factory-china,
2a4cb64fa91e,CHINT-TOPCON-CELL-FACTORY,2025-04-07,other_news_source,factory announced,Chint,,,,,,,,,,,PVTIME,"Chint, which already has a PV module factory in Turkey, will build a TOPCon cell line under HIT-30 with 80% of output for export, becoming the country's only fully foreign-owned cell maker.",,Chint to Establish TOPCon Solar Cell Factory in Turkey,https://www.pvtime.org/chint-to-establish-topcon-solar-cell-factory-in-turkey,
d567428a8d4e,MIDEA-TEKA-TURKEY,2025-04-30,other_news_source,acquisition announced in Turkish press,Midea Group,,,,,,,,,,,Ekonomim,"Reports that Midea has acquired Teka Group and that the combined group will broaden product lines across the Teka, Küppersbusch and Intra brands, quoting Midea's Jian Fu and Teka CEO Mauro Correia; no Turkish plant details.",,Teka ve Midea'dan stratejik buluşma,https://www.ekonomim.com/sehirler/teka-ve-mideadan-stratejik-bulusma-haberi-815483,
d567428a8d4e,MIDEA-TEKA-TURKEY,2025-05-01,other_news_source,acquisition completed,Midea Group,,,,,,,,,,,Ekonomi Gazetesi,"States that Midea has completed its acquisition of Teka Group, aiming to raise Teka's global competitiveness and enter new product categories; no price disclosed and Turkish operations not mentioned.",,"Midea, Teka Grubu'nun satın alımını tamamladı",https://www.ekonomigazetesi.com/sirket-haberleri/midea-teka-grubunun-satin-alimini-tamamladi-48816,
43b6d9b48c97,EKIN-WIND-PARTS-UZUNKOPRU,2025-05-05,other_news_source,land allocated,Tiron; Ekin Makina,,,,,,,,,,,Sanayi Gazetesi,"Land in the Atatürk organised industrial zone in Uzunköprü was allocated to a partnership of a Chinese firm and Ekin Makina, which will build a factory for wind turbine parts for domestic and export markets once infrastructure is finished.",,Çinli firma Edirne'de rüzgar türbini parçaları üretecek!,https://sanayigazetesi.com.tr/?p=196010,
43b6d9b48c97,EKIN-WIND-PARTS-UZUNKOPRU,2025-05-05,other_news_source,land allocated,Tiron; Ekin Makina,,,,,,,,,,,Halk TV,"The Chinese firm Tiron and its Turkish partner Ekin Makina were allocated land in the Atatürk organised industrial zone in Uzunköprü for a wind turbine parts factory; construction is to start once infrastructure is complete, and the Chinese firm will move its European production to Turkey.",,Çinli dev Edirne'de kanat açıyor!,https://halktv.com.tr/ekonomi/cinli-dev-edirnede-kanat-aciyor-935670h,
43b6d9b48c97,EKIN-WIND-PARTS-UZUNKOPRU,2025-05-05,other_news_source,land allocated,Tiron; Ekin Makina,,,,,,,,,,,Bengütürk,Same land allocation ceremony: Tiron and Ekin Makina will make wind turbine parts in the Uzunköprü organised industrial zone.,,Çinli firma Türk ortağıyla Edirne'de rüzgar türbini parçaları üretecek,https://www.benguturk.com/ekonomi/cinli-firma-turk-ortagiyla-edirnede-ruzgar-turbini-parcalari-uretecek-200897h,
0bc917c661a8,ALIBABA-TRENDYOL,2025-05-06,other_news_source,sale agreement signed,Alibaba Group (via Trendyol),,,,,,,,,,,bne IntelliNews,Uber signed an agreement to buy 85% of Trendyol Go for about USD 700 million; Trendyol Go delivered over 200 million orders and USD 2 billion of gross bookings in 2024.,,Uber to pay $700mn for 85% stake in Turkey delivery unit of Alibaba's Trendyol,https://www.intellinews.com/uber-to-pay-700mn-for-85-stake-in-turkey-delivery-unit-of-alibaba-s-trendyol-379707,
0bc917c661a8,ALIBABA-TRENDYOL,2025-05-06,other_news_source,Uber agrees to buy 85% of Trendyol Go,Alibaba Group (via Trendyol),,,,,,,,,,,Bloomberg,"Uber to acquire 85% of the Alibaba-controlled delivery platform for USD 700 million, cash and debt-free; closing expected in H2 pending regulatory approval; app continues to operate.",,Uber to Buy $700 Million Stake in Turkish Delivery App Trendyol,https://www.bloomberg.com/news/articles/2025-05-06/uber-to-buy-700-million-stake-in-turkish-delivery-app-trendyol,
0bc917c661a8,ALIBABA-TRENDYOL,2025-05-09,other_news_source,sale agreement (adviser release),Alibaba Group (via Trendyol),,,,,,,,,,,Clifford Chance,"Trendyol, described as majority-owned by Alibaba, is selling an 85% controlling stake in Trendyol Go to Uber for USD 700 million, with completion expected in the second half of 2025.",,Clifford Chance advises Trendyol on the US$700 million sale of Trendyol Go to Uber,https://www.cliffordchance.com/news/news/2025/05/clifford-chance-advises-trendyol-on-us-700-million-sale-of-trendyol-go-to-uber.html,
bf1361740cd4,EKOS-CALB-STORAGE,2025-05-12,other_news_source,cooperation agreement disclosed,CALB Group; with EKOS Teknoloji,,,,,,,,,,,Sanayi Gazetesi,"EKOS Teknoloji ve Elektrik told the stock exchange it signed a five-year strategic cooperation agreement with China's CALB Group for the production, technology development and sale of grid- and industrial-scale battery storage systems; production in Turkey is planned, with CALB providing technology for batteries, container integration and cell supply.",The page credits Borsa Gündem as its source.,EKOS elektrikten Çinli ortaklık: Batarya sistemi üretecekler,https://sanayigazetesi.com.tr/ekos-elektrikten-cinli-ortaklik-batarya-sistemi-uretecekler/,
cf1afbe3f61e,YONGJIN-YALOVA-STAINLESS,2025-05-12,other_news_source,investment announced,Yongjin Technology Group (80%) with two other Chinese companies (15% and 5%),,,,,,,,,,,Gazete Vatan,"Yongjin Technology Group will invest USD 250 million in a cold-rolled stainless steel plant in Yalova Makine İhtisas OSB with 400,000 tonnes a year on two lines; construction is to start in 2025 and take about 24 months. Yongjin holds 80% and two other Chinese firms 15% and 5%; the stainless steel industry association chairman said it would replace imports.",,Çinli Yongjin Yalova'ya fabrika kuruyor! Türkiye'de bir ilke imza atacaklar,https://www.gazetevatan.com/ekonomi/cinli-yongjin-yalovaya-fabrika-kuruyor-turkiyede-bir-ilke-imza-atacaklar-2274236,
cf1afbe3f61e,YONGJIN-YALOVA-STAINLESS,2025-05-12,other_news_source,investment announced,Yongjin Technology Group (80%) with two other Chinese companies (15% and 5%),,,,,,,,,,,YatırımX,"Yongjin Technology Group will build a USD 250 million plant in Yalova Makine İhtisas OSB to make 400,000 tonnes a year of cold-rolled stainless sheet and strip on two lines, with Yongjin holding 80% alongside two other Chinese companies.",,İlk Olacak! Yalova'ya Çin Fabrikası Kuruluyor,https://www.yatirimx.com.tr/sirket-haberleri/ilk-olacak-yalovaya-cin-fabrikasi-kuruluyor/9790,
cf1afbe3f61e,YONGJIN-YALOVA-STAINLESS,2025-05-12,other_news_source,investment decision reported,Yongjin Technology Group (80%) with two other Chinese partners (15% and 5%),,,,,,,,,,,Ekonomim,"PASİD chairman Arslan Küçükemre said Yongjin and partners are investing USD 257 million in a 400,000 t/year cold-rolled stainless plant in Yalova Makine İhtisas OSB, the third stainless producer in Turkey after Posco Assan TST and Trinox.",,"Paslanmazda kavga sürüyor, üretime yeni yabancı geliyor",https://www.ekonomim.com/ekonomi/paslanmazda-kavga-suruyor-uretime-yeni-yabanci-geliyor-haberi-817572,
2547df1383aa,URZAT-ESKISEHIR-SWM-JAC,2025-05-13,other_news_source,site named: Eskişehir,SWM Motors (Shineray Group),,,,,,,,,,,Dünya,"SWM Turkey's commercial director said production will be in Eskişehir with Urzema Holding, initial capacity 25,000 a year, starting by end-2025; imports from China will stop once the plant runs.",,Çinli otomobil markası SWM Motors'un Türkiye'deki üretim yeri belli oldu,https://www.dunya.com/sektorler/otomotiv/cinli-otomobil-markasi-swm-motorsun-turkiyedeki-uretim-yeri-belli-oldu-haberi-776254,
0bc917c661a8,ALIBABA-TRENDYOL,2025-05-15,other_news_source,Competition Board approved sale of Trendyol Go to Uber (decision 25-19/451-213),"Alibaba Group (seller, via DSM Grup / Trendyol)",,,,,,,,,,,Rekabet Kurumu (Competition Authority),"Board decision of 15.05.2025 unanimously allowing Uber International Holding B.V. to acquire sole control of TYG Turkey (Trendyol Go), an online meal and grocery delivery platform active only in Turkey, from Alibaba-controlled DSM Grup (Trendyol).",,"Rekabet Kurulu Kararı – Dosya 2025-1-030, Karar 25-19/451-213",https://www.rekabet.gov.tr/Karar?kararId=57715c9b-3109-4f80-b550-e7caa389114c,
f8c6431cb080,INOVANCE-TURKEY,2025-05-23,other_news_source,operating,Inovance,,,,,,,,,,,Inovance Technology Europe (company release),After the Asansör Istanbul 2025 fair Inovance said it has an Istanbul-based local office with local sales and technical support and a rapidly growing network of partners.,,Asansör Istanbul 2025: A Resounding Success and a Launchpad for Growth in Türkiye,https://www.inovance.eu/news/details/asansoer-istanbul-2025-a-resounding-success-and-a-launchpad-for-growth-in-tuerkiye-366,
d3c0fceab853,YIZUMI-SILIVRI-TECH-CENTRE,2025-05-27,other_news_source,centre opened,Yizumi,,,,,,,,,,,Hürriyet Bigpara,"Yizumi opened a technology centre in Silivri, its first investment in Turkey, with injection moulding, die casting and 3D printing machines, training, a local engineering team and a spare parts depot; the plastics industry association hopes a factory will follow.",,Çinli enjeksiyon devi yatırıma geldi,https://bigpara.hurriyet.com.tr/haberler/ekonomi-haberleri/cinli-enjeksiyon-devi-yatirima-geldi_ID1612270/,
f8c6431cb080,INOVANCE-TURKEY,2025-05-28,other_news_source,operating,Inovance Technology Turkey,,,,,,,,,,,Elevator World,"Inovance Technology Turkey took part in the 19th Asansör Istanbul exhibition (15–18 May 2025), showing elevator control systems.",,Inovance Reflects on Success at Asansör Istanbul 2025,https://elevatorworld.com/news/daily-news/inovance-reflects-on-success-at-asansor-istanbul-2025/,
03de61b1d613,ALIBABA-DATACENTRE-LOGISTICS-PLAN,2025-05-29,other_news_source,Trendyol–Castle Investments agreement on Ankara data centre,Alibaba Group (Trendyol) as original owner / anchor user,,,,,,,,,,,DHA,"Trendyol and UAE-based Castle Investments (founder Tarek Al Ashram) signed an agreement for the design, development and operation of a data centre in Ankara: about USD 500 million, 48 MW IT in total, first 9.6 MW phase in Q3 2026; much of the capacity is for Trendyol, the rest for cloud providers and corporate clients.",,Türkiye'nin Dijital Geleceğine Dev Yatırım,https://www.dha.com.tr/ekonomi/turkiyenin-dijital-gelecegine-dev-yatirim-2648631,
2547df1383aa,URZAT-ESKISEHIR-SWM-JAC,2025-06-04,other_news_source,plant details announced,SWM Motors (Shineray Group),,,,,,,,,,,Capital,"Urzat Otomotiv (Urzema Holding) will assemble the SWM G01F from September 2025 on a 38,000 m2 site in Eskişehir OSB; phase 1 is 9,000 vehicles over about three years with 40–45 staff, with 20–25% local content rising to about 50%.",,"Çinli markanın otomobili, Eskişehir'de banttan inecek",https://www.capital.com.tr/haberler/tum-haberler/cinli-markanin-otomobili-eskisehirde-banttan-inecek,
2547df1383aa,URZAT-ESKISEHIR-SWM-JAC,2025-06-04,other_news_source,assembly plan reported,SWM Motors,,,,,,,,,,,Anadolu Ajansı,"SWM Motors cars will be assembled by Urzat Otomotiv (Urzema Holding) in Eskişehir OSB on a 38,000 m2 site, starting with SUVs in September 2025; 9,000 vehicles in the first phase, localisation 20-25% rising to about 50% in three years.",,"Çinli firmanın ürettiği otomobil, Eskişehir'de montajlanıp eylülde banttan indirilecek",https://www.aa.com.tr/tr/ekonomi/cinli-firmanin-urettigi-otomobil-eskisehirde-montajlanip-eylulde-banttan-indirilecek/3588485,
2547df1383aa,URZAT-ESKISEHIR-SWM-JAC,2025-06-10,other_news_source,venture structure described,SWM Motors (Shineray Group),,,,,,,,,,,Ekonomim,"Production will be at Eskişehir OSB through Urzat Otomotiv AŞ, a venture of ATMO Group and Urzema Holding; Urzema leads manufacturing and ATMO distribution. The G01 Pro is due in autumn 2025.",,"İlk yerli Çinli otomobil, eylülde banttan iniyor!",https://www.ekonomim.com/sektorler/otomotiv/ilk-yerli-cinli-otomobil-eylulde-banttan-iniyor-haberi-823246,
3a67867175a4,JTPV-SCHMID-PEKINTAS-DUZCE,2025-06-13,other_news_source,plan announced,JTPV (Chinese solar cell maker; equity role not clear),,,,,,,,,,,Dünya,Schmid Pekintaş and the Chinese firm JTPV will build a 5 GW TOPCon+ solar cell factory in Düzce with HIT-30 support. The Schmid Pekintaş chairman said groundbreaking was near and production would start in 2026; no amount was given.,,Çin-Türk ortaklığından Düzce'ye 5 GW'lık güneş hücresi fabrikası,https://www.dunya.com/enerji/cin-turk-ortakligindan-duzceye-5-gwlik-gunes-hucresi-fabrikasi-haberi-780660,
3a67867175a4,JTPV-SCHMID-PEKINTAS-DUZCE,2025-06-13,other_news_source,plan announced,JTPV (Chinese solar cell maker; equity role not clear),,,,,,,,,,,CNBC-e,"A 5 GW TOPCon+ cell factory will be set up in Düzce by Schmid Pekintaş with the Chinese firm JTPV, described as technology supplier, under HIT-30. The foundation is to be laid in 2025 and operations to begin in 2026.",,Çin-Türk ortaklığıyla Düzce'de 5 gigavatlık güneş hücresi fabrikası kurulacak,https://www.cnbce.com/enerji/cin-turk-ortakligiyla-duzcede-5-gigavatlik-gunes-hucresi-fabrikasi-kurulacak-h13815,
3a67867175a4,JTPV-SCHMID-PEKINTAS-DUZCE,2025-06-13,other_news_source,plan announced,JTPV (Chinese solar cell maker; equity role not clear),,,,,,,,,,,Türkgün,"Schmid Pekintaş and the Chinese technology provider JTPV plan a 5 GW TOPCon+ solar cell factory in Düzce in two phases with HIT-30 incentives, aimed first at the Turkish and US markets.",,Düzce'de dev enerji hamlesi! Türk-Çin ortaklığıyla güneş hücresi üretilecek,https://www.turkgun.com/ekonomi/duzcede-dev-enerji-hamlesi-turk-cin-ortakligiyla-gunes-hucresi-uretilecek/299391,
3a67867175a4,JTPV-SCHMID-PEKINTAS-DUZCE,2025-06-13,other_news_source,partnership and plant announced,JTPV,,,,,,,,,,,Sözcü,Reports the Schmid Pekintaş–JTPV plan for a 5 GW TOPCon+ cell plant in Düzce with foundation work in 2025 and start-up in 2026 under HIT-30; ownership shares and jobs are not disclosed.,,Çin-Türk ortaklığıyla Düzce'de fabrika kurulacak,https://www.sozcu.com.tr/cin-turk-ortakligiyla-duzce-de-fabrika-kurulacak-p183632,
3a67867175a4,JTPV-SCHMID-PEKINTAS-DUZCE,2025-06-13,other_news_source,5 GW cell factory announced,JTPV; with Schmid Pekintaş,,,,,,,,,,,Anadolu Ajansı,"Schmid Pekintaş and JTPV to build a 5 GW TOPCon+ cell factory in Düzce under HIT-30; groundbreaking in 2025, operation in 2026 (chairman Özhan Olcay); shares not given.",,Çin-Türk ortaklığıyla Düzce'de 5 gigavatlık güneş hücresi fabrikası kurulacak,https://www.aa.com.tr/tr/enerjiterminali/enerji-diplomasi/cin-turk-ortakligiyla-duzcede-5-gigavatlik-gunes-hucresi-fabrikasi-kurulacak/49797,
d0e6219f3aa5,CHINA-RAILWAY-PASIFIK-EURASIA,2025-06-19,other_news_source,agreement signed (17 June 2025),China Railway International Multimodal Co. Ltd. (China Railway),,,,,,,,,,,Capital,"Pasifik Eurasia signed an International Container Transportation Agreement on 17 June 2025 with China Railway International Multimodal Co. Ltd.; 10 block trains will run first, with a target of 1,000 a year, and the holding aims to sign further deals with Chinese firms.",,"Pasifik Holding, Çinli şirketlerle yeni anlaşmalar hedefliyor",https://www.capital.com.tr/haberler/tum-haberler/pasifik-holding-cinli-sirketlerle-yeni-anlasmalar-hedefliyor,
b289f4dcd3f0,TCL-BILKOM-TV,2025-06-19,other_news_source,"New TV and air-conditioner range; 2024 sales over 200,000 units",TCL Electronics,,,,,,,,,,,LOG,"TCL sold over 200,000 TVs in Turkey in 2024 (+25%), targets 10% share in 2025; names Timo Xu as Turkey, Levant and Caucasus general manager; no statement on local production.",,Yeni nesil TCL TV ve klima serisi Türkiye'de; işte detaylar,https://www.log.com.tr/?p=958098,
d189dfb34bd7,TEMU-TURKEY,2025-06-19,other_news_source,Istanbul operations office opened; local warehouse planned,Temu (PDD Holdings),,,,,,,,,,,DonanımHaber,"Temu opened an operations office in Istanbul, plans a local warehouse for shipments within Turkey and next-day delivery, and now takes payments through a Turkey-based company; some products are already labelled 'local'.",,TEMU 1 günde teslimat dönemini başlatıyor: Türkiye'de operasyon üssü kurdu,https://www.donanimhaber.com/temu-turkiye-operasyonlari-basladi--192804,
d189dfb34bd7,TEMU-TURKEY,2025-06-20,other_news_source,local company and depot plan reported,Temu (PDD Holdings),,,,,,,,,,,Eleman.net,"Says Temu is officially entering Turkey: payments previously processed via Ireland will go through a Turkey-based company with Turkish invoices, and an operations centre and an Istanbul depot are planned for one-day delivery; no dates or figures.",,TEMU Türkiye'de| Lojistikten E-Ticarete Yeni İstihdam Fırsatları,https://www.eleman.net/is-rehberi/guncel/temu-turkiye-de-lojistikten-e-ticarete-yeni-istihdam-firsatlari-h10872,
d0e6219f3aa5,CHINA-RAILWAY-PASIFIK-EURASIA,2025-06-23,other_news_source,agreement reported,China Railway International Multimodal Co. Ltd. (China Railway),,,,,,,,,,,Capital,"Describes the China Railway–Pasifik Eurasia agreement for Middle Corridor block trains (10 initially, 1,000 a year targeted); Pasifik Eurasia currently runs about 300 trains a year on the route.",,Lojistikte Türkiye eksenli yeni rota,https://www.capital.com.tr/haberler/tum-haberler/lojistikte-turkiye-eksenli-yeni-rota,
c42c81a94929,ICBC-TEKSTILBANK,2025-07-03,other_news_source,authorised as RMB clearing bank,ICBC (ICBC Turkey Bank A.Ş.),,,,,,,,,,,Belt and Road Portal,"The PBoC authorised ICBC's Turkish operation as the renminbi clearing bank in Türkiye (announced 2 July), following the 13 June MoU with the Turkish central bank and the CNY 35 billion swap renewal.",,Turkish branch of ICBC authorized as renminbi clearing bank,https://eng.yidaiyilu.gov.cn/p/0404D4KA.html,
d567428a8d4e,MIDEA-TEKA-TURKEY,2025-07-03,other_news_source,growth plan for Turkish operations,Midea Group,,,,,,,,,,,Ekonomi Gazetesi,"Teka Eurasia CEO Aydın Kuzaltı says Teka, now part of Midea, has two plants in Turkey (İzmir and Çerkezköy), the İzmir one covering 24,000 m² with 2 million units a year, and targets fivefold growth in five years and doubled İzmir exports by 2028.",,"Teka, Türkiye'de 5 yılda 5 kat büyümeyi hedefliyor",https://www.ekonomigazetesi.com/sirket-haberleri/teka-turkiyede-5-yilda-5-kat-buyumeyi-hedefliyor-53217,
cf1afbe3f61e,YONGJIN-YALOVA-STAINLESS,2025-07-08,other_news_source,listed among new stainless steel investments,Yongjin Technology Group (80%) with two other Chinese companies (15% and 5%),,,,,,,,,,,Ekonomist,"The page lists China-based Yongjin's planned plant in Yalova at about USD 257 million and 400,000 tonnes a year (lines of 80,000 and 320,000 tonnes) next to Sarıtaş's separate stainless investment in the same zone.",,Paslanmaz çelik sektörüne yeni babayiğitler geliyor,https://www.ekonomist.com.tr/makale/paslanmaz-celik-sektorune-yeni-babayigitler-geliyor-61449,
2547df1383aa,URZAT-ESKISEHIR-SWM-JAC,2025-07-13,other_news_source,JAC and SWM assembly announced,JAC Motors,,,,,,,,,,,LOG,"ATMO Group, in a joint venture with Urzema Holding, will produce the SWM G01 Pro (from September) and the electric JAC E30X (production from year-end) through Urzema's Urzat Otomotiv in Eskişehir OSB; the targets are 20,000 annual sales in the short term and 40,000 a year by 2029 with local content above 51%, and no state incentive or support was received.",,"Çinli markalar JAC ve SWM, Eskişehir'de otomobil üretecek",https://www.log.com.tr/?p=962175,
55a633af75d1,KAISHAN-IZMIR-COMPRESSOR,2025-07-14,other_news_source,construction started,Kaishan Group,,,,,,,,,,,Ekonomi Gazetesi,"Construction of Kaishan's 22,000 m2 compressor plant in İZBAŞ has started and the plant is expected to operate within a year.",,Kaishan'ın İZBAŞ'taki yatırımında inşaat başladı,https://www.ekonomigazetesi.com/sirket-haberleri/kaishanin-izbastaki-yatiriminda-insaat-basladi-54054,
55a633af75d1,KAISHAN-IZMIR-COMPRESSOR,2025-07-15,other_news_source,construction started,Kaishan Group,,,,,,,,,,,Dünya,"Kaishan Group started building a 22,000 m² factory in the İzmir Free Zone to make industrial compressors, mainly for geothermal plants and factories, for export; it is expected to be operating within a year. No amount is given.",,"Kaishan, İZBAŞ'ta fabrika inşaatına başladı",https://www.dunya.com/sirketler/kaishan-izbasta-fabrika-insaatina-basladi-haberi-785135,
d9ed197c1e24,ANT-TRENDYOL-FINTECH,2025-07-17,other_news_source,MoU signed,Ant International (Ant Group); Trendyol (Alibaba),,,,,,,,,,,Investment Office of the Presidency of Türkiye,"Trendyol, Baykar, ADQ and Ant International signed an MoU for a fintech platform offering payments, loans, deposits, investment products and insurance, initially serving 250,000 SMEs within and beyond the Trendyol ecosystem, expected to launch in the coming months pending official approvals.",,"Trendyol, Baykar, ADQ, and Ant International Sign MoU for Fintech Platform Development",https://agencyadm.invest.gov.tr/en/news/news-from-turkey/pages/trendyol-baykar-adq-ant-international-sign-mou-fintech-platform-development.aspx,
d9ed197c1e24,ANT-TRENDYOL-FINTECH,2025-07-17,other_news_source,letter of intent signed,Ant International (Ant Group); Trendyol (Alibaba),,,,,,,,,,,Webrazzi,"Under a letter of intent, Trendyol, Haluk Bayraktar, ADQ and Ant International will set up a Turkey-focused fintech combining e-commerce, digital banking, AI, payments and insurance; amounts and stakes are not disclosed.",,"Trendyol, Haluk Bayraktar, ADQ ve Ant International, Türkiye odaklı yeni bir fintech girişimi kuracak",https://webrazzi.com/2025/07/17/trendyol-haluk-bayraktar-adq-ve-ant-international-turkiye-odakli-yeni-bir-fintech-girisimi-kuracak/,
489d24b77559,ASTRONERGY-ADANA-MODULE,2025-07-22,other_news_source,existing factory mentioned,Astronergy (Chint Group),,,,,,,,,,,ShiftDelete.Net,"In a report on the Balıkesir project, the page says Astronergy's current investments include a 1 GW solar panel production plant in Adana.",,Türkiye'ye 5 GW'lık güneş hücresi üretim tesisi kuruluyor,https://shiftdelete.net/turkiyeye-5-gwlik-gunes-hucresi-uretim-tesisi-kuruluyor,
2a4cb64fa91e,CHINT-TOPCON-CELL-FACTORY,2025-07-22,other_news_source,site and amount reported,Astronergy (Chint),,,,,,,700,USD mn,,,Capital,"Astronergy will build a 5 GW TOPCon cell factory in the Balıkesir organised industrial zone for 700m USD, in two phases (3 GW, then 5 GW), with construction from the end of 2025 and full capacity in 2028; 80% of output is for export.",,Çinli şirket Balıkesir'de fabrika kuracak,https://www.capital.com.tr/haberler/tum-haberler/cinli-sirket-balikesirde-fabrika-kuracak,
489d24b77559,ASTRONERGY-ADANA-MODULE,2025-07-23,other_news_source,existing factory mentioned,Astronergy (Chint Group),,,,,,,,,,,Balkan Green Energy News,"The page says Astronergy already operates a solar panel factory in Adana with 1 GW annual capacity, so the Balıkesir plant would be its second facility in Turkey.",,China-based Astronergy to build solar cell factory in western Turkey,https://balkangreenenergynews.com/?p=83353,
2a4cb64fa91e,CHINT-TOPCON-CELL-FACTORY,2025-07-23,other_news_source,plan announced (trade press),"Astronergy (Chint Group), via Astronergy Europe GmbH",,,,,,,,,,,Balkan Green Energy News,"Astronergy, part of Chint Group, plans a USD 700 million factory in Balıkesir, 3 GW a year of wafers and cells at first and 5 GW by 2028, relying on the HIT-30 programme. The page says the firm already runs a 1 GW panel factory in Adana.",,China-based Astronergy to build solar cell factory in western Turkey,https://balkangreenenergynews.com/?p=83353,
78d5c2daaeaa,FELLOW-ENERJI-GAZIANTEP,2025-08-13,other_news_source,operating; expansion and listing planned,Unnamed Chinese partner (75% of Fellow Enerji),,,,,,,,,,,Ekonomi Gazetesi,"Fellow Enerji, in which the Chinese company holds 75%, makes solar cells in Gaziantep OSB with 2.5 GW cell and 1.6 GW ingot capacity; the investment started at USD 120 million and has reached USD 150 million. It has 140 Chinese staff, will bring a new investment on line in September, exports 80% of output and wants to apply for a public offering.",,Gaziantep'te hücre üreten 'Çinli Kardeş' halka arz olacak,https://www.ekonomigazetesi.com/kose-yazisi/gaziantepte-hucre-ureten-cinli-kardes-halka-arz-olacak-54189,
a803e35618b6,HUAWEI-ISTANBUL-RND,2025-08-13,other_news_source,local cloud growth reported,Huawei,,,,,,,,,,,Ekonomi Gazetesi,"Column says Huawei, 22 years in Turkey, launched local cloud services in 2023 as the first and only foreign company to build cloud infrastructure there, serves 360+ businesses with 110+ services, and runs a USD 6 million three-year Cloud Acceleration Program for 60 startups.",,Huawei Cloud Türkiye'deki yatırımlarıyla hızla büyüyor,https://www.ekonomigazetesi.com/kose-yazisi/huawei-cloud-turkiyedeki-yatirimlariyla-hizla-buyuyor-36491,
d189dfb34bd7,TEMU-TURKEY,2025-08-29,other_news_source,hiring for the Turkey office,Temu (PDD Holdings),,,,,,,,,,,Ekonomim,"Temu completed its official registration and opened an office in Turkey this year, is recruiting a local team, working with logistics and ERP providers and rolling out an invitation-only 'local-to-local' programme for Turkish sellers.",,"Temu, Türkiye ofisi için işe alım yapıyor",https://www.ekonomim.com/sirketler/temu-turkiye-ofisi-icin-ise-alim-yapiyor-haberi-840078,
d189dfb34bd7,TEMU-TURKEY,2025-08-29,other_news_source,hiring for the Turkey office,Temu (PDD Holdings),,,,,,,,,,,CNBC-e,"Temu, launched in Turkey in May 2024, has registered and set up a Turkey office and is building a local team; its local-to-local programme for Turkish sellers is invitation-only for now.",,"Temu, Türkiye ofisi için işe alım yapmaya başladı",https://www.cnbce.com/haberler/temu-turkiye-ofisi-icin-ise-alim-yapmaya-basladi-temu-turkiye-ofisi-ne-zaman-acilacak-temu-turkiye-ise-alim-yapiyor-mu-h16622,
b21ef4a7a1a8,HUNUTLU-EMBA-SHANGHAI-ELECTRIC,2025-09-01,other_news_source,solar additions and operating figures reported,"Shanghai Electric Power (SPIC group), via EMBA Elektrik Üretim",,,,,,,,,,,China Daily,EMBA invested about USD 1.6 billion; units entered operation June and October 2022; 21 MW solar (May 2023) and 25 MW (Nov 2023) were added; plant generates over 10 billion kWh a year and over 350 local professionals work in key technical and management positions.,,SEP EMBA Electricity Production: driving BRI-related high-quality energy development,https://epaper.chinadaily.com.cn/a/202509/01/WS68b4e5d3a310bb2da0973a73.html,
5211007c0ded,DONGFANG-WIND-TURBINE-PLANT,2025-09-02,other_news_source,minister meets Chinese energy firms,Dongfang Electric Corporation,,,,,,,,,,,Sanayi Gazetesi,"In Beijing, Energy Minister Bayraktar met executives of Energy China, Wison, Honghua and Dongfang; with Energy China and Dongfang he discussed large-scale investment opportunities in renewable generation and technologies in Turkey.",,Enerji Bakanı Bayraktar Çinli enerji şirketleri ile görüştü,https://sanayigazetesi.com.tr/enerji-bakani-bayraktar-cinli-enerji-sirketleri-ile-gorustu/,
03de61b1d613,ALIBABA-DATACENTRE-LOGISTICS-PLAN,2025-09-04,other_news_source,Board: takeover of TY Ankara Global Veri Merkezi not subject to approval (decision 25-33/7,Alibaba Group (Trendyol) as original owner / anchor user,,,,,,,,,,,Rekabet Kurumu (Competition Authority),Short decision of 04.09.2025: acquisition of sole control of TY Ankara Global Veri Merkezi Ticaret AŞ by Tarek Al Ashram through Castle Investments – FZE is not subject to approval.,,Rekabet Kurumu - TY Ankara Global Veri Merkezi Ticaret Anonim Şirketi,https://www.rekabet.gov.tr/tr/SonKurulKarari/09d9dffb-3592-f011-93e4-0050568549fa,
53fd78ffa8bf,JD-CECONOMY-MEDIAMARKT-TR,2025-09-18,other_news_source,German cartel office approves JD.com's majority purchase,JD.com,,,,,,,,,,,Forbes Türkiye,"Bundeskartellamt cleared the majority acquisition; Ceconomy has 1,000+ stores in 11 countries (about 400 in Germany), EUR 22.4 billion revenue in 2023/24; Turkey not mentioned.",,"Çinli JD.com, MediaMarkt-Saturn'un kontrolünü devraldı",https://www.forbes.com.tr/ekonomi/cinli-jd-com-mediamarkt-saturn-un-kontrolunu-devraldi,
e8e08fb8cf21,VIVO-GEBZE-PLANT,2025-09-22,other_news_source,operating,vivo,,,,,,,,,,,Para Dergisi,vivo says it opened its only production facility in Europe in Turkey in 2021 and has made V-series Lite models there since 2024.,,"Vivo, Türkiye'de 5G'ye hazır",https://www.paradergi.com.tr/teknoloji/2025/09/23/vivo-turkiyede-5gye-hazir,
5211007c0ded,DONGFANG-WIND-TURBINE-PLANT,2025-09-30,other_news_source,talks,Dongfang Electric Corporation,,,,,,,250,USD mn (plan),,,Bloomberg HT,"Energy minister Bayraktar said he held comprehensive talks with Dongfang Electric on its plan for a wind turbine factory in Turkey with 2,000 MW annual capacity and an initial investment of about 250m USD.",,Bayraktar: Çinli Dongfang ile 250 milyon dolarlık yatırımı görüştük,https://www.bloomberght.com/bayraktar-cinli-dongfang-ile-250-milyon-dolarlik-yatirim-gorusuldu-3758231,
5211007c0ded,DONGFANG-WIND-TURBINE-PLANT,2025-09-30,other_news_source,plan discussed with minister,Dongfang Electric Corporation,,,,,,,,,,,Ekonomi Gazetesi,"Minister Bayraktar said he met Dongfang Electric Corporation's senior management and assessed its plan to set up a wind turbine plant in Turkey with about USD 250 million initial investment and 2,000 MW annual capacity. No site is given.",,Bayraktar: Çinli Dongfang'in 250 milyon dolarlık rüzgar türbini üretim tesisini kurma planını değerlendirdik,https://www.ekonomigazetesi.com/ekonomi/bayraktar-cinli-dongfangin-250-milyon-dolarlik-ruzgar-turbini-uretim-tesisini-kurma-planini-degerlendirdik-60532,
30cf77f5d474,TURK-TELEKOM-CEXIM-LOANS,2025-09-30,other_news_source,two Sinosure-covered loan agreements signed with China Exim,Export-Import Bank of China; Bank of China; Sinosure (insurer),,,,,,,,,,,Borsa Gündem,"Türk Telekom signed two long-term loan agreements totalling EUR 119,795,741.97 with the Export-Import Bank of China under Sinosure insurance, maturing September 2035 (average 5.6 years) at EURIBOR+1.50% (2.58% all-in), to finance group investments and the solar power plant investment in Zara district, Sivas.",,"Türk Telekom, 119,8 milyon euroluk uzun vadeli kredi anlaşması imzaladı",https://www.borsagundem.com.tr/turk-telekom-1198-milyon-euroluk-uzun-vadeli-kredi-anlasmasi-imzaladi,
7f02096e4f08,BYD-MANISA-PLANT,2025-10-02,other_news_source,site reported idle,BYD,,,,,,,,,,,Ekonomist,Groundwork seen in February stopped in June and nothing has moved on the Manisa OSB site for three months; only two transformers are visible. Stella Li had said in September that construction would start as soon as possible with production in 2026.,,Fabrika için gözlerin çevrildiği sahada henüz hareket başlamadı,https://www.ekonomist.com.tr/otomotiv/fabrika-icin-gozlerin-cevrildigi-sahada-henuz-hareket-baslamadi-65828,
6a4a8dd363f4,BEYLIKOVA-REE-CHINA,2025-10-06,other_news_source,talks with China reported stalled,PRC government / unnamed Chinese parties,,,,,,,,,,,Medyascope,"Citing Bloomberg, the page says Turkey signed a memorandum with China in October 2024 for Beylikova but the talks stalled over technology transfer: China required the ore to be processed in China and Turkey would not give up domestic refining. Turkey then started talks with the United States.",,"Bloomberg: Çin ve Rusya ile görüşmeler tıkandı, Türkiye narid toprak rezervleri için ABD ile görüşmeye başladı",https://medyascope.tv/2025/10/06/bloomberg-cin-ve-rusya-ile-gorusmeler-tikandi-turkiye-nadir-toprak-rezervleri-icin-abd-ile-gorusmeye-basladi,
6a4a8dd363f4,BEYLIKOVA-REE-CHINA,2025-10-09,other_news_source,shift from China to the United States reported,PRC government / unnamed Chinese parties,,,,,,,,,,,soL Haber,"The page says talks with China and Russia deadlocked over technology transfer and refining rights, and that a deal with the United States would in effect void the memorandum signed with China in October 2024.",,Türkiye'nin nadir toprak elementleri kavgası: İktidar dümeni Çin'den ABD'ye kırdı,https://haber.sol.org.tr/haber/turkiyenin-nadir-toprak-elementleri-kavgasi-iktidar-dumeni-cinden-abdye-kirdi-401983,
321af10008a3,WASION-SATERA,2025-10-13,other_news_source,Stake purchase reported,Wasion Power Company Limited (Wasion group),,,,,,,,,,,Türkiye Today,"Reports that Chinese metering company Wasion (parent Wasion Holdings Limited) acquired 20% of Istanbul-based smart electricity meter maker Satera (founded 2021, 5,000 m2 plant, capacity over 2 million units a year), its first investment in Europe and the Middle East; no amount given; cites patronlardunyasi.com.",,"Chinese energy titan Wasion acquires 20% stake in Türkiye's Satera, enters market",https://www.turkiyetoday.com/business/chinese-energy-titan-wasion-acquires-20-stake-in-turkiyes-satera-enters-market-3208367,
d189dfb34bd7,TEMU-TURKEY,2025-10-21,other_news_source,logistics partnerships reported,Temu (PDD Holdings),,,,,,,,,,,Ekonomi Gazetesi,"Says Temu opened an Istanbul office and registered a local representation, and set up partnerships with Horoz Lojistik and Aras Kargo for large-volume shipments.",,"Türkiye, e-ticaret üssü olma yolunda ilerliyor",https://www.ekonomigazetesi.com/ekonomi/turkiye-e-ticaret-ussu-olma-yolunda-ilerliyor-62399,
57e4a8b6108e,BANK-OF-CHINA-TURKEY,2025-10-29,other_news_source,loan executed,Bank of China,,,,,,,,,,,Bank of China,"Bank of China executed a five-year loan of nearly CNY 3 billion (about USD 429.6 million) to Turkish Airlines, its first RMB financing, coordinated by BOC head office with its Turkey, Macao and London operations.",,Bank of China Executes Turkiye's Largest Single RMB Loan,https://www.boc.cn/english/whatsnew/news/202510/t20251029_25647003.html,
bb2ad5470e56,REEDER-NORDEEC-GOLF-EV,2025-11-12,other_news_source,letter of intent for joint venture disclosed,"Leaderhub Technology Co., Ltd.; Haibao Machinery (Haibao Technologies LLC)",,,,,,,,,,,Borsa Gündem,"Reeder signed a letter of intent with Leaderhub Technology and Haibao to produce electric golf vehicles at its Samsun plant through a joint venture named NordeeC Mobility A.Ş., with pilot production by end-2025, 35,000 units a year targeted for 2026 and a first trial shipment planned for 20 November 2025.",,"Reeder, Çinli firmalarla üretim için niyet mektubu imzaladı",https://www.borsagundem.com.tr/reeder-cinli-firmalarla-uretim-icin-niyet-mektubu-imzaladi,
bb2ad5470e56,REEDER-NORDEEC-GOLF-EV,2025-11-12,other_news_source,letter of intent for joint venture disclosed,"Leaderhub Technology Co., Ltd.; Haibao Machinery (Haibao Technologies LLC)",,,,,,,,,,,Rota Borsa,"Reeder signed a letter of intent with Leaderhub Technology Co., Ltd. and Haibao Machinery to set up a joint venture to make and export electric golf vehicles in Turkey; Haibao is platform partner for the reev Fancy model and Leaderhub the technology-transfer partner; production at Samsun by end-2025, 35,000 units a year targeted for 2026.",,Reeder Teknoloji'den (REEDR) yeni elektrikli araç hamlesi,https://rotaborsa.com/?p=370699,
2a4cb64fa91e,CHINT-TOPCON-CELL-FACTORY,2025-11-14,other_news_source,joint venture and shareholders' agreement signed,Chint Group (Astronergy Europe GmbH),,,,,,,,,,,KAP (company disclosure),"Alfa Solar and Astronergy Europe signed a joint venture and shareholders' agreement on 14 November 2025 for an integrated wafer/cell plant in Balıkesir OSB with 2.5 GW initial capacity and about USD 200 million first-phase investment; ownership to become 50-50 after share transfers and capital increases, subject to approvals including the Competition Authority.",,Execution of a joint venture agreement between Alfa Solar and Astronergy Europe,https://kap.org.tr/en/Bildirim/1517113,
2a4cb64fa91e,CHINT-TOPCON-CELL-FACTORY,2025-11-21,other_news_source,joint venture with Alfa Solar reported,"Astronergy (Chint Group), via Astronergy Europe GmbH",,,,,,,,,,,Renewable Watch,"Alfa Solar and Astronergy Europe GmbH will each hold 50% of Astronergy Yüksek Teknoloji Enerji Sanayi ve Ticaret A.Ş., which will build an integrated wafer and cell plant in Balıkesir OSB with 2.5 GW in the first phase for about USD 200 million. The deal uses HIT-30 support and needs Competition Authority approval.",,Alfa Solar and Astronergy join forces for 2.5 GW manufacturing facility in Türkiye,https://renewablewatch.in/2025/11/21/alfa-solar-and-astronergy-join-forces-for-2-5-gw-manufacturing-facility-in-turkiye/,
c42c81a94929,ICBC-TEKSTILBANK,2025-11-21,other_news_source,clearing bank inaugurated; UnionPay cards launched,ICBC (ICBC Turkey Bank A.Ş.),,,,,,,,,,,CCPIT,"Turkey's first RMB clearing bank, run by ICBC Türkiye, was officially launched in Istanbul (Xinhua dateline 18 Nov) with PBoC and Turkish central bank and Treasury officials represented; alongside it ICBC and UnionPay introduced Turkey's first UnionPay multi-currency debit card and dual-currency credit card.",,"RMB clearing bank launched in Türkiye, marking milestone in China-Türkiye financial cooperation",https://en.ccpit.org/infoById/da5778fbc6a211f0bdf90242ac1a0702/4,
53fd78ffa8bf,JD-CECONOMY-MEDIAMARKT-TR,2025-11-27,other_news_source,Competition Board approved JD.com's acquisition of Ceconomy (decision 25-44/1104-623),"JD.com, Inc.",,,,,,,,,,,Rekabet Kurumu (Competition Authority),"Board decision of 27.11.2025 unanimously permitting JD.com, Inc. to acquire sole control of Ceconomy AG, parent of Media Markt Turkey and Xplace Dijital Çözüm; mentions JD's Turkish logistics unit Jingdong Türkiye.",,"Rekabet Kurulu Kararı – Dosya 2025-4-054, Karar 25-44/1104-623",https://www.rekabet.gov.tr/Karar?kararId=4c3fc6c5-5c31-421c-af53-5d19237809b5,
7f02096e4f08,BYD-MANISA-PLANT,2025-12-01,other_news_source,no construction on site,BYD,,,,,,,,,,,Karar (İHA),"İHA reports that no site set-up or foundation work has begun on the 1.6 million m2 plot in Akgedik, Manisa, for the USD 1bn, 150,000-unit plant promised to employ about 5,000.",,BYD Türkiye'yi oyalıyor mu? Fabrika bahane satış şahane,https://www.karar.com/ekonomi-haberleri/byd-turkiyeyi-oyaliyor-mu-manisadaki-fabrikanin-yerinde-yeller-esiyor-2011027,
7f02096e4f08,BYD-MANISA-PLANT,2025-12-01,other_news_source,no work on allocated site,BYD,,,,,,,,,,,Habertürk (İHA),"No site set-up, excavation or construction had started on the roughly 1.6 million m² plot reserved for BYD in Akgedik, Yunusemre (Manisa), while a factory was being built on the neighbouring plot.",,BYD'ye tahsis edilen fabrika sahasında yeller esiyor,https://yerel-haberler.haberturk.com/manisa-haberleri/bydye-tahsis-edilen-fabrika-sahasinda-yeller-esiyor-115614856,
321af10008a3,WASION-SATERA,2025-12-11,other_news_source,Competition Board approved Wasion Power's 20% stake in Satera (decision 25-46/1160-652),Wasion Power Company Limited (Wasion group),,,,,,,,,,,Rekabet Kurumu (Competition Authority),"Board decision of 11.12.2025 unanimously allowing Wasion Power Company Limited to acquire 20% of electricity-meter maker Satera Elektrik Elektronik; Satera to be jointly controlled by Mgtek (40%), Faal Danışmanlık (40%) and Wasion Power (20%); Wasion Power had no prior activity in Turkey.",,"Rekabet Kurulu Kararı – Dosya 2025-4-063, Karar 25-46/1160-652",https://www.rekabet.gov.tr/Karar?kararId=d816845f-6616-49bc-ae7b-1a9e247c76aa,
321af10008a3,WASION-SATERA,2025-12-11,other_news_source,Short decision listed by the Authority,Wasion Power Company Limited (Wasion group),,,,,,,,,,,Rekabet Kurumu (Competition Authority),The Authority's short-decision page states that the acquisition of a certain share of Satera Elektrik Elektronik by Wasion Power Company Limited was permitted (decision 25-46/1160-652 of 11.12.2025).,,Rekabet Kurumu - Satera Elektrik Elektronik Sanayi ve Ticaret AŞ,https://www.rekabet.gov.tr/tr/SonKurulKarari/e9db2041-a7dc-f011-93f3-0050568585c9,
2547df1383aa,URZAT-ESKISEHIR-SWM-JAC,2025-12-22,other_news_source,production started,SWM Motors (Shineray Group),,,,,,,,,,,Tamindir,"SWM began SKD/CKD production of the G01 Pro at the Urzat plant in Eskişehir, run by Atmo Group and Urzema Holding; sales start in January 2026 and JAC electric city cars are to follow on the same line.",,Çok Uygun Fiyata Yerli SUV: SWM Eskişehir'de Üretime Başladı!,https://www.tamindir.com/haber/swm-turkiye-eskisehir-uretime-basladi_103302/,
3ab94814315f,QITAIHE-POLYAK-EYNEZ,2025-12-25,other_news_source,Board: share purchase not subject to approval (decision 25-49/1202-BD),"Qitaihe Longcoal Mining Co., Ltd. (via Qitaihe Long Coal Mining Sanayi Ticaret L",,,,,,,,,,,Rekabet Kurumu (Competition Authority),"Short decision of 25.12.2025: the acquisition of part of the shares of Polyak Eynez by Qitaihe Long Coal Mining Sanayi Ticaret Ltd. Şti., a subsidiary of Qitaihe Longcoal Mining Co., Ltd., was found not to be subject to approval.",,Rekabet Kurumu - Polyak Eynez Enerji Üretim Madencilik Sanayi ve Ticaret AŞ,https://www.rekabet.gov.tr/tr/SonKurulKarari/bbc56f33-0fea-f011-93f4-0050568585c9,
23390c48bed2,ZS-EDIRNE-AUTOPARTS,2026-01-01,other_news_source,land allocation agreement signed,ZS Türkiye Automotive Spare Parts Limited Company (Chinese parent not named),,,,,,,,,,,Investment Office of the Presidency of Türkiye,"Reports that ZS Türkiye Automotive Spare Parts Limited Company signed a land allocation agreement at the Edirne Governorate for a 116,000 m² automotive spare-parts facility in the İpsala and Uzunköprü OSBs that is to create 1,660 jobs; no investment amount given.",,Türkiye Reinforces Investment Infrastructure through New Chinese FDI,https://www.invest.gov.tr/en/news/news-from-turkey/pages/turkiye-reinforces-investment-infrastructure-through-new-chinese-fdi.aspx,
98a1a3d09943,DONGFENG-VOYAH-TURKEY,2026-01-06,other_news_source,Voyah local production signalled,Dongfeng Motor (Voyah),,,,,,,,,,,CNBC-e,"Voyah's official account announced a local production move for the Voyah Free REV 318 in Turkey, saying the timetable is becoming clear; technical feasibility talks with a Chinese delegation are continuing.",,Bir Çinli otomobil markasından daha yerli üretim hamlesi: Türkiye'ye ne zaman geliyor? Dongfeng Voyah türkiye'de mi üretilecek? Dongfeng Voyah modelleri,https://www.cnbce.com/otomotiv/bir-cinli-otomobil-markasindan-daha-yerli-uretim-hamlesi-turkiyeye-ne-zaman-geliyor-dongfeng-voyah-turkiyede-mi-uretilecek-dongfeng-voyah-modelleri-h22516,
3ab94814315f,QITAIHE-POLYAK-EYNEZ,2026-01-06,other_news_source,share purchase,Qitaihe LongCoal Mining,,,,,,,,,,,Çakmak Avukatlık Ortaklığı (law firm announcement),Fina Holding sold its shares in Polyak Eynez Enerji Üretim Madencilik to the Turkish subsidiary of the Chinese mining group Qitaihe LongCoal; stake and value were not given.,,Çakmak acted as legal advisor to Fina Holding A.Ş. in connection with the sale of its shares in Polyak Eynez Enerji Üretim Madencilik San. ve Tic. A.Ş.,https://cakmak.av.tr/?p=14464,
98a1a3d09943,DONGFENG-VOYAH-TURKEY,2026-01-08,other_news_source,"distributor: talks, aim to start in 2026",Dongfeng Motor (Voyah),,,,,,,,,,,Türkiye Today,Marcar CEO Yavuz Çırak said the parties aim to start production in 2026; the investor is undisclosed under confidentiality but has secured production facilities; first model Voyah Free REV 318.,,"Dongfeng in talks to produce vehicles in Türkiye, aims to start production in 2026: Report",https://www.turkiyetoday.com/business/dongfeng-in-talks-to-produce-vehicles-in-turkiye-aims-to-start-production-in-2026-rep-3212593,
98a1a3d09943,DONGFENG-VOYAH-TURKEY,2026-01-09,other_news_source,"distributor: talks, no final decision",Dongfeng Motor (Voyah),,,,,,,,,,,Qatar Tribune (Reuters),"Marcar CEO Yavuz Çırak said on LinkedIn that Dongfeng is in talks with an investor to produce a hybrid passenger car in Turkey; the investor, whom he declined to name citing a confidentiality agreement, has secured a production facility, but a final investment decision is not guaranteed.",,China's Dongfeng in talks to produce cars in Turkiye: Distributor,https://www.qatar-tribune.com/article/213143/business/chinas-dongfeng-in-talks-to-produce-cars-in-turkiye-distributor,
2a4cb64fa91e,CHINT-TOPCON-CELL-FACTORY,2026-01-15,other_news_source,Competition Board approved joint control (decision 26-02/32-17),Chint Group (Astroenergy Europe GmbH),,,,,,,,,,,Rekabet Kurumu (Competition Authority),"Board decision of 15.01.2026 unanimously allowing Astronergy Yüksek Teknoloji Enerji San. ve Tic. AŞ to pass from the sole control of Astroenergy Europe GmbH (Chint Group) to joint control with Alfa Solar Enerji, under an agreement dated 14.11.2025; the company will produce solar cells and had no activity in Turkey yet.",,"Rekabet Kurulu Kararı – Dosya 2025-2-070, Karar 26-02/32-17",https://www.rekabet.gov.tr/Karar?kararId=e0d97d52-aaa9-4d14-a912-f6522ae55c00,
d189dfb34bd7,TEMU-TURKEY,2026-01-25,other_news_source,cross-border sales stopped; local stock only,Temu (PDD Holdings),,,,,,,,,,,DonanımHaber,"Temu disabled global shipping for Turkish users and now works only with local depot stock in Turkey, following a Competition Authority raid on its Istanbul office and the removal of the simplified customs procedure for items under EUR 30 from 6 February 2026.",,Temu ve Shein'den kritik Türkiye kararı: Yurt dışı alışverişler durduruldu,https://www.donanimhaber.com/temu-ve-shein-turkiye-ye-yurt-disi-alisverislerini-kapatti--201272,
d189dfb34bd7,TEMU-TURKEY,2026-01-26,other_news_source,cross-border sales stopped after raid,Temu (PDD Holdings),,,,,,,,,,,Medyascope,Temu suspended all international product sales to Turkey after a Competition Authority raid on 21 January; users can only see products from Turkey-based sellers.,,TEMU'nun ardından Shein da Türkiye satışlarını geçici olarak durdurdu,https://medyascope.tv/2026/01/26/temunun-ardindan-shein-da-turkiye-satislarini-gecici-olarak-durdurdu/,
d189dfb34bd7,TEMU-TURKEY,2026-01-26,other_news_source,cross-border imports stopped; marketplace limited to local sellers,Temu (PDD Holdings),,,,,,,,,,,Ekonomi Gazetesi,"Following Turkey's decision to end the EUR 30 exemption for cross-border e-commerce from 6 February 2026, Temu stopped all imports and limited its platform to products from producers and sellers in Turkey; it adds that Shein suspended Turkish sales.",,Çinli Temu tamamen 'yerli' oldu,https://www.ekonomigazetesi.com/sirket-haberleri/cinli-temu-tamamen-yerli-oldu-70825,
2547df1383aa,URZAT-ESKISEHIR-SWM-JAC,2026-02-06,other_news_source,Eskişehir-built model on sale,SWM (Shineray); JAC; with Urzema Holding and ATMO Group,,,,,,,,,,,Sanayi Gazetesi,"The Eskişehir-built SWM G01 Pro went on sale at dealers; the page says series production is done by Urzat Otomotiv, which it describes as set up in partnership between China's SWM Motors and ATMO Group.",Other reports describe Urzat as a venture of ATMO Group and Urzema Holding.,Eskişehir'de üretilen SWM G01 Pro bayilerde yerini aldı,https://sanayigazetesi.com.tr/eskisehirde-uretilen-swm-g01-pro-bayilerde-yerini-aldi/,
d6014666e630,CHERY-SAMSUN-PLANT,2026-03-02,other_news_source,no final decision,Chery (OMODA and JAECOO),,,,,,,,,,,Tamindir,The Turkey vice-president of Chery's OMODA and JAECOO brands said talks on manufacturing in Turkey continue but no final investment decision has been taken; no construction has begun and no contract has been signed.,,Chery Türkiye Fabrikası Ne Oldu? Türkiye Yatırımında Kritik Açıklama!,https://www.tamindir.com/haber/chery-turkiye-fabrikasi-ne-oldu-kritik-aciklama_106388/,
3eb26601c1e2,VULCOR-SOLI-BASBAS,2026-03-04,other_news_source,Plant reported 60% complete,Vulcor Soli (Netherlands–China joint venture; Chinese parent not named),,,,,,,,,,,Ekonomi Gazetesi,"Lists zone tenants; 'Hollanda-Çin ortak girişimi Vulcor Soli' has completed 60% of its plant, launch in H1 2026; zone has 500 employees and USD 12.8 million trade in 2025.",,"BASBAŞ'ta yatırımlar hızlandı, ihracat hedefi 3 kat arttı",https://www.ekonomigazetesi.com/sehirler/basbasta-yatirimlar-hizlandi-ihracat-hedefi-3-kat-artti-74106,
d3b2f63ec412,ZTE-NETAS,2026-03-11,other_news_source,2025 results,ZTE,,,,,,,,,,,Capital,"Netaş's 2025 sales rose 31% to TRY 12 billion (USD 305 million); it continued operations under the ZTE umbrella with the nubia brand, selling about 200,000 smartphones in Turkey and Kazakhstan.",,"Netaş, 2025 yıl sonu satış gelirlerini yüzde 31 artırarak 12 milyar TL'ye ulaştırdı",https://www.capital.com.tr/sirket-panosu/sirket-panosu-haberleri/netas-2025-yil-sonu-satis-gelirlerini-yuzde-31-artirarak-12-milyar-tlye-ulastirdi,
daba854568c8,HUAMING-BALIKESIR-TAPCHANGER,2026-03-17,other_news_source,operating,Huaming Power Equipment,,,,,,,,,,,Bamboo Works,An analysis of Huaming's Hong Kong listing notes that its existing factories in Turkey and Indonesia position it to raise its global market share.,The listing document dates production at the Turkish base to 2016.,Huaming rides power equipment boom to Hong Kong IPO,https://thebambooworks.com/huaming-rides-power-equipment-boom-to-hong-kong-ipo/,
6a4a8dd363f4,BEYLIKOVA-REE-CHINA,2026-03-18,other_news_source,2024 China memorandum recalled,PRC government / unnamed Chinese parties,,,,,,,,,,,Medyascope,"The page says Turkey signed a cooperation memorandum with China on mining and natural resources in 2024, and that the Beylikova pilot plant processes 1,200 tonnes a year but lacks separation technology. It also notes that Qitaihe LongCoal Mining says on its website that it has investment and joint management structures in Turkey.",,Nadir elementlerin köyü Beylikova: “Yetkililer bize niye danışacak ki?”,https://medyascope.tv/2026/03/18/beylikova-nadir-elementlerin-koyu/,
9ed859469dd8,REEDER-SAMSUN-CN-PARTNER,2026-03-18,other_news_source,first Wuling Bingo-based car assembled,Unnamed Chinese phone maker,,,,,,,,,,,Sanayi Gazetesi,Reeder announced that the first assembly in Samsun of a version based on the Wuling Bingo electric car had been completed; the car is to be sold through local assembly from supplied parts rather than direct import.,,Çin’de 100 bin satış yapan Wuling Bingo Türkiye’de montaj hattına girdi,https://sanayigazetesi.com.tr/cinde-100-bin-satis-yapan-wuling-bingo-turkiyede-montaj-hattina-girdi/,
f59889bee0c0,YADEA-TURKEY,2026-04-16,other_news_source,market entry and local production announced,Yadea,,,,,,,,,,,Bolsamanía (press release),"Yadea says it is entering Turkey with self-operated operations, started localised production in March 2026 and is setting up a nationwide sales and service network; it shows at Motorbike Istanbul on 22–25 April 2026.",,"Yadea Debuts at Motorbike Istanbul as World's Top Electric Two-Wheeler Brand, Entering Turkish Market",https://www.bolsamania.com/nota-de-prensa_print/mercados/yadea-debuts-at-motorbike-istanbul-as-worlds-top-electric-two-wheeler-brand-entering-turkish-market--22298662.html,
d6014666e630,CHERY-SAMSUN-PLANT,2026-04-17,other_news_source,site empty; UK option reported,Chery Automobile (Omoda & Jaecoo),,,,,,,,,,,DonanımHaber,The roughly 1.2 million m2 plot in Tekkeköy has stood empty for two years while Chery and Nissan hold contacts about Nissan's Sunderland plant; the page says talks may not end in a definite agreement.,,Chery'nin Türkiye yatırımında belirsizlik sürüyor: İngiltere seçeneği gündemde,https://www.donanimhaber.com/chery-nin-turkiye-yatiriminda-ingiltere-ihtimali-gundemde--204583,
2a4cb64fa91e,CHINT-TOPCON-CELL-FACTORY,2026-05-08,other_news_source,capital increase registered; 50/50 ownership established,Chint Group (Astronergy Europe GmbH),,,,,,,,,,,KAP (company disclosure),"After a share subscription agreement of 30 March 2026 and general assembly resolutions of 4 May 2026 registered on 8 May 2026, Alfa Solar and Astronergy Europe each hold 50% of Astronergy Yüksek Teknoloji; issued capital is TRY 973,441,400, of which Alfa Solar holds TRY 486,720,700 in Class B shares.",,Regarding the Capital Increase and Shareholding Structure of Astronergy,https://kap.org.tr/en/Bildirim/1603769,
0bc917c661a8,ALIBABA-TRENDYOL,2026-05-14,other_news_source,Competition Board approved acquisition (decision 26-18/558-208),Alibaba Group (via DSM Grup / DSM Turkey Elektronik Ticaret Hizmetleri ve Yatırı,,,,,,,,,,,Rekabet Kurumu (Competition Authority),"Short decision of 14.05.2026: all shares and sole control of Zip Finansman AŞ may be acquired by DSM Turkey Elektronik Ticaret Hizmetleri ve Yatırımları AŞ, a subsidiary of DSM Grup, ultimately controlled by Alibaba Group Holding Limited.",,Rekabet Kurumu - Zip Finansman AŞ,https://www.rekabet.gov.tr/tr/SonKurulKarari/58c4c928-2971-f111-93ed-0050568549fa,
041d55c3aac3,SAIC-MG-TURKEY-PLANT,2026-06-03,other_news_source,MG picks Spain,SAIC Motor (MG),,,,,,,,,,,LOG,"MG will build its first European plant in Galicia, Spain (EUR 200m, 120,000 units, production in 2028); the page recalls that the Turkish plan was hit by the 40% additional duty.",,"MG, Avrupa'daki ilk üretim tesisini İspanya'da kuracak",https://www.log.com.tr/?p=1013003,
041d55c3aac3,SAIC-MG-TURKEY-PLANT,2026-06-06,other_news_source,MG picks Spain instead of Turkey,SAIC Motor (MG),,,,,,,,,,,Yeni Akit,"MG chose the Ferrol / As Pontes sites in Galicia over Turkey, where talks had been held through Doğan Trend; first phase about EUR 200m, 120,000 vehicles a year, construction from 2027.",,BYD'den sonra Türkiye'ye bir ayıp daha: Gizlice başka ülkeyi seçtiler,https://www.yeniakit.com.tr/foto-galeri/bydden-sonra-turkiyeye-bir-ayip-daha-gizlice-baska-ulkeyi-sectiler-159504,
7f02096e4f08,BYD-MANISA-PLANT,2026-06-10,other_news_source,BYD says project on hold,BYD,,,,,,,,,,,Cumhuriyet,Stella Li told Reuters in London that Hungary is the first priority and a second European site the next; construction in Turkey never began and there is no timeline. The page cites an estimated penalty of about USD 1bn if terms are breached.,,BYD Türkiye'de fabrika kurma planını askıya aldı: Yatırım hamlesinde rota Avrupa'ya kırıldı,https://www.cumhuriyet.com.tr/ekonomi/byd-turkiye-de-fabrika-kurma-planini-askiya-aldi-yatirim-hamlesinde-rota-avrupa-ya-kirildi-2510915,
7f02096e4f08,BYD-MANISA-PLANT,2026-06-10,other_news_source,ministry: obligations and guarantees remain valid,BYD,,,,,,,,,,,Borsanın Gündemi,"The Industry and Technology Ministry said the investment agreement, BYD's obligations and the guarantees it gave the state remain valid, and that incentives must be repaid if a project is not completed; the page says BYD's incentives were suspended in early 2026.",,Bakanlıktan BYD açıklaması: Yükümlülükleri ve teminatları geçerli,https://www.borsaningundemi.com/haber/bakanliktan-byd-aciklamasi-yukumlulukleri-ve-teminatlari-gecerli-1897574,
7f02096e4f08,BYD-MANISA-PLANT,2026-06-11,other_news_source,reported suspended,BYD,,,,,,,,,,,Cumhuriyet,Two years after the July 2024 protocol BYD had not begun construction in Manisa and is reported to have suspended the 1bn USD investment; the article carries no statement from BYD or officials.,,"Manisa'da kurulacaktı, iki yıldır tek çivi çakılmadı: BYD 1 milyar dolarlık yatırımı neden askıya aldı?",https://www.cumhuriyet.com.tr/ekonomi/manisa-da-kurulacakti-iki-yildir-tek-civi-cakilmadi-byd-1-milyar-dolarlik-yatirimi-neden-askiya-aldi-2511207,
7f02096e4f08,BYD-MANISA-PLANT,2026-06-11,other_news_source,"reported suspended, no timeline",BYD,,,,,,,,,,,Dünya,"Stella Li is quoted (statements to Reuters): construction has not started, the project is on hold and there is no timeline for the start of production. The page gives the plan as about USD 1bn, 150,000 vehicles a year and 5,000 direct jobs, and BYD's 2025 Turkish sales as 45,537.",,"BYD'de belirsizlik derinleşti 'proje beklemede, takvim yok'",https://www.dunya.com/sektorler/otomotiv/bydde-belirsizlik-derinlesti-proje-beklemede-takvim-yok-haberi-828121,
7f02096e4f08,BYD-MANISA-PLANT,2026-06-11,other_news_source,suspension reported with claimed reasons,BYD,,,,,,,,,,,Sanayi Gazetesi,"The page says the USD 1 billion Manisa plant project was suspended and, citing Middle East Eye's Ragıp Soylu, attributes this to US pressure and a trust problem in Turkey–China relations; it presents these as claims.",,BYD'nin Türkiye yatırımını neden iptal ettiği belli oldu,https://sanayigazetesi.com.tr/bydnin-turkiye-yatirimini-neden-iptal-ettigi-belli-oldu/,
7f02096e4f08,BYD-MANISA-PLANT,2026-06-13,other_news_source,reported abandoned (column),BYD,,,,,,,,,,,Cumhuriyet,"Column stating BYD gave up its Turkish plant after the 8 July 2024 agreement: BYD's Stella Li told Reuters Hungary is the first priority, while the industry minister, who had insisted through late 2025 that the project was on track, spoke of 'risk management' by February 2026.",,Kapanan fabrika kapıları: BYD Türkiye'den neden vazgeçti? (I),https://www.cumhuriyet.com.tr/yazarlar/savaskan-iskefli/kapanan-fabrika-kapilari-byd-turkiye-den-neden-vazgecti-i-2511672,
5c2750c8c094,ZOOMLION-CIFA-TURKEY,2026-06-18,other_news_source,operating,Zoomlion,,,,,,,,,,,The Machine Maker,"Turkey is described as a key market for Zoomlion, which since setting up in Istanbul has built a nationwide network of branches and logistics facilities for sales, maintenance and spare parts.",,Zoomlion Accelerates Global Growth Through Localization Strategy,https://themachinemaker.com/news/zoomlion-accelerates-global-growth-through-localization-strategy/,
c42c81a94929,ICBC-TEKSTILBANK,2026-06-19,other_news_source,own ATMs to be taken out of service,ICBC,,,,,,,,,,,Sanayi Gazetesi,ICBC Bank Turkey told customers it would take its own ATMs out of service; customers meeting certain conditions can use other banks' ATMs free of charge.,,Dev bankadan Türkiye kararı: ATM’ler kapanıyor,https://sanayigazetesi.com.tr/dev-bankadan-turkiye-karari-atmler-kapaniyor/,
55a633af75d1,KAISHAN-IZMIR-COMPRESSOR,2026-06-28,other_news_source,factory opened,Kaishan Group,,,,,,,,,,,Yeni Asır,"Kaishan opened its first Turkish production plant, about 20,000 m², in the İzmir Free Zone, its third main base after Austria and the United States. It will make oil-injected screw compressors of 4–200 kW, target 3,000 units a year, and ship first to the US from September 2026.",,Çinli firmadan İzmir'e üretim üssü,https://www.yeniasir.com.tr/ekonomi/2026/06/28/cinli-firmadan-izmire-uretim-ussu,
de897c83e1ea,KAISHAN-GULPINAR-GEOTHERMAL,2026-06-29,other_news_source,earlier geothermal investments mentioned,Kaishan Group (via OME Eurasia),,,,,,,,,,,Ekonomi Gazetesi,"In a report on the İzmir factory opening, the page says Kaishan first entered Turkey in 2020 with geothermal energy investments in Manisa and Çanakkale.",,"Çinli Kaishan, İZBAŞ'ta üretime başladı",https://www.ekonomigazetesi.com/sirket-haberleri/cinin-kuresel-devi-kaishan-izbasta-uretime-basladi-82070,
55a633af75d1,KAISHAN-IZMIR-COMPRESSOR,2026-06-29,other_news_source,factory opened,Kaishan Group,,,,,,,,,,,Ekonomi Gazetesi,"Kaishan opened a 20,000 m² plant in the İzmir Free Zone, a USD 20 million investment completed in one year, making compressors and drilling equipment for geothermal plants. The chairman said Kaishan's investments in Turkey would grow; the page says Kaishan entered Turkey in 2020 with geothermal investments in Manisa and Çanakkale.",,"Çinli Kaishan, İZBAŞ'ta üretime başladı",https://www.ekonomigazetesi.com/sirket-haberleri/cinin-kuresel-devi-kaishan-izbasta-uretime-basladi-82070,
321e215735ea,AKSA-SINOSURE-GOLDWIND,2026-07-02,other_news_source,Sinosure-guaranteed loan signed for Mersin plant,"Sinosure (China Export & Credit Insurance Corporation), guarantor; Goldwind Inte",,,,,,,,,,,KAP (company disclosure),"Aksa Enerji signed a USD 124 million loan with BBVA's Hong Kong branch, guaranteed by Sinosure, with 12-year maturity and two years' grace, for its 100.08 MW storage-backed wind power investment in Mersin province.",,BBVA ile imzalanan kredi sözleşmesi hakkında,https://kap.org.tr/tr/api/BildirimPdf/1622771,
321e215735ea,AKSA-SINOSURE-GOLDWIND,2026-07-02,other_news_source,Sinosure-guaranteed loan reported,"Sinosure (China Export & Credit Insurance Corporation), guarantor; Goldwind Inte",,,,,,,,,,,Borsa Gündem,"Aksa Enerji obtained a USD 124 million, 12-year loan (2-year grace) from BBVA's Hong Kong branch under Sinosure guarantee for a 100.08 MW storage-backed renewable plant in Mersin; the company said the deal diversifies its funding geographically.",,Aksa Enerji'den 124 milyon dolarlık kredi sözleşmesi,https://www.borsagundem.com.tr/aksa-enerjiden-124-milyon-dolarlik-kredi-sozlesmesi,
d567428a8d4e,MIDEA-TEKA-TURKEY,2026-07-06,other_news_source,Toshiba white goods launched; local production under study,Midea Group,,,,,,,,,,,Ekonomim,"Midea-owned Toshiba white goods entered Turkey with about 30 products, sourced for now from Midea plants in Egypt and the Far East; feasibility studies are under way on producing at the İzmir plant Midea gained through Teka in 2025, which exports 89% of output.",,"Toshiba, pazar ve üretim gücü cazibesiyle Türkiye pazarına iddialı giriş yaptı",https://www.ekonomim.com/sirketler/toshiba-pazar-ve-uretim-otomotiv-gucu-cazibesiyle-turkiye-pazarina-iddiali-giris-yapti-haberi-904292,
7f02096e4f08,BYD-MANISA-PLANT,2026-07-17,other_news_source,legal process to recover incentives and land,BYD,,,,,,,,,,,Borsanın Gündemi,"In written answers to MPs, Minister Kacır confirmed that a legal process is being started: cancellation of tax advantages, collection of unpaid taxes with interest, taking back the Manisa OSB land and calling the guarantee letters.",,Hukuki süreç başlatılıyor: BYD'ye ceza geliyor,https://www.borsaningundemi.com/haber/hukuki-surec-baslatiliyor-bydye-ceza-geliyor-1902030,
7f02096e4f08,BYD-MANISA-PLANT,2026-07-19,other_news_source,ministry: incentives to be recovered if cancelled,BYD,,,,,,,,,,,Sanayi Gazetesi,"The Industry Ministry said that if the investment commitments are not met, the support given under the project-based incentive scheme will be taken back with legal interest; the exemption from the 40% additional duty on BYD's imported cars is also expected to be cancelled.",,BYD'nin Manisa yatırımını iptal etmesi halinde teşvikler faiziyle geri alınacak,https://sanayigazetesi.com.tr/bydnin-manisa-yatirimini-iptal-etmesi-halinde-tesvikler-faiziyle-geri-alinacak/,
98a1a3d09943,DONGFENG-VOYAH-TURKEY,2026-07-22,other_news_source,Kocaeli named; feasibility continuing,Dongfeng Motor (Voyah),,,,,,,,,,,Timeturk,"Voyah is described as pursuing a 'produce first, then sell' strategy with local production planned in Kocaeli; feasibility and technical studies are continuing and no date is given.",,"Voyah Passion S, Türkiye'ye Göz Kırptı",https://www.timeturk.com/voyah-passion-s-turkiyeye-goz-kirpti,
0bc917c661a8,ALIBABA-TRENDYOL,2026-07-23,other_news_source,Board exempted the Trendyol–Uber commercial agreement (decision 26-26/744-304),"Alibaba Group (seller, via DSM Grup / Trendyol)",,,,,,,,,,,Rekabet Kurumu (Competition Authority),"Decision of 23.07.2026: the commercial agreement between DSM Grup (Trendyol) and Uber Holding B.V. is granted an individual exemption for four years from its effective date, 17.06.2025.",,Rekabet Kurumu - DSM Grup Danışmanlık İletişim ve Satış Tic. AŞ - Uber International Holding B.V.,https://www.rekabet.gov.tr/tr/SonKurulKarari/ccb9681c-d48f-f111-9400-0050568585c9,
d567428a8d4e,MIDEA-TEKA-TURKEY,2026-07-24,other_news_source,regional HQ role and factory under consideration reported,Midea Group,,,,,,,,,,,Ekonomist,"The page says Midea has begun managing its regional operations from Turkey, targets fivefold growth in five years after the Teka acquisition, and that a new factory investment is still on the agenda; the page names Europe, the Middle East, North Africa and Central Asia only as Turkey's geographic intersection.",,Türkiye'nin markalar için 'bölgesel üs' rolü artıyor,https://www.ekonomist.com.tr/makale/turkiye-nin-markalar-icin-bolgesel-us-rolu-artiyor-77147,
b8ad49ec2f97,YEO-GREATPOWER-TUZLA,2026-07-27,other_news_source,Reap Batarya Tuzla plant supplying storage systems,"Great Power (Guangzhou Great Power Energy & Technology), 49%",,,,,,,,,,,CNBC-e,"YEO Teknoloji will supply 37.3 MWh of battery storage systems to Ova Enerji, to be made at the Tuzla, Istanbul facility of Reap Batarya Teknolojileri A.Ş., described as YEO's 100% subsidiary; Great Power is not mentioned.",,Borsanın dev teknoloji şirketinden batarya anlaşması: KAP'a duyuruldu,https://www.cnbce.com/borsa/borsanin-dev-teknoloji-sirketinden-batarya-anlasmasi-kapa-duyuruldu-h33874,
c0e53af2cfaf,CN-WIND-BLADE-AYDIN-BANDIRMA,2026-07-28,other_news_source,Site selection between Çine and Bandırma; EUR 300 million plan,Unnamed Chinese wind turbine manufacturer,,,,,,,,,,,Yeni Akit,"Unnamed Chinese wind turbine maker; about EUR 300 million blade plant on 125,000+ m², about 600 direct jobs, 65% local content; Çine OSB preferred, Bandırma OSB alternative; decision due end of August 2026.",,"BYD gelmedi, Türkiye'ye onlar geliyor: Çılgın yatırım için 300 milyon avroyu masaya koydular",https://www.yeniakit.com.tr/foto-galeri/byd-gelmedi-turkiyeye-onlar-geliyor-cilgin-yatirim-icin-300-milyon-avroyu-masaya-koydular-167751,
c0e53af2cfaf,CN-WIND-BLADE-AYDIN-BANDIRMA,2026-07-29,other_news_source,site selection reported,Unnamed China-based wind turbine manufacturer,,,,,,,,,,,Yeni Birlik,"An unnamed Chinese wind turbine maker plans a blade factory of about EUR 300 million and over 125,000 m², with about 600 direct jobs and at least 65% local content. Çine OSB (Aydın) and Bandırma OSB (Balıkesir) are the candidates, Çine being favoured; a decision is expected by the end of August 2026.",,Çinli rüzgar devinden Türkiye'ye 300 milyon avroluk yatırım hamlesi,https://www.gazetebirlik.com/ekonomi/300-milyon-euroluk-yatirim-turkiyeyi-sectiler/1052452,
c0e53af2cfaf,CN-WIND-BLADE-AYDIN-BANDIRMA,2026-07-31,other_news_source,site selection reported,Unnamed China-based wind turbine manufacturer,,,,,,,,,,,Ensonhaber,"A China-based wind turbine manufacturer, not named, is weighing Çine OSB and Bandırma OSB for a plant of about EUR 300 million and more than 125,000 m² with 600 direct jobs. Company representatives carried out technical studies at both zones and a final decision is expected at the end of August 2026.",,300 milyon euroluk dev yatırım hamlesi iki ilimizi karşı karşıya getirdi,https://www.ensonhaber.com/300-milyon-euroluk-dev-yatirim-hamlesi-iki-ilimizi-karsi-karsiya-getirdi-h1554052,
c0e53af2cfaf,CN-WIND-BLADE-AYDIN-BANDIRMA,2026-07-31,other_news_source,site selection reported,Unnamed China-based wind turbine manufacturer,,,,,,,,,,,Yeniçağ,"Citing İHA, the page says an unnamed Chinese firm is looking at Bandırma and Çine OSB for a EUR 300 million wind turbine blade plant with about 600 jobs, with a decision expected by the end of August 2026.",,Çinli şirket Türkiye'de yer arıyor: Milyonluk yatırım için iki il karşı karşıya,https://www.yenicaggazetesi.com/cinli-sirket-turkiyede-yer-ariyor-milyonluk-yatirim-icin-iki-il-karsi-karsiya-1057393h.htm,
c0e53af2cfaf,CN-WIND-BLADE-AYDIN-BANDIRMA,2026-07-31,other_news_source,site selection reported,Unnamed China-based wind turbine manufacturer,,,,,,,,,,,Yeni Birlik,"An unnamed China-based wind turbine maker is considering Çine OSB and Bandırma OSB for a EUR 300 million plant of over 125,000 m² with 600 direct jobs; the company delegation prepared feasibility reports on infrastructure and logistics.",,600 Kişiye ekmek kapısı olacak! dünya devi türkiye'de fabrika kuruyor,https://www.gazetebirlik.com/genel/600-kisiye-ekmek-kapisi-olacak-dunya-devi-turkiyede-fabrika-kuruyor/1055187,
2a4cb64fa91e,CHINT-TOPCON-CELL-FACTORY,2026-08-06,other_news_source,construction about 90% complete,"Astronergy (Chint Group), via Astronergy Europe GmbH",,,,,,,,,,,KAP (Alfa Solar Enerji disclosure),Alfa Solar says construction of the integrated wafer and cell plant it is building with Germany-based Astronergy Europe GmbH in Balıkesir OSB is about 90% complete and production is planned to start in the first quarter of 2027. It refers to its earlier disclosure of 14 November 2025.,,Hücre Üretim Yatırım Süreci Hakkında,https://kap.org.tr/tr/api/BildirimPdf/1644555,
b21ef4a7a1a8,HUNUTLU-EMBA-SHANGHAI-ELECTRIC,2026-08-07,other_news_source,operating; new solar projects mentioned,"Shanghai Electric Power (SPIC group), via EMBA Elektrik Üretim",,,,,,,,,,,China Daily,"SPIC's EMBA Elektrik Üretim says the Hunutlu plant (about USD 1.6 billion, 2 × 660 MW) has run over 8,000 hours a year for three years and provides over 700 local jobs. It lists a 'thermal power + new energy' strategy including a 65.78 MW Rixos Hotel solar BOT project.",,Fifty-five years of joint endeavor: a new journey of energy cooperation along the Silk Road,https://subsites.chinadaily.com.cn/en/2026-08/07/c_1203048.htm,
6bc3c7aab26d,SPIC-RIXOS-PV-BOT,2026-08-07,other_news_source,65.78 MW Rixos Hotel PV BOT project listed in portfolio,SPIC (via EMBA / Shanghai Electric Power),,,,,,,,,,,China Daily (Global Business Special),Names a 65.78 MW 'Rixos Hotel PV Project' (BOT) in the investment portfolio; mentions PV on vacant land and rooftops; no site or status.,,Fifty-five years of joint endeavor: a new journey of energy cooperation along the Silk Road,https://subsites.chinadaily.com.cn/en/2026-08/07/c_1203048.htm,
321e215735ea,AKSA-SINOSURE-GOLDWIND,2026-08-11,other_news_source,Goldwind turbine supply and installation contract (Manisa),"Sinosure (China Export & Credit Insurance Corporation), guarantor; Goldwind Inte",,,,,,,,,,,KAP (company disclosure),"Aksa Yenilenebilir Enerji Üretim A.Ş., wholly owned by Aksa Enerji, signed a contract with Goldwind International Renewable Energy Limited and Goldwind Turkey Enerji A.Ş. for supply, delivery and installation of all turbines of the Manisa storage-backed wind plant (82.16 MWe / 88 MWm, 90.5749 MWh storage); first turbines due in operation in May 2027.",,Manisa Depolamalı Rüzgar Enerjisi Santrali'ne İlişkin Tedarik Sözleşmesi Hakkında,https://kap.org.tr/tr/api/BildirimPdf/1647722,
d3b2f63ec412,ZTE-NETAS,2026-08-25,other_news_source,300% rights issue decided,ZTE,,,,,,,,,,,Borsanın Gündemi,"Netaş decided to raise its paid-in capital by 300% in cash, from TRY 64.86 million to TRY 259.46 million, with pre-emptive rights not restricted, and applied to the Capital Markets Board on 25 August 2026.",,Netaş'tan yüzde 300 bedelli sermaye artırımı kararı,https://www.borsaningundemi.com/haber/netastan-yuzde-300-bedelli-sermaye-artirimi-karari-1906084,
b6dec86814e8,THIRD-NPP-SNPTC,2026-09-03,other_news_source,no final agreement; focus back on Russia,SPIC (State Power Investment Corp.) / State Nuclear Power Technology,,,,,,,,,,,Aydınlık,The page recalls that in March 2024 talks on Thrace were mainly with China and that in May 2024 the minister spoke of a very serious stage with SPIC. It says the minister later confirmed there is no final agreement for Sinop or Thrace and that the President signalled further plants with Russia.,,Nükleerde rota yeniden Rusya,https://www.aydinlik.com.tr/haber/nukleerde-rota-yeniden-rusya-588672,
7f02096e4f08,BYD-MANISA-PLANT,2026-09-07,other_news_source,reported cancelled,BYD,,,,,,,,,,,Yeniçağ,"Citing Patronlar Dünyası, says BYD cancelled the Manisa factory: despite incentives and allocated land nothing was built in two years and no groundbreaking was held; BYD's Pakistan and Hungary plants are also said to be delayed.",,Manisalıları üzmüştü: Çinli şirketin yurt dışı yatırımları tıkandı,https://www.yenicaggazetesi.com/manisalilari-uzmustu-cinli-sirketin-yurt-disi-yatirimlari-tikandi-1069219h.htm,
d7cc95cdd914,GOTION-ALARKO-BATTERY,2026-09-07,other_news_source,status reported: investment under way,"Gotion (via Gotion Singapore Pte Ltd), 40%",,,,,,,,,,,Ekonomi Gazetesi,"Alarko Gotion Green Energy was established in 2025 (Alarko 60%, Gotion 40%); the first phase is expected within nine months of the investment starting and the cell plant in 24-30 months; about 600 direct jobs and exports to 69 countries are targeted.",,Altek Alarko'dan batarya hamlesi: Hedef 69 ülkeye ihracat,https://www.ekonomigazetesi.com/kose-yazisi/altek-alarkodan-batarya-hamlesi-hedef-69-ulkeye-ihracat-86955,
2d36c408cf43,BASBAS-CN-FIRMS-TALKS,2026-09-09,other_news_source,Zone has 7 active investors; no Chinese firm named,Unnamed Chinese firms,,,,,,,,,,,Yeni Asır,"7 active investors, 12 targeted by year-end; talks with 10 large domestic and foreign investors, names withheld; no Chinese firm mentioned.",,"BASBAŞ, bölgenin üretim üssü olacak",https://www.yeniasir.com.tr/ekonomi/2026/09/09/basbas-bolgenin-uretim-ussu-olacak,
36deebafda0d,HONOR-SALCOMP-AVCILAR,2026-09-12,other_news_source,production decision reported,Honor,,,,,,,,,,,İnternethaber,"According to sector sources, Honor's local production will be carried out in Istanbul's Avcılar district and is planned in cooperation with Salcomp; no figures or dates are given.",,Telefon markası Honor Türkiye'de üretime başlıyor,https://www.internethaber.com/telefon-markasi-honor-turkiyede-uretime-basliyor-foto-galerisi-2459134.htm,
36deebafda0d,HONOR-SALCOMP-AVCILAR,2026-09-12,other_news_source,production decision reported,Honor,,,,,,,,,,,Halk TV,"Says Chinese Honor has decided to start production in Istanbul Avcılar in cooperation with Salcomp, attributed to sector sources; no amount, capacity or jobs.",,Türkiye'ye yeni fabrika kuruluyor: Çinli telefon devi geliyor,https://halktv.com.tr/ekonomi/turkiyeye-yeni-fabrika-kuruluyor-cinli-telefon-devi-geliyor-1054609h,
36deebafda0d,HONOR-SALCOMP-AVCILAR,2026-09-12,other_news_source,production decision reported,Honor,,,,,,,,,,,İşçi Haber,"Reports that Honor will produce mobile phones in Avcılar, Istanbul with Salcomp and that Honor aims to double its smartphone sales year on year.",,"Çinli teknoloji devi Honor, üretim için İstanbul'u tercih etti",https://www.iscihaber.net/teknoloji/cinli-teknoloji-devi-honor-uretim-icin-istanbulu-tercih-etti/262568,
19ae07d39355,AIR-CHINA-ISTANBUL,2026-09-17,other_news_source,codeshare extended,Air China,,,,,,,,,,,Foreks,"Turkish Airlines and Air China widened their codeshare, which began in June 2024 on Istanbul–Beijing flights, to all direct trunk flights between the two countries, with onward connections via Beijing and Istanbul.",,Türk Hava Yolları ve Air China kod paylaşım anlaşmasını genişletti,https://www.foreks.com/haber/detay/6aabaf86859c7352877436a0/FRKS/tr/turk-hava-yollari-ve-air-china-kod-paylasim-anlasmasini-genisletti-17-09-26/,
97caffcb785e,LIMAK-DOGU-SINOMA-POWER,2026-09-17,other_news_source,EPC negotiations for 50 MWe project near signing,Sinoma Overseas Development Co. Ltd. (Sinoma / CNBM),,,,,,,,,,,Foreks,LMKDC said EPC negotiations with Sinoma Overseas Development for a 50 MWe unlicensed electricity generation application are going well and preparations for signing are under way; it lifted the disclosure postponement decided on 16 June 2026.,,"Limak Doğu Anadolu Çimento, Sinoma Overseas Development ile EPC sözleşme görüşmelerinin olumlu seyrettiğini bildirdi",https://www.foreks.com/haber/detay/6aab742924008d7d43732db8/FRKS/tr/limak-dogu-anadolu-cimento-sinoma-overseas-development-ile-epc-sozlesme-gorusmelerinin-olumlu-seyrettigini-bildirdi-17-09-26/,
97caffcb785e,LIMAK-DOGU-SINOMA-POWER,2026-09-17,other_news_source,EPC negotiations for 50 MWe project near signing,Sinoma Overseas Development Co. Ltd. (Sinoma / CNBM),,,,,,,,,,,Hisse.net,LMKDC disclosed that EPC talks with Sinoma Overseas Development for a 50 MWe unlicensed power generation project are positive and moving toward signing; no amount or location is given.,,Limak Çimento LMKDC'den yeni yatırım açıklaması!,https://www.hisse.net/haber/amp/limak-cimento-lmkdc-den-yeni-yatirim-aciklamasi-96554,
